Nombre,"Nombre de usuario","Última actividad",Registro,"Correo electrónico",Pedidos,"Gasto total",VMP,"País / Región",Ciudad,Región,"Código postal"
"Lorena Buendía Barros","lorena.buendia barros",2026-09-10T19:43:36,2026-03-10T15:44:11,lorenabb92@hotmail.com,1,2100.00,2100.00,PE,Lima,LMA,
"Luis Felipe Villavicencio Lopez","luis felipe.villavicencio lopez",2026-09-01T22:02:18,2026-09-01T16:04:35,compragreenline@vilcongroup.com,1,7200.00,7200.00,PE,LIMA,LMA,
"EROS AREVALO",eros.arevalo,2026-09-01T15:22:46,2026-08-26T10:25:03,erosgx2009@gmail.com,1,115.00,115.00,PE,Distrito,LMA,
"jean franco ruiz lara","jean franco.ruiz lara",2026-08-30T08:00:18,2026-08-24T16:20:08,franco_14rl@hotmail.com,1,3600.00,3600.00,PE,Lima,LMA,
"Nilmar Fabiola",nilmar.fabiola,2026-08-28T18:09:52,2026-08-27T19:52:50,nilmarfabiolaquinteromendoza@gmail.com,1,3700.00,3700.00,PE,Chorrillos,LMA,
"Milenio Huaman Hinostroza","milenio.huaman hinostroza",2026-08-27T15:34:14,2026-08-27T09:49:13,sirmilenio@gmail.com,1,960.00,960.00,PE,"La Molina",LMA,
"andres Romero vargas","andres.romero vargas",2026-08-27T04:42:23,2026-08-26T23:42:22,afromero98@gmail.com,1,3700.00,3700.00,PE,Breña,LMA,
"Abel Wilson VersedCmE","abel wilson.versedcme",2026-08-24T17:57:19,2026-08-24T12:57:18,abel08062005@gmail.com,1,7500.00,7500.00,PE,Lima,LMA,
"Kevin Imanol Hernandez Bernaola","kevin imanol.hernandez bernaola",2026-08-21T18:01:20,2026-08-19T00:40:55,kevinhernandezbernaola2008@gmail.com,1,3700.00,3700.00,PE,Lima,LMA,
"Josue Perez Caldas","josue.perez caldas",2026-08-20T17:44:20,2026-08-20T10:23:11,josueperezcaldas@gmail.com,1,110.00,110.00,PE,Lima,LMA,
"ROBERT JASON CHIRINOS SARAVIA","robert jason.chirinos saravia",2026-08-19T21:33:46,2026-08-19T16:28:20,ryg.jordan.eirl@gmail.com,1,7300.00,7300.00,PE,"San Martin De Porres",LMA,
"Gian Marco Portugal Jurkic","gian marco.portugal jurkic",2026-08-19T16:35:35,2026-08-18T14:34:11,gianmpj@gmail.com,1,950.00,950.00,PE,"Lima/La Molina",LMA,
"Chantal Chalco",chantal.chalco,2026-08-19T15:09:17,2026-08-18T23:13:36,chalcocalderon@gmail.com,1,75.00,75.00,PE,Lima,LMA,
"Bryant smith Obando luque","bryant smith.obando luque",2026-08-17T19:07:05,2026-08-17T12:22:49,bryantsmithobandoluque@gmail.com,1,230.00,230.00,PE,Lima,LMA,
"Cesar Tello Aguilar","cesar.tello aguilar",2026-08-14T04:24:37,2026-08-13T23:24:36,cesartelloaguilar@gmail.com,1,75.00,75.00,PE,"Villa María Del Triunfo",LMA,
"Elizangela Bautista Holguino","elizangela.bautista holguino",2026-08-12T03:41:31,2026-08-11T07:51:42,elizangelabautista4@gmail.com,1,110.00,110.00,PE,Lima,LIM,
"Roni Perez Guerra","roni.perez guerra",2026-08-11T16:44:53,2026-08-11T11:44:52,rony.perezguerra@gmail.com,1,150.00,150.00,PE,Chorrillos,LMA,
"MIRELLA NATHALY HUAMAN FAJARDO","mirella nathaly.huaman fajardo",2026-08-10T13:25:53,2026-08-10T06:34:49,mirella.hf27@gmail.com,1,110.00,110.00,PE,"San Martin de Porres / Lima",LMA,
"Snnaider Samuel Ramirez Díaz","snnaider samuel.ramirez diaz",2026-08-08T22:21:08,2026-08-08T17:21:07,sramirezd@sda.edu.pe,1,160.00,160.00,PE,Callao,CAL,
"Gonzalo Camayo",gonzalo.camayo,2026-08-08T15:47:09,2026-08-05T12:12:00,gonzalo27aranda@gmail.com,1,110.00,110.00,PE,"San Miguel",LMA,
"María Gracia Morales Maldonado","maria gracia.morales maldonado",2026-08-03T15:42:05,2023-06-07T11:36:26,alexielvidam@gmail.com,1,3450.00,3450.00,PE,"La Molina",LIM,
"Mijail Wies yacolca","mijail.wies yacolca",2026-08-01T01:18:16,2026-07-31T20:12:07,kavas_88@hotmail.com,2,10400.00,5200.00,PE,Lima,LMA,
"Jho Cali",jho.cali,2026-07-26T17:51:14,2026-07-26T12:51:12,jhonpatrickcg@gmail.com,1,2300.00,2300.00,PE,"Cercado De Lima",LMA,
"Vilma Fernandez",vilma.fernandez,2026-07-24T15:10:49,2022-03-27T02:24:45,fervil111@hotmail.com,1,4000.00,4000.00,PE,"San Juan de lurigancho",LIM,
"luis sanchez dedios","luis.sanchez dedios",2026-07-24T00:47:04,2022-03-26T03:13:12,lasd_ime@yahoo.es,1,4600.00,4600.00,PE,"San Juan de Lurigancho",LIM,
"Cristhian Suncion",cristhian.suncion,2026-07-22T19:46:25,2026-07-22T14:34:25,csuncion91@outlook.com,1,2100.00,2100.00,PE,"Magdalena de Mar",LMA,
"Jesus angel Saldaña vilchez","jesus angel.saldana vilchez",2026-07-22T15:01:35,2026-07-21T18:13:58,angelsalda2000@gmail.com,1,3700.00,3700.00,PE,Lima,LMA,
"Cristian Agüero",cristian.aguero,2026-07-20T23:46:28,2026-07-19T20:11:52,caguero@asociacionpataz.org.pe,1,4200.00,4200.00,PE,Trujillo,LAL,
"Nancy Grados",nancy.grados,2026-07-19T23:32:34,2026-07-19T18:32:33,pajares.gradosn24@gmail.com,1,2100.00,2100.00,PE,Callao,CAL,
"Carlos Erick Orlando Guerrero Panana","carlos erick orlando.guerrero panana",2026-07-18T17:16:15,2026-07-17T18:45:08,carloserickgp@gmail.com,1,2100.00,2100.00,PE,Surquillo,LMA,
"Ludy Ñaña Solier","ludy.nana solier",2026-07-17T04:18:06,2026-07-16T23:18:05,ludysolier20@hotmail.com,1,3700.00,3700.00,PE,Ayacucho,AYA,
"ESTHER CAROLINA MALUQUISH MENDOZA","esther carolina.maluquish mendoza",2026-07-16T18:12:05,2026-07-16T11:38:48,ecmaluquish@gmail.com,1,2100.00,2100.00,PE,"San Borja",LMA,
"Jair Capcha Caycho","jair.capcha caycho",2026-07-12T19:32:53,2026-07-11T20:33:51,derekariasr2010@gmail.com,1,5200.00,5200.00,PE,Lima,LMA,
"Julia Andrea Cabrera Zapata","julia andrea.cabrera zapata",2026-07-09T20:05:14,2026-06-30T23:08:36,cabrezapa@gmail.com,1,75.00,75.00,PE,"Rimac Lima",LMA,
"Edgar Joel Mogollón Juárez","edgar joel.mogollon juarez",2026-07-08T23:59:00,2026-07-08T15:14:22,edgarjoel.96@gmail.com,1,3600.00,3600.00,PE,"San Borja",LMA,
"Percy Sifuentes diaz","percy.sifuentes diaz",2026-07-08T03:07:22,2026-07-04T16:46:26,percysifuentesdiaz@gmail.com,1,160.00,160.00,PE,Talara,PIU,
"dann aguirre espinoza","dann.aguirre espinoza",2026-07-07T18:15:33,2026-07-07T13:15:31,cristhespinoza2023@gmail.com,1,3500.00,3500.00,PE,callao,CAL,
"Maria Teresa Saavedra Tovar","maria teresa.saavedra tovar",2026-07-06T22:56:34,2026-07-04T18:43:32,mariate.s.tovar@gmail.com,1,2100.00,2100.00,PE,"San Miguel",LMA,
"Valeria solamgel Mamani Llano","valeria solamgel.mamani llano",2026-07-06T14:46:26,2026-07-06T09:40:09,solangel.aqp@gmail.com,1,4200.00,4200.00,PE,"Pedregal- Majes",ARE,
"Victor Bautista",victor.bautista,2026-07-06T12:30:41,2026-06-30T22:32:12,vvbb80@hotmail.com,1,160.00,160.00,PE,"Jesús María",LMA,
"Jonathan Arriola",jonathan.arriola,2026-07-04T21:47:13,2026-03-23T11:59:44,maya25aliaga@gmail.com,2,5700.00,2850.00,PE,"Distrito de Rímac",LIM,
"Pedro Melendez Giha","pedro.melendez giha",2026-07-04T05:02:15,2026-07-04T00:02:14,Pedro.MelendezgmG@gmail.com,1,2100.00,2100.00,PE,LIMA,LMA,
"Ketty Marly Aguirre Torres","ketty marly.aguirre torres",2026-07-02T23:38:34,2026-06-26T17:53:31,kaguirre.qf@gmail.com,1,75.00,75.00,PE,Ate,LMA,
"braulio jaramillo condezo","braulio.jaramillo condezo",2026-07-02T15:31:23,2026-07-01T12:25:55,bjaramillo@ottoware.pe,1,3700.00,3700.00,PE,lima,LMA,
"yoshi trujillo valencia","yoshi.trujillo valencia",2026-06-30T20:53:01,2026-06-30T15:53:00,yoshi.trujillo2512@gmail.com,1,85.00,85.00,PE,"Av. Los Pinos 1602 - Comas",LMA,
"Joaquín Perez",joaquin.perez,2026-06-30T01:07:52,2026-06-24T03:39:03,williangil242@gmail.com,1,2300.00,2300.00,PE,Lima,LMA,
"Luis levano",luis.levano,2026-06-29T22:56:31,2026-06-29T17:45:29,luis.levano.ch@gmail.com,1,2600.00,2600.00,PE,"San Martin De Porres",LMA,
"Orlando Moreno Bernaola","orlando.moreno bernaola",2026-06-29T20:30:00,2024-02-01T16:36:57,or_mobe61@outlook.com,1,1170.00,1170.00,PE,Barranco,LMA,
"Sandro Crespo Gómez","sandro.crespo gomez",2026-06-29T08:16:13,2026-06-28T21:26:23,sandroscrespog@gmail.com,1,4200.00,4200.00,PE,Lima,LMA,
"123 123",123.123,2026-06-26T20:21:03,2026-06-18T14:27:31,123@gmail.com,1,2100.00,2100.00,PE,123,ANC,
"César Augusto Cornejo Tasayco","cesar augusto.cornejo tasayco",2026-06-26T02:37:09,2026-06-25T21:37:08,cesarcornejo2024@gmail.com,1,110.00,110.00,PE,Lima,LMA,
"Emma muriel Villalta calderon","emma muriel.villalta calderon",2026-06-26T01:52:03,2026-06-25T20:52:01,amnavica@gmail.com,1,3200.00,3200.00,PE,Trujillo,LAL,
"KAREN FERNANDEZ",karen.fernandez,2026-06-25T22:51:08,2026-06-25T17:51:07,afernandezkaren@uss.edu.pe,1,360.00,360.00,PE,"chiclayo - distrito jose leonardo ortiz",LAM,
"Lourdes Casaverde",lourdes.casaverde,2026-06-23T17:24:23,2024-03-30T17:47:24,lourdescasaverde@gmail.com,2,3649.00,1824.50,PE,lima,LMA,
"Abdiel Esteban Chalco Galindo","abdiel esteban.chalco galindo",2026-06-22T21:09:10,2026-06-21T14:38:20,estebanchalco21@gmail.com,1,3600.00,3600.00,PE,Callao,CAL,
"Luz Caipo",luz.caipo,2026-06-21T00:36:47,2026-06-20T19:36:46,yomaira650@gmail.com,1,110.00,110.00,PE,Lima,LMA,
"nicolle mamani",nicolle.mamani,2026-06-18T19:47:37,2026-06-12T17:46:43,Nicollemamani1701@hotmail.com,1,3700.00,3700.00,PE,Lima,LMA,
"JAVIER BARRIO DE MENDOZA","javier.barrio de mendoza",2026-06-18T17:27:05,2026-06-05T23:23:33,javi_bdm@icloud.com,1,4200.00,4200.00,PE,LIMA,LMA,
"ALBERTO GERMAN SEVERINO PULGAR SEDO","alberto german severino.pulgar sedo",2026-06-17T23:47:24,2026-06-11T19:15:42,albertopulgar08@gmail.com,1,3700.00,3700.00,PE,Lima,LMA,
"Juan Allhuirca Huaracha","juan.allhuirca huaracha",2026-06-17T20:29:15,2026-06-03T16:36:54,j.allhuirca@msinmobiliaria.pe,1,3700.00,3700.00,PE,LIMA,LMA,
"Solange Natalie Torrejon Valderrama","solange natalie.torrejon valderrama",2026-06-16T19:06:18,2026-06-16T14:06:17,solangetorrejon12@gmail.com,1,3810.00,3810.00,PE,Lima,LMA,
"Leslie León Pinillos","leslie.leon pinillos",2026-06-11T22:34:43,2026-06-11T16:35:54,publicals@hotmail.com,1,5200.00,5200.00,PE,"Lima, Los Olivos",LMA,
"Nayeli Abigail Gutierrez Casas","nayeli abigail.gutierrez casas",2026-06-09T22:49:14,2026-06-05T12:45:22,abigutcas@gmail.com,1,3700.00,3700.00,PE,"Lima/ villa el Salvador",LMA,
"Diana Torres",diana.torres,2026-06-09T17:44:46,2026-06-09T12:44:44,diana.torres@pucp.pe,1,75.00,75.00,PE,Lima,LMA,
"Fabian Beoutis",fabian.beoutis,2026-06-07T21:18:00,2026-06-02T13:10:05,fabianbeoutis@gmail.com,1,5200.00,5200.00,PE,"SANTIAGO DE SURCO",LMA,
"Anthony Rojas Parque","anthony.rojas parque",2026-06-05T21:59:15,2026-06-02T02:53:44,arojasparque@gmail.com,1,2100.00,2100.00,PE,Huaral,LIM,
"Shieny Isabel Piscoya Gutierrez","shieny isabel.piscoya gutierrez",2026-06-04T18:18:16,2026-06-03T20:29:24,shieny08@gmail.com,1,110.00,110.00,PE,ventanilla,CAL,
"MARYCLAUDIA FLORES HUAMAN","maryclaudia.flores huaman",2026-06-03T21:40:55,2026-06-03T16:35:24,maryclaudiaflores@gmail.com,1,3700.00,3700.00,PE,lima,LMA,
"María Fernanda Aragón","maria fernanda.aragon",2026-06-03T19:22:59,2026-06-01T20:24:21,mafer.aragon1805@gmail.com,1,110.00,110.00,PE,"Magdalena del mar",LMA,
"Francisco jossue Yauri colos","francisco jossue.yauri colos",2026-06-03T08:43:54,2026-06-03T03:43:52,corosfrancisco83@gmail.com,1,5000.00,5000.00,PE,"L molina",LIM,
"FAVIANA VASQUUEZ GONZALES","faviana.vasquuez gonzales",2026-06-02T16:35:52,2026-06-02T11:35:50,FAVIANA.VASQUEZ.GONZALES@GMAIL.COM,1,110.00,110.00,PE,LIMA,LMA,
"Kevin Aarom Rivera Rodriguez","kevin aarom.rivera rodriguez",2026-06-02T01:20:44,2026-06-01T20:20:43,kevinaaromriverarodriguez@gmail.com,1,75.00,75.00,PE,Surquillo,LMA,
"Leonardo Gabriel Robles Orrillo","leonardo gabriel.robles orrillo",2026-06-01T22:57:42,2026-05-29T17:50:36,lgabriel.sap@gmail.com,1,3700.00,3700.00,PE,Lince,LMA,
"Gabriela Valiente candiotti","gabriela.valiente candiotti",2026-06-01T20:35:59,2026-06-01T12:35:30,gabriela.valiente17@hotmail.com,1,3700.00,3700.00,PE,Lima,LMA,
"Nestor Melgarejo Balceda","nestor.melgarejo balceda",2026-05-31T23:01:10,2026-05-30T21:17:28,nestormelgarejo1822@gmail.com,1,2100.00,2100.00,PE,Lima,LMA,
"William Mang",william.mang,2026-05-29T20:58:14,2026-05-29T15:48:26,william.mang@hotmail.com,1,3700.00,3700.00,PE,Lima,LMA,
"Andrea Grández",andrea.grandez,2026-05-27T03:09:11,2026-05-26T21:58:42,andrea.grandez.a@gmail.com,1,75.00,75.00,PE,Lima,LMA,
"victor Antonio vasquez Orrillo","victor antonio.vasquez orrillo",2026-05-26T04:45:55,2026-05-25T22:03:42,vianva6@icloud.com,1,3700.00,3700.00,PE,trujilo,LAL,
"HAOYANG LIU",haoyang.liu,2026-05-25T13:56:25,2026-05-25T08:37:40,t2azi1liu@gmail.com,1,3200.00,3200.00,PE,"SAN ISIDRO",LMA,
"JOSE RICARDO MOTTA RUIZ","jose ricardo.motta ruiz",2026-05-23T21:17:12,2026-05-23T16:17:10,ricardomotta@outlook.com,1,2500.00,2500.00,PE,"Lima, Lima, Perú",LMA,
"Lizbet Sarria silva","lizbet.sarria silva",2026-05-22T19:09:48,2026-05-22T14:08:09,lizbet.sarria.s@hotmail.com,1,135.00,135.00,PE,lima,LMA,
"Yuli sanchez",yuli.sanchez,2026-05-21T00:28:59,2026-05-20T18:24:29,jhulyfour9@gmail.com,1,85.00,85.00,PE,Lima,LMA,
"Dra.Patricia Rodriguez Jimenez","dra.patricia.rodriguez jimenez",2026-05-20T00:57:46,2026-05-19T19:57:45,rpaty0298@gmail.com,1,320.00,320.00,PE,Lima,LMA,
"KARIN PASACHE",karin.pasache,2026-05-18T17:05:22,2026-05-11T16:41:05,K_PASACHEALARCON@HOTMAIL.COM,1,110.00,110.00,PE,LIMA,LMA,
"Lhali Llajaruna",lhali.llajaruna,2026-05-15T04:42:22,2026-05-14T19:37:50,llajacamanlhali@gmail.com,1,110.00,110.00,PE,"Lima/ villa María del triunfo",LMA,
"Aracely Alvites Ocaña","aracely.alvites ocana",2026-05-13T13:14:57,2026-05-12T15:11:32,aracealv@gmail.com,1,60.00,60.00,PE,Surco,LMA,
"Lucia Mendez Santos","lucia.mendez santos",2026-05-11T03:54:31,2026-05-10T22:54:29,luciamendezsantos2003@gmail.com,1,4000.00,4000.00,PE,Santa,ANC,
"Yamile Sáname Muñoz","yamile.saname munoz",2026-05-09T06:05:21,2026-05-08T21:12:16,orlisgonzalezreyes@gmail.com,1,4100.00,4100.00,PE,Lima,CAL,
"Eduardo Garcia Condori","eduardo.garcia condori",2026-05-09T02:22:39,2026-04-27T00:15:17,eduardogaco@gmail.com,1,5200.00,5200.00,PE,"Lima / lima",LMA,
"Kevin Jiron",kevin.jiron,2026-05-07T02:30:52,2026-05-03T14:10:08,kevinjironquispe@gmail.com,2,230.00,115.00,PE,Lima,LMA,
"Carlos leonardo Laos Chinga","carlos leonardo.laos chinga",2026-05-06T15:11:17,2026-05-06T10:11:16,Chingacarlos830@gmail.com,1,960.00,960.00,PE,Huacho,LIM,
"Mark Toro",mark.toro,2026-05-05T23:18:39,2026-05-05T15:43:33,marktoro.0507@gmail.com,1,800.00,800.00,PE,"Santa Rosa",LMA,
"Elizabeth Flores",elizabeth.flores,2026-05-04T07:31:44,2026-05-03T15:12:09,jacquisita3142@gmail.com,1,190.00,190.00,PE,"San Miguel",LMA,
"Evelyn Luque linares","evelyn.luque linares",2026-05-04T01:14:38,2026-05-03T20:02:11,evelynmikelaluquelinares@gmail.com,1,4100.00,4100.00,PE,Lima,LMA,
"Mayerling Tacsa",mayerling.tacsa,2026-05-03T23:30:54,2026-04-30T06:47:34,mayer24to@gmail.con,1,110.00,110.00,PE,Lima,LMA,
"Joseph Carlos Liviapoma Criollo","joseph carlos.liviapoma criollo",2026-05-03T15:38:46,2026-05-03T10:38:44,jc.liviapoma@outlook.com,1,3800.00,3800.00,PE,"SAN JUAN DE LURIGANCHO",LMA,
"Raul Emilio Aviles Orcon","raul emilio.aviles orcon-2921",2026-05-02T19:35:26,2026-05-02T14:35:25,akichasky15@gmail.com,1,7600.00,7600.00,PE,Lima,LMA,
"Nicolas Junes",nicolas.junes,2026-05-02T19:28:16,2026-04-19T20:54:29,nicolas.duato@gmail.com,1,3700.00,3700.00,PE,SMP,LMA,
"Frank Ayala Espinoza","frank.ayala espinoza",2026-05-02T01:38:46,2026-04-20T00:17:59,sergiof21058@gmail.com,1,5200.00,5200.00,PE,Huacho,LIM,
"Elias chavez",elias.chavez,2026-05-01T21:24:58,2026-05-01T16:24:56,u21216814@utp.edu.pe,1,4200.00,4200.00,PE,"Villa El Salvador",LMA,
"Stefani Avalo rodriguez","stefani.avalo rodriguez",2026-04-30T17:42:53,2026-04-30T11:44:46,stefaniavalo415@gmail.com,1,75.00,75.00,PE,Lima,LMA,
"Fernando Rioja",fernando.rioja,2026-04-30T06:05:40,2026-04-30T01:05:38,fernamdoalava@gmail.com,1,3700.00,3700.00,PE,comas,LMA,
"Rommel Lopez",rommel.lopez,2026-04-30T02:32:36,2026-04-28T21:44:09,ronmeru1300@gmail.com,1,3700.00,3700.00,PE,Lima,LMA,
"Brigitt andrea Milla Rosales","brigitt andrea.milla rosales",2026-04-30T01:06:35,2026-04-22T13:16:35,brigi1315@gmail.com,1,190.00,190.00,PE,"HUARAZ/ INDEPENDENCIA",ANC,
"Caroline Pando Solano","caroline.pando solano",2026-04-29T17:05:50,2026-04-29T00:44:23,pandocaroline@gmail.com,1,800.00,800.00,PE,"Surquillo, Lima, Lima",LMA,
"Daniel Gaspar",daniel.gaspar,2026-04-28T15:56:01,2026-04-26T16:01:35,danielejg1994@gmail.com,1,3700.00,3700.00,PE,Lima,LMA,
"Victor Principe",victor.principe,2026-04-28T11:12:42,2026-04-28T06:12:40,victoriantonio96@gmail.com,1,5200.00,5200.00,PE,"SAN BORJA",LMA,
"Alicia Torres Bocanegra","alicia.torres bocanegra",2026-04-28T01:53:22,2026-04-27T20:44:27,alitb26@asilorza.com,1,3600.00,3600.00,PE,lima,LMA,
"Virginia Paz",virginia.paz,2026-04-27T21:46:56,2026-04-27T16:46:53,giapaz2307@gmail.com,1,110.00,110.00,PE,Lima,LMA,
"Abigail Cilloniz",abigail.cilloniz,2026-04-27T13:50:05,2026-04-21T17:00:08,abigailcillonizz@gmail.com,2,7400.00,3700.00,PE,Lima,LMA,
"Andrés Alejandro Rodriguez Iglesias","andres alejandro.rodriguez iglesias",2026-04-26T19:33:21,2026-04-26T14:26:58,andres.alejandrori2003@gmail.com,1,3700.00,3700.00,PE,Lima,LMA,
"Gianluca Romero Decena","gianluca.romero decena",2026-04-25T15:21:16,2026-04-24T14:11:17,gianlucard662@gmail.com,1,200.00,200.00,PE,Lima,LMA,
"PAOLA Chigne ARRIOLA","paola.chigne arriola",2026-04-24T12:53:09,2026-04-24T07:53:07,paolachigne29@gmail.com,1,2100.00,2100.00,PE,CAJABAMBA,CAJ,
"Erick Lázaro Vásquez","erick.lazaro vasquez",2026-04-24T04:04:47,2026-04-23T23:04:45,ericklazarov@gmail.com,1,3700.00,3700.00,PE,"Florencia De Mora",LAL,
"Anotnia Lucia Andrade Nuñez de LLunco","anotnia lucia.andrade nunez de llunco",2026-04-22T18:08:57,2026-04-22T12:07:24,sanraphaeleirl@hotmail.com,1,5200.00,5200.00,PE,"San Juan de Marcona",ICA,
"Milagros Enriquez",milagros.enriquez,2026-04-22T16:58:23,2026-04-22T11:50:33,kass.enriquez.17@gmail.com,1,2100.00,2100.00,PE,Lima,LMA,
"Ruth Ttito",ruth.ttito,2026-04-22T16:47:17,2026-03-05T10:15:52,ruthttito12@gmail.com,2,5199.00,2599.50,PE,"San Juan Miraflores",LMA,
"Gabriela Terrones",gabriela.terrones,2026-04-22T03:18:21,2026-04-21T22:16:22,strella080610@gmail.com,2,7200.00,3600.00,PE,"San Juan de lurigancho",LMA,
"Diana Caceres",diana.caceres,2026-04-21T22:04:39,2026-04-10T13:14:27,dianapaocaceresh@gmail.com,1,3600.00,3600.00,PE,Lima,LMA,
"pilar Ccama",pilar.ccama,2026-04-21T14:35:51,2026-04-21T09:35:49,tasha.iop@gmail.com,1,75.00,75.00,PE,"Jesus maria",LMA,
"Ysmael Anciburo",ysmael.anciburo,2026-04-21T04:16:50,2026-04-20T23:16:48,vab23761@gmail.com,1,160.00,160.00,PE,Lima,LMA,
"Yerko Yaeger Alvarez","yerko.yaeger alvarez",2026-04-20T21:57:20,2026-04-19T13:15:41,yaeger.yerko@gmail.com,1,110.00,110.00,PE,Lima,LMA,
"Maria Paz Milla Bautista","maria paz.milla bautista",2026-04-20T21:18:22,2026-04-20T16:11:59,mariapazmillabautista@gmail.com,1,3600.00,3600.00,PE,D-150131,LMA,
"Kevin Salas rueda","kevin.salas rueda",2026-04-20T20:50:15,2026-04-20T15:50:14,liamksr7@gmail.com,1,2100.00,2100.00,PE,Lima,LIM,
"Pedro Enrique Chavez Fernandez","pedro enrique.chavez fernandez",2026-04-20T16:33:57,2026-04-20T11:33:56,pchavezzzf@gmail.com,1,2100.00,2100.00,PE,"LOS OLIVOS",LMA,
"gabriel León Paredes","gabriel.leon paredes",2026-04-20T15:34:26,2026-04-20T10:28:14,gmleonparedes29@gmail.com,1,3700.00,3700.00,PE,Surco,LMA,
"Lea Lopez",lea.lopez,2026-04-20T14:11:12,2026-04-19T18:13:57,leavalencia.ll@gmail.com,1,3700.00,3700.00,PE,Lima,LMA,
"RUIZ EDWIN",ruiz.edwin,2026-04-19T19:57:03,2026-04-19T14:57:01,ruizmedinaedwin71@gmail.com,1,640.00,640.00,PE,Comas,LMA,
"Mirian Flores rosales","mirian.flores rosales",2026-04-19T19:02:59,2026-04-19T14:02:58,miriankhamila15@gmail.com,1,2100.00,2100.00,PE,Lima,LMA,
"Eduardo Cuadros Piscoya","eduardo.cuadros piscoya",2026-04-18T19:12:16,2026-04-18T14:12:14,cuadroseduardo10@gmail.com,1,3600.00,3600.00,PE,Lima,LMA,
"Williams Ortiz Sanchez","williams.ortiz sanchez",2026-04-17T14:48:08,2026-04-17T09:48:07,williams.ortiz@hotmail.com,1,3500.00,3500.00,PE,Lima,LMA,
"Elizabeth Urbina Ñañez","elizabeth.urbina nanez",2026-04-17T13:52:29,2026-04-16T16:26:28,elizabethurbina9624@gmail.com,1,3600.00,3600.00,PE,Lima,LMA,
"CHRISTIAN BRITO MOTA","christian.brito mota",2026-04-16T21:49:57,2026-04-16T12:03:45,LONDCTN@GMAIL.COM,1,2100.00,2100.00,PE,Lima,LMA,
"Yy 66",yy.66,2026-04-16T17:46:27,2026-04-16T12:46:26,vizacerpabryan@gmail.com,1,2100.00,2100.00,PE,Hh,LMA,
"Flavia Felices",flavia.felices,2026-04-16T00:28:34,2026-04-15T14:35:18,f.felices@outlook.com,1,3700.00,3700.00,PE,"La Molina",LMA,
"Jonathan David Lott","jonathan david.lott",2026-04-15T20:08:14,2026-04-15T15:08:13,jlottperu@gmail.com,1,85.00,85.00,PE,"San Luis",LMA,
"Jose Manuel Camana Carrasco","jose manuel.camana carrasco",2026-04-15T17:33:41,2026-04-14T18:09:49,cj_aries_9316@hotmail.com,1,3700.00,3700.00,PE,"Mi Perú",CAL,
"BEI DIANA Lujan Samaniego","bei diana.lujan samaniego",2026-04-15T00:28:13,2026-04-04T19:36:58,dianithaz.love@gmail.com,1,4000.00,4000.00,PE,"Santa anita",LMA,
"ALLISSON YOHANNA PEREZ PRESIADO","allisson yohanna.perez presiado",2026-04-14T19:24:13,2026-04-14T14:24:11,allisson_perez94@hotmail.com,1,3600.00,3600.00,PE,"San Miguel",LMA,
"Jesus Albites",jesus.albites,2026-04-12T20:18:15,2026-04-03T18:49:13,miguelalbitesjesus@gmail.com,1,4000.00,4000.00,PE,Lima,LMA,
"David Rafael Castillo Panta","david rafael.castillo panta",2026-04-11T03:01:16,2026-04-10T02:07:53,sam.davidcastillop@gmail.com,1,3700.00,3700.00,PE,"Nuevo Chimbote",ANC,
"Jeison Dominguez Pinedo","jeison.dominguez pinedo",2026-04-10T21:30:00,2026-04-10T16:17:08,zzjeisonmonzz@gmail.com,1,3500.00,3500.00,PE,Chorrillos,LMA,
"sandy chavez ponte","sandy.chavez ponte",2026-04-09T21:01:20,2026-04-09T16:01:18,sanchponte@gmail.com,1,3700.00,3700.00,PE,Lima,LMA,
"Jose Belon",jose.belon,2026-04-08T23:27:39,2026-04-08T16:42:13,josebelon7@gmail.com,1,75.00,75.00,PE,Surquillo,LMA,
"Erhin Alexandra Olivares Meléndez","erhin alexandra.olivares melendez",2026-04-08T20:31:37,2026-04-08T15:31:35,alexandraolivares277@gmail.com,1,800.00,800.00,PE,"Nuevo chimbote",ANC,
"Erika Carolina Amunátegui","erika carolina.amunategui",2026-04-08T13:01:17,2026-03-28T18:47:45,erikacarolina32695@gmail.com,1,2100.00,2100.00,PE,Callao,CAL,
"Jennifer Sánchez Romero","jennifer.sanchez romero",2026-04-07T21:07:18,2026-04-07T16:07:17,zafiro.love2019@gmail.com,1,150.00,150.00,PE,"Cercado de lima",LMA,
"Mariana Moreno Ortiz","mariana.moreno ortiz",2026-04-06T19:39:36,2026-03-26T16:24:39,milimari123321@gmail.com,1,3700.00,3700.00,PE,"San Martin de Porres",LMA,
"Erika Kadena Mass","erika.kadena mass",2026-04-06T13:49:58,2026-03-23T10:13:43,kadenaerika@gmail.com,1,3200.00,3200.00,PE,Lima,LMA,
"Karol Ingrid Natividad Reyes","karol ingrid.natividad reyes",2026-04-05T02:26:29,2026-04-04T21:26:28,karolingridnr@gmail.com,1,320.00,320.00,PE,"Florencia De Mora",LAL,
"José Luis Copa choquehuanca","jose luis.copa choquehuanca",2026-04-03T15:06:15,2026-03-31T23:11:17,Copa900@hotmail.com,1,5000.00,5000.00,PE,Moquegua,MOQ,
"Jorge Verano panana","jorge.verano panana",2026-04-01T21:29:46,2026-03-30T14:44:56,jorge.vp0308@gmail.com,1,200.00,200.00,PE,lima,LMA,
"Sergio Gil",sergio.gil,2026-04-01T17:58:32,2026-03-31T10:53:14,sergiomayo11@gmail.com,1,85.00,85.00,PE,Lima,LMA,
"Galy Crisostomo",galy.crisostomo,2026-04-01T00:03:42,2026-03-31T14:08:09,gguanilocrisostomo20@gmail.com,1,480.00,480.00,PE,Lima,LIM,
"Martin Bernaola Gonzales","martin.bernaola gonzales",2026-03-31T18:11:29,2026-03-31T13:05:15,mbernaola54@hotmail.com,1,6000.00,6000.00,PE,Ate,LMA,
"Gladys Yovera Cardenas","gladys.yovera cardenas",2026-03-31T04:15:18,2026-03-30T23:15:17,gladysyoveracardenas@gmail.com,1,2100.00,2100.00,PE,Lima,LMA,
"MARITZA TTITO SANI","maritza.ttito sani",2026-03-30T20:52:52,2026-03-30T15:52:51,MARITZATTITOSANI@GMAIL.COM,1,3600.00,3600.00,PE,"SAN JUAN DE MIRAFLORES",LMA,
"Piero Alvarado Gutierrez","piero.alvarado gutierrez",2026-03-30T15:39:26,2026-03-29T20:02:48,pieroalonzo123@gmail.com,1,3200.00,3200.00,PE,Lima,LMA,
"larissa meneses",larissa.meneses,2026-03-30T06:36:13,2026-03-22T23:16:17,vizarretalarissa@gmail.com,1,3700.00,3700.00,PE,surquillo,LMA,
"Dunia Maritza Altamirano Rojas","dunia maritza.altamirano rojas",2026-03-29T22:54:14,2026-03-29T17:41:37,dunia1517@gmail.com,1,75.00,75.00,PE,"Magdalena del Mar",LMA,
"Jose Luis Cueva Diaz","jose luis.cueva diaz",2026-03-28T15:06:23,2026-03-26T18:10:53,josecueva0305@gmail.com,1,115.00,115.00,PE,"Santiago de Surco",LMA,
"Carla edibeth Garcia Ruiz","carla edibeth.garcia ruiz",2026-03-27T21:09:52,2026-03-27T14:36:07,edigarciamia@gmail.com,1,3700.00,3700.00,PE,Peru,LMA,
"Hiromi Melendez",hiromi.melendez,2026-03-26T13:34:07,2026-03-26T08:32:39,hiromihmelendez@gmail.com,1,3600.00,3600.00,PE,Callao,CAL,
"Katherine lopez",katherine.lopez,2026-03-25T21:24:32,2026-03-25T15:48:53,montykatherin@gmail.com,2,6400.00,3200.00,PE,"santiago de surco",LMA,
"Brenda Franco Llanto","brenda.franco llanto",2026-03-25T17:18:24,2026-03-17T22:32:58,francollantobrenda@gmail.com,1,3600.00,3600.00,PE,Independencia,LMA,
"Luis Burga Martinez","luis.burga martinez",2026-03-24T20:38:46,2026-03-23T20:35:09,lburga@esquisa.com,1,3700.00,3700.00,PE,Lima,LMA,
"Ariana Olivera",ariana.olivera,2026-03-24T20:01:58,2026-03-24T14:25:14,ariana210908@gmail.com,1,3600.00,3600.00,PE,"San Juan De Lurigancho",LMA,
"Yon david Aquino jara","yon david.aquino jara",2026-03-24T18:22:26,2026-03-11T12:26:12,jhon_a.j@hotmail.com,1,6000.00,6000.00,PE,Lima,LMA,
"Dereks Vásquez",dereks.vasquez,2026-03-24T18:10:31,2026-03-23T09:22:19,dereksvasquez@gmail.com,1,2100.00,2100.00,PE,Ventanilla,CAL,
"ana torres tello","ana.torres tello",2026-03-24T17:42:02,2026-03-24T11:08:38,ana.torres.epiroc@gmail.com,1,110.00,110.00,PE,Media,LMA,
"Arquímedes Brito",arquimedes.brito,2026-03-23T21:14:40,2026-03-23T16:02:46,arquimedes2807@gmail.com,1,75.00,75.00,PE,Chorrillos,LMA,
"Marleni del Pilqr Aybar Gordillo","marleni del pilqr.aybar gordillo",2026-03-23T19:47:34,2026-03-17T14:11:39,pilar.aybar.gordillo@gmail.com,1,2100.00,2100.00,PE,"SAN MARTIN DE PORRES",LMA,
"Luis Miguel Acha Minaya","luis miguel.acha minaya",2026-03-23T19:24:48,2026-03-23T14:24:47,Lacha1911@gmail.com,1,3600.00,3600.00,PE,Lima,LMA,
"Margot Reida Díaz Yndigoyen","margot reida.diaz yndigoyen",2026-03-23T09:19:07,2026-03-23T04:15:59,margotreida5555@gmail.com,1,5000.00,5000.00,PE,"San Juan de Lurigancho",LMA,
"Juan carlos Aguayo ortiz","juan carlos.aguayo ortiz",2026-03-23T05:13:40,2026-03-22T14:56:21,juanao2002@gmail.com,1,3600.00,3600.00,PE,Rimac,LMA,
"Oriana Yamile Torres Ochoa","oriana yamile.torres ochoa",2026-03-22T15:43:29,2026-03-18T18:39:36,orianayamiletorresochoa@gmail.com,1,115.00,115.00,PE,Lima,LMA,
"luis angel aguirre bojorquez","luis angel.aguirre bojorquez",2026-03-21T16:50:11,2026-03-21T11:49:03,la.abojorquez@gmail.com,1,3700.00,3700.00,PE,"SAN JUAN DE MARCONA",ICA,
"Nickool Lorenzo",nickool.lorenzo,2026-03-21T16:13:33,2026-03-19T17:08:37,elizayu2000@outlook.es,1,2100.00,2100.00,PE,Loma,LMA,
"MIRIAM VALERIO GUTIERREZ","miriam.valerio gutierrez",2026-03-21T12:52:50,2026-03-17T16:22:15,miriam_valerio@live.com,1,6000.00,6000.00,PE,"Puente Piedra",LMA,
"Marjhoan Marisol Anton Cisneros","marjhoan marisol.anton cisneros",2026-03-20T02:40:08,2026-03-10T16:45:29,marjhoan-15@hotmail.es,1,6000.00,6000.00,PE,"Puerto Maldonado",MDD,
"joan leon florez","joan.leon florez",2026-03-19T21:48:15,2026-03-19T16:46:00,leonflorez03@gmail.com,1,2100.00,2100.00,PE,lima,LMA,
"Maria Fernanda Campos Payet","maria fernanda.campos payet",2026-03-19T13:34:09,2026-03-19T08:34:08,mf.camposp@gmail.com,1,3500.00,3500.00,PE,Surco/Lima,LMA,
"Adrianny Sivira",adrianny.sivira,2026-03-19T01:05:57,2026-03-18T14:16:35,adriannysivira21@gmail.com,1,360.00,360.00,PE,"San Juan De Lurigancho",LMA,
"Coldy allen Fernández Chavarry","coldy allen.fernandez chavarry",2026-03-18T13:56:22,2026-03-17T20:36:34,allen_c16@hotmail.com,1,3700.00,3700.00,PE,"San Juan lurigancho",LMA,
"Joan Valiente",joan.valiente,2026-03-18T06:35:17,2026-03-13T17:12:39,joanvc01@gmail.com,1,3600.00,3600.00,PE,Surquillo,LMA,
"Carmen Quispe",carmen.quispe,2026-03-17T01:55:52,2026-03-16T16:55:58,camutablet@gmail.com,1,3700.00,3700.00,PE,Ayacucho,AYA,
"Isabel Madrid",isabel.madrid,2026-03-16T19:28:16,2026-03-16T09:06:55,imadrid@gretel.pe,1,180.00,180.00,PE,"San Isidro",LMA,
"Lesli Guevara",lesli.guevara,2026-03-16T02:46:10,2026-03-15T21:44:42,leslie23115@gmail.com,1,3700.00,3700.00,PE,Lima,CAL,
"Carlos Enrique Isaac Nomberto carrillo","carlos enrique isaac.nomberto carrillo",2026-03-14T23:00:21,2026-03-14T17:57:32,jorgecisneros_5@hotmail.com,1,160.00,160.00,PE,Callao,CAL,
"Mithzy Calderón",mithzy.calderon,2026-03-14T20:13:58,2026-03-14T14:15:23,mith.cal16@gmail.com,1,2100.00,2100.00,PE,Lima,LMA,
"Jessica Najarro",jessica.najarro,2026-03-13T14:40:55,2026-03-07T18:31:39,jedinapa@gmail.com,1,1909.00,1909.00,PE,Lima,LMA,
"ANDREA CAROLINA SEMINARIO MARCELO","andrea carolina.seminario marcelo",2026-03-13T02:26:46,2026-03-09T15:20:49,andrea2712_@hotmail.com,1,5500.00,5500.00,PE,"JESUS MARIA",LMA,
"Miguel Lanfranco",miguel.lanfranco,2026-03-13T00:11:21,2026-03-12T19:09:19,sandralanfranco@gmail.com,1,3300.00,3300.00,PE,"Punta Hermosa",LMA,
"Nadezda Custodio Corbera","nadezda.custodio corbera",2026-03-11T21:00:16,2026-03-11T15:58:52,n.custodiocorbera@gmail.com,1,1849.00,1849.00,PE,Monsefu,LAM,
"Joshelin Lopez Ticeran","joshelin.lopez ticeran",2026-03-11T20:43:42,2026-03-11T14:06:23,joshelin21lt@gmail.com,1,2100.00,2100.00,PE,Chimbote,ANC,
"ANDRES DE LA CRUZ CHAVARRIA","andres.de la cruz chavarria",2026-03-11T15:10:37,2026-03-07T17:07:38,ansder@hotmail.es,1,4100.00,4100.00,PE,LIMA,LMA,
"Miguel Chuquipul",miguel.chuquipul,2026-03-11T01:22:18,2026-03-10T20:22:17,migelo2016@gmail.com,1,3700.00,3700.00,PE,"San miguel",LMA,
"Fredy Alcca Quispe","fredy.alcca quispe",2026-03-10T19:01:11,2026-03-10T14:01:09,fredyaqx.95.01@gmail.com,1,160.00,160.00,PE,"Villa el salvador",LMA,
"Jesús Eduardo Chamorro Herrera","jesus eduardo.chamorro herrera",2026-03-10T05:55:07,2026-03-10T00:55:05,Jchamorrohe@gmail.com,1,3500.00,3500.00,PE,Comas,LMA,
"Ronald Vargas Saldaña","ronald.vargas saldana",2026-03-10T03:15:25,2022-11-30T15:00:20,ronaldvargassalda@gmail.com,5,460.00,92.00,PE,"La Molina",LMA,
"Gino McKenzie Koo","gino.mckenzie koo",2026-03-09T19:36:33,2026-03-09T14:36:32,mckenziekoogino@gmail.com,1,75.00,75.00,PE,Lima,LMA,
"Sandra Valverde Alvarado","sandra.valverde alvarado",2026-03-08T14:42:53,2026-03-08T09:42:52,ely_1704_4@hotmail.com,1,120.00,120.00,PE,"Ssn martin porres",LMA,
"Walter Magallanes",walter.magallanes,2026-03-08T00:44:44,2026-03-07T19:42:18,walter321mg@gmail.com,1,4100.00,4100.00,PE,"La Victoria",LMA,
"Mirko Matos Quiroz","mirko.matos quiroz",2026-03-07T19:11:03,2026-03-07T13:11:21,mirkomatos@hotmail.com,1,1599.00,1599.00,PE,Lima,LMA,
"Neuza URIZAR FRANCO","neuza.urizar franco",2026-03-07T16:01:14,2026-03-07T11:00:05,Neu.urizar@gmail.com,1,3800.00,3800.00,PE,Peru,LMA,
"CÉSAR PALOMINO TORRES","cesar.palomino torres",2026-03-07T00:10:43,2026-03-02T12:55:05,CPALOMINOT@PUCP.EDU.PE,2,4200.00,2100.00,PE,"LIMA/SAN MARTIN DE PORRES",LMA,
"Mauricio Muente",mauricio.muente,2026-03-06T22:15:11,2025-01-07T21:29:45,mmuent@hotmail.com,2,4830.00,2415.00,PE,Lima,LMA,
"Fabiana Puccinelli Ticona","fabiana.puccinelli ticona",2026-03-06T00:55:18,2026-03-05T19:52:36,fabianapucinelli@gmail.com,1,3800.00,3800.00,PE,Comas,LMA,
"Claudia Benavides",claudia.benavides,2026-03-05T17:06:02,2026-03-01T13:55:17,clau.benavides2017@gmail.com,1,2500.00,2500.00,PE,RIMAC,LMA,
"Erika Rubi Segura Chavez","erika rubi.segura chavez",2026-03-04T16:54:52,2026-03-04T11:45:18,calidad@bemec.com.pe,1,115.00,115.00,PE,Lima,LMA,
"CARLOS ALBERTO YEPEZ MENDOZA","carlos alberto.yepez mendoza",2026-03-02T03:25:58,2026-01-05T19:55:08,tenista41@yahoo.com,1,1600.00,1600.00,PE,TRUJILLO,LAL,
"Rita Trinidad Salcedo","rita.trinidad salcedo",2026-03-01T06:06:19,2026-03-01T01:06:18,ritatrinidad08@gmail.com,1,4100.00,4100.00,PE,"San Borja",LMA,
"Angel Puma",angel.puma,2026-02-28T23:29:00,2026-02-28T18:11:29,angelpuma@eac.pe,1,4900.00,4900.00,PE,"CERCADO DE LIMA",LMA,
"Dario Cesar Valdizan Gonzales","dario cesar.valdizan gonzales",2026-02-28T23:14:36,2026-02-28T16:32:06,dario.valdizan@gmail.com,1,2600.00,2600.00,PE,Lima,LMA,
"Melissa Antizana",melissa.antizana,2026-02-26T23:49:06,2026-02-25T16:44:13,meliantizana@gmail.com,1,3600.00,3600.00,PE,Surco,LMA,
"DAYANA LLANOS",dayana.llanos,2026-02-26T19:53:39,2026-02-26T10:46:44,dllanos6@hotmail.com,1,1849.00,1849.00,PE,RIMAC,LMA,
"Maria Fe Becerra Rey de Castro","maria fe.becerra rey de castro",2026-02-24T23:18:25,2026-02-24T18:18:24,mariafebecerrareydecastro@gmail.com,1,1499.00,1499.00,PE,Lima,LMA,
"Angie Angela Larrain Correa","angie angela.larrain correa",2026-02-22T06:43:12,2026-02-11T12:54:15,larrainangie@gmail.com,1,2600.00,2600.00,PE,Lima,LMA,
"Maricielo Lizbeth Contreras asinardo","maricielo lizbeth.contreras asinardo",2026-02-19T07:56:00,2026-02-19T02:54:36,maricieloac214@gmail.com,1,2100.00,2100.00,PE,Lima,LMA,
"Christian Zarate",christian.zarate,2026-02-19T01:48:54,2026-02-05T08:10:46,christianguillermozarate@gmail.com,1,3600.00,3600.00,PE,Callao,CAL,
"Gonzalo Ccopa Estrada","gonzalo.ccopa estrada",2026-02-18T21:17:00,2026-02-18T12:02:31,gonzacce22@gmail.com,1,85.00,85.00,PE,"Cusco,San Jerónimo",CUS,
"Christian Daniel Centurion Diaz","christian daniel.centurion diaz",2026-02-18T16:46:29,2026-02-18T11:46:28,chrisdani1205@gmail.com,1,3700.00,3700.00,PE,"La Perla",CAL,
"Francisco Jesús Palomino Huamani","francisco jesus.palomino huamani",2026-02-18T04:18:32,2026-02-15T14:02:10,isco.rb18@gmail.com,1,3700.00,3700.00,PE,Lima,LMA,
"test test",test.test,2026-02-16T22:33:43,2026-02-16T17:06:58,test123@gmail.com,1,4200.00,4200.00,PE,test,LMA,
"José Ancajima",jose.ancajima,2026-02-16T20:36:35,2026-02-16T15:28:28,aancajima18@gmail.com,1,3700.00,3700.00,PE,"Sna Juan de Miraflores-Lima",LMA,
"da da",da.da,2026-02-15T19:35:25,2026-02-15T12:54:08,panchito@gmail.com,1,3700.00,3700.00,PE,lima,LMA,
"Alan Garcia Gutierrez","alan.garcia gutierrez",2026-02-14T23:16:19,2026-02-14T18:13:16,alangg85@gmail.com,1,110.00,110.00,PE,Lince,LMA,
"Pepito Pin pon","pepito.pin pon",2026-02-14T15:51:50,2026-02-14T10:48:51,examppe@gmail.com,1,2100.00,2100.00,PE,"Lima la molima",LIM,
"Ruth Guzmán Alarcón","ruth.guzman alarcon",2026-02-13T15:29:46,2026-02-13T10:29:44,noemiguzmanalarcon@gmail.com,1,3600.00,3600.00,PE,"Los Olivos",LMA,
"Diego Alexander Domínguez López","diego alexander.dominguez lopez",2026-02-12T23:12:17,2026-02-08T00:35:07,diegoalex652726@gmail.com,1,2600.00,2600.00,PE,"Callao callao",CAL,
"Andrés Eduardo Braque Rivero","andres eduardo.braque rivero",2026-02-12T21:14:44,2026-02-12T16:12:21,ae492006@gmail.com,1,3500.00,3500.00,PE,Callao,LMA,
"Yamilee Villalobos Canales","yamilee.villalobos canales",2026-02-07T21:25:25,2026-02-07T13:01:38,yamileevillaloboscanales@gmail.com,1,3600.00,3600.00,PE,Lima,LMA,
"Aaron Noe Saavedra Morocho","aaron noe.saavedra morocho",2026-02-06T21:37:31,2026-02-05T23:56:25,saavedra_1723@hotmail.com,1,2100.00,2100.00,PE,Juliaca,PUN,
"LEONARDO SALINAS",leonardo.salinas,2026-02-05T21:15:01,2026-02-05T16:14:59,salinaszelada@gmail.com,1,7200.00,7200.00,PE,"nuevo chimbote",ANC,
"Wilfredo Leyva",wilfredo.leyva,2026-02-04T11:04:23,2026-02-04T05:49:26,javierheraud3039@gmail.com,1,180.00,180.00,PE,Lima,LMA,
"Froy Mayner Raymundo Maslucan","froy mayner.raymundo maslucan",2026-02-03T06:10:19,2026-01-24T17:27:25,froyraymas05@gmail.com,1,1600.00,1600.00,PE,"San Martín de Porres",LMA,
"Lukas Hettinger-Pagac",lukas.hettinger-pagac,2026-02-02T01:45:26,2026-02-01T20:45:25,arch_torp55@hotmail.com,1,120.00,120.00,PE,"Salt Lake City",HUV,
"Valentina Castro Carrasco","valentina.castro carrasco",2026-02-01T17:57:41,2026-02-01T12:56:34,valentinacastrocasrrasco29@gmail.com,1,3800.00,3800.00,PE,"Magdalena Del Mar",LMA,
"Diego alonzo Campos Palacios","diego alonzo.campos palacios",2026-01-29T23:02:52,2026-01-26T12:03:41,diegcampos4423@gmail.com,1,180.00,180.00,PE,Lima,LMA,
"Jair Lozano Ortiz","jair.lozano ortiz",2026-01-29T21:35:19,2026-01-26T14:02:01,jairlozano152005@gmail.com,1,775.00,775.00,PE,Barranca,LIM,
"Ana Lucía Cano Sánchez","ana lucia.cano sanchez",2026-01-29T20:39:55,2026-01-29T11:48:59,analucanosanchez@gmail.com,1,2100.00,2100.00,PE,"Jesús María, Lima",LMA,
"Dharla Bergamino Sipán","dharla.bergamino sipan",2026-01-28T16:58:48,2026-01-28T11:58:47,dharla.bergamino@gmail.com,1,3600.00,3600.00,PE,Rimac,LMA,
"Nickolas Casas",nickolas.casas,2026-01-24T03:05:03,2026-01-22T00:05:55,nickolas17mcg@gmail.com,1,75.00,75.00,PE,"Santiago de Surco",LMA,
"Claudia Nuñez",claudia.nunez,2026-01-23T05:43:22,2026-01-16T12:24:07,klau.bartender8@gmail.com,1,3300.00,3300.00,PE,Callao,CAL,
"paula campos",paula.campos,2026-01-22T19:47:16,2026-01-22T13:57:18,eldoctorguali@gmail.com,1,180.00,180.00,PE,lima,LMA,
"Angelo Aliaga",angelo.aliaga,2026-01-22T19:42:23,2026-01-22T14:42:22,angelitolenador1@gmail.com,1,3700.00,3700.00,PE,Lima,LMA,
"Arianna Allisson Padilla Tello","arianna allisson.padilla tello",2026-01-21T23:24:29,2026-01-17T23:47:43,ariannapadilla26ascjp@gmail.com,1,1600.00,1600.00,PE,Lima,LMA,
"Katyuska Hinostroza",katyuska.hinostroza,2026-01-21T21:34:33,2026-01-11T13:56:07,katyuskahinostroza@gmail.com,1,1600.00,1600.00,PE,Barranco,LMA,
"Hugo Quispe",hugo.quispe,2026-01-20T21:14:16,2026-01-06T16:54:44,canjoyajn-54@gmail.com,1,2150.00,2150.00,PE,Lima,LIM,
"Ela Goicochea",ela.goicochea,2026-01-20T20:02:09,2026-01-09T15:43:19,esofiagoicochea@gmail.com,1,2100.00,2100.00,PE,Lima,LMA,
"Brenda manthiel Cano Contreras","brenda manthiel.cano contreras",2026-01-18T14:31:02,2026-01-17T11:47:00,manthielcano@gmail.com,1,3700.00,3700.00,PE,"San Juan de Miraflores",LMA,
"Dff Dfff",dff.dfff,2026-01-18T05:33:22,2026-01-18T00:28:18,as@gmail.com,1,3600.00,3600.00,PE,Jejeje,LIM,
"Noemi Soto Soto","noemi.soto soto",2026-01-17T19:47:51,2026-01-17T14:01:20,nnoemisotoso@gmail.com,1,3600.00,3600.00,PE,Callao,CAL,
"Ricardo Gómez Effio","ricardo.gomez effio",2026-01-17T13:31:10,2026-01-17T08:21:46,gomezeffio@gmail.com,1,110.00,110.00,PE,Lima,LMA,
"Farid Alcántara Gomez","farid.alcantara gomez",2026-01-17T10:26:46,2026-01-11T10:08:07,faridalcantarag@gmail.com,1,2600.00,2600.00,PE,"San Martin de Porres",LMA,
"Adrián Reyes tapia","adrian.reyes tapia",2026-01-14T23:09:28,2026-01-14T18:09:27,adrianiphone739@gmail.com,1,3700.00,3700.00,PE,"San Miguel",LMA,
"Andrea De la Lama","andrea.de la lama",2026-01-14T17:59:05,2025-07-21T17:34:47,andreadelalama@gmail.com,3,4950.00,1650.00,PE,Callao,CAL,
"Berna Candelario Chuan Gonzales","berna candelario.chuan gonzales",2026-01-14T16:15:08,2025-12-31T21:12:26,bernachuan@gmail.com,2,7400.00,3700.00,PE,Callao,CAL,
"Mijael Johan Solano Mauricio","mijael johan.solano mauricio",2026-01-14T02:32:57,2026-01-13T20:35:30,mijaeljohan29@gmail.com,1,3700.00,3700.00,PE,Lima,LMA,
"Yanelly Alejandria Obando","yanelly.alejandria obando",2026-01-12T13:33:20,2026-01-09T17:36:25,jomontes@outlook.com.pe,1,3700.00,3700.00,PE,CARABAYLLO,LMA,
"Luis Miguel Perea Valderrama","luis miguel.perea valderrama",2026-01-12T02:10:44,2026-01-11T21:10:43,lmpv84@hotmail.com,1,2150.00,2150.00,PE,"Magdalena Del Mar",LMA,
"Nasha Cabrera",nasha.cabrera,2026-01-11T20:35:07,2026-01-09T22:24:57,ncabrera164@gmail.com,1,1849.00,1849.00,PE,Lima,LMA,
"Mizraim Enrique Bruno Montalvo","mizraim enrique.bruno montalvo",2026-01-11T19:59:42,2026-01-11T14:59:40,mizraim14@hotmail.com,1,3700.00,3700.00,PE,Lima,LIM,
"Mauro Homez",mauro.homez,2026-01-11T04:07:30,2026-01-10T23:07:29,mhomez@gmail.com,1,4900.00,4900.00,PE,Lima,LMA,
"Jose Anderson Tapia Gonzales","jose anderson.tapia gonzales",2026-01-10T19:50:57,2026-01-10T14:49:27,josetapiag02@gmail.com,1,4200.00,4200.00,PE,"San Martin de Porres",LMA,
"Trilce Casusol Lopez","trilce.casusol lopez",2026-01-09T18:46:41,2026-01-08T15:10:48,t.casusol@gmail.com,1,3600.00,3600.00,PE,Lima,LMA,
"Claudia Del Solar","claudia.del solar",2026-01-06T04:46:50,2026-01-04T17:42:58,claudiadsb@icloud.com,1,3800.00,3800.00,PE,Lima,LMA,
"Karina Salomé Quijano Arana","karina salome.quijano arana",2026-01-05T18:19:46,2026-01-05T13:16:36,kariquijara@gmail.com,1,220.00,220.00,PE,Morales,SAM,
"Neel arthur Cadillo castro","neel arthur.cadillo castro",2026-01-05T16:52:24,2026-01-02T10:12:36,arthurcadillocastro@gmail.com,1,155.00,155.00,PE,COMAS,LMA,
"Murfi De la cruz","murfi.de la cruz",2026-01-05T01:19:15,2026-01-04T20:19:14,franklovecruz@gmail.com,1,1850.00,1850.00,PE,Huancayo,JUN,
"Patricia Pisco",patricia.pisco,2026-01-05T00:57:22,2026-01-04T19:53:58,patrick_sour@hotmail.com,1,3800.00,3800.00,PE,Lima,LMA,
"Luz Del Rosario Alarcón Santos","luz del rosario.alarcon santos",2026-01-04T17:52:02,2026-01-04T12:52:01,luzzalarconsantos@gmail.com,1,4000.00,4000.00,PE,Rimac,LMA,
"Gianella Arias",gianella.arias,2026-01-04T13:09:42,2025-12-23T09:40:12,gmstore.peruoficial@gmail.com,1,110.00,110.00,PE,"San Miguel",LMA,
"Jenny Huaman",jenny.huaman,2026-01-04T05:36:24,2026-01-04T00:36:23,jenny.huaman22@gmail.com,1,5000.00,5000.00,PE,"Santa María del Mar",LMA,
"Henry Gambini perez","henry.gambini perez",2026-01-03T17:13:04,2025-12-23T08:50:43,gambinipiero161@gmail.com,1,155.00,155.00,PE,Chimbote,ANC,
"Tennessie Ashley Roncal Ku","tennessie ashley.roncal ku",2026-01-02T14:39:33,2025-12-31T19:49:08,tennessieroncal@gmail.com,1,1400.00,1400.00,PE,Lima,LMA,
"Julio Pulido Felix","julio.pulido felix",2026-01-01T18:40:14,2025-12-26T11:16:54,julien.pfe@gmail.com,1,1500.00,1500.00,PE,"San Martín de Porres",LMA,
"Melissa Chumpitaz",melissa.chumpitaz,2025-12-31T03:44:46,2025-12-30T22:41:28,lmchumpitaz@hotmail.com,1,2100.00,2100.00,PE,Surquillo,LMA,
"Julita Michalowska",julita.michalowska,2025-12-31T02:21:13,2025-12-28T15:09:01,junglemamitka@gmail.com,1,1400.00,1400.00,PE,Iquitos,LOR,
"Franco Daniel Vela Llamojha","franco daniel.vela llamojha",2025-12-30T16:14:48,2025-12-30T11:10:00,fdvllha95@gmail.com,2,8400.00,4200.00,PE,Lima,LMA,
"Tania diana Quispe cahuana","tania diana.quispe cahuana",2025-12-29T20:58:57,2025-12-29T15:58:55,antojitostaniamonterrico@gmail.com,1,85.00,85.00,PE,"Monterrico surco",LMA,
"Cristian Sebastián Dávila Mendoza","cristian sebastian.davila mendoza",2025-12-28T22:13:34,2025-12-28T09:40:14,cdavilamendoza9@gmail.com,1,3700.00,3700.00,PE,Lima,LMA,
"Franco Delgado",franco.delgado,2025-12-28T18:49:16,2025-12-28T13:48:26,fdelgadootero25@gmail.com,1,3700.00,3700.00,PE,Lima,LMA,
"Lya Robinson",lya.robinson,2025-12-28T17:51:33,2025-12-27T15:33:17,r_lya@yahoo.com,1,2100.00,2100.00,PE,Lima,LMA,
"Jessica Amasifuen",jessica.amasifuen,2025-12-27T10:30:26,2025-12-21T17:27:45,jeckaamasifuen@gmail.com,1,3300.00,3300.00,PE,Lima,LMA,
"Juan Carlos Garcia Soto","juan carlos.garcia soto",2025-12-27T02:47:37,2025-12-26T21:44:56,piurano2537@gmail.com,1,1600.00,1600.00,PE,"Cerro Azul",LMA,
"Giancarlo Fontanesi",giancarlo.fontanesi,2025-12-25T04:56:43,2025-12-22T10:38:17,giancarlo091298@gmail.com,1,3700.00,3700.00,PE,Lima,LMA,
"Benjamin Fuentes urdaniga","benjamin.fuentes urdaniga",2025-12-22T15:11:43,2025-12-22T09:48:45,ben_fuur@hotmail.com,1,60.00,60.00,PE,Lima,LMA,
"Joseph Medina",joseph.medina,2025-12-20T15:24:03,2025-12-19T13:31:03,josephmedinaing@gmail.com,1,3700.00,3700.00,PE,Lima,LMA,
"Farid Cruzado",farid.cruzado,2025-12-19T03:31:52,2025-12-05T13:15:08,faridcruzado3@gmail.com,1,1700.00,1700.00,PE,Lima,LMA,
"Piero Fabian Ortega de la Barrera","piero fabian.ortega de la barrera",2025-12-18T22:21:23,2025-12-18T15:10:01,fabiandelabarrera00@gmail.com,1,3700.00,3700.00,PE,"Lima, san Miguel",LMA,
"Emy Garcia Mejia","emy.garcia mejia",2025-12-18T21:44:52,2025-12-18T16:40:11,emygarciam@gmail.com,1,1400.00,1400.00,PE,"Lima cercado",LMA,
"vanessa Vilchez",vanessa.vilchez,2025-12-18T20:25:29,2025-12-18T11:27:25,alexa_28_08@hormail.com,1,3500.00,3500.00,PE,"Pueblo Libre",LMA,
"Alexis Reyes Estrada","alexis.reyes estrada",2025-12-17T11:27:02,2025-12-06T21:36:49,jeanreyestra@gmail.com,1,3700.00,3700.00,PE,"San Juan de Lurigancho",LMA,
"PAOLA TORRES",paola.torres,2025-12-16T17:10:39,2025-12-16T12:07:33,ysela_89@yahoo.com,1,3300.00,3300.00,PE,"Santiago de Surco",LMA,
"Angie Elizabeth Reyes Monrroy","angie elizabeth.reyes monrroy",2025-12-16T13:02:34,2025-12-09T14:43:29,202012019@urp.edu.pe,1,3700.00,3700.00,PE,Lurin,LMA,
"Jhonatan Zutta Chafloque","jhonatan.zutta chafloque",2025-12-15T21:24:26,2025-12-15T15:24:44,Zchjhonatan@gmail.com,1,4000.00,4000.00,PE,"Santa Anita",LMA,
"Doriana Antonella Sánchez Aguilera","doriana antonella.sanchez aguilera",2025-12-15T15:12:44,2025-12-15T09:58:19,dorianella21@gmail.com,1,230.00,230.00,PE,Bellavista,CAL,
"Pierina Ferre",pierina.ferre,2025-12-13T21:41:01,2025-12-13T16:41:00,p.ferresiguenas@gmail.com,1,1400.00,1400.00,PE,Monsefu,LAM,
"Katya ivone Escudero yarasca","katya ivone.escudero yarasca",2025-12-13T20:28:06,2025-12-13T15:28:05,katyaescuderoy@gmail.com,1,4000.00,4000.00,PE,Ica,ICA,
"Carlos Alberto Guerra Hinostroza","carlos alberto.guerra hinostroza",2025-12-12T14:13:45,2025-12-12T09:13:44,guerrahinostrozacarlos@gmail.com,1,3700.00,3700.00,PE,"La Molina",LMA,
"Mariafe Nicole Miranda Santa Cruz","mariafe nicole.miranda santa cruz",2025-12-10T23:13:41,2025-12-07T19:28:04,weallfloat1998@gmail.com,1,3500.00,3500.00,PE,Lima,LIM,
"Maria Antonella Acuña Guillen","maria antonella.acuna guillen",2025-12-09T20:00:42,2025-12-09T15:00:42,mariaantonellaacunaguillen@gmail.com,1,2600.00,2600.00,PE,Comas,LMA,
"Eliana Mercedes Valdivia","eliana mercedes.valdivia",2025-12-08T17:43:33,2025-12-08T12:43:31,elival06@hotmail.com,1,110.00,110.00,PE,Lima,LMA,
"Tito Mejía Ruiz","tito.mejia ruiz",2025-12-06T01:09:30,2025-12-05T20:09:29,tmejiar19_1@unc.edu.pe,1,200.00,200.00,PE,Cajamarca,CAJ,
"Giancarlos Falconi",giancarlos.falconi,2025-12-05T10:24:51,2025-12-05T05:24:50,davidmoanamrs@gmail.com,1,3700.00,3700.00,PE,Lima,LMA,
"szzzz zzzzzzzzzzzzzzzzz",szzzz.zzzzzzzzzzzzzzzzz,2025-12-03T00:00:00,2025-12-02T06:11:19,zzzzzzzzzzzzzzz@gmail.com,1,7300.00,7300.00,PE,aaaaaaaaaaaaaa,ANC,
"Maria Fernanda Casamayor Escobar","maria fernanda.casamayor escobar",2025-12-03T00:00:00,2025-11-24T21:57:12,imafeeeh@gmail.com,1,1300.00,1300.00,PE,Trujillo,LAL,
"Einer Sejje",einer.sejje,2025-12-02T00:00:00,2025-12-01T10:35:48,eynersejje2002@gmail.com,1,935000.00,935000.00,PE,Iiiii,ARE,
"Pablo Alejandro Labarthe Huallpa","pablo alejandro.labarthe huallpa",2025-11-30T01:38:35,2025-11-29T20:38:33,pablo_labarthehuallpa@hotmail.com,1,3700.00,3700.00,PE,Lima,LMA,
"Miguel Sandoval Canseco","miguel.sandoval canseco",2025-11-29T21:55:31,2025-11-29T16:55:30,msandovalcanseco@gmail.com,1,3700.00,3700.00,PE,"Los Olivos",LMA,
"Vagner Rupay",vagner.rupay,2025-11-29T00:00:00,2025-11-25T09:28:33,rupayvagner2419@gmail.com,1,155.00,155.00,PE,"Pueblo libre",LMA,
"PETHER PASCUAL",pether.pascual,2025-11-29T00:00:00,2025-11-19T16:32:27,PPASCUAL@OUTLOOK.COM,1,170.00,170.00,PE,RIMAC,LMA,
"SEIJI SHIRAISHI",seiji.shiraishi,2025-11-28T13:20:08,2025-11-28T08:20:06,SDSHIRAISHIG@GMAIL.COM,1,85.00,85.00,PE,"LIMA / SAN ISIDRO",LMA,
"Jefry Dexter",jefry.dexter,2025-11-27T00:48:15,2025-11-24T22:25:35,jefrychef@gmail.com,2,6600.00,3300.00,PE,Miraflores,LMA,
"Mirtha Gianella Hidalgo Alban","mirtha gianella.hidalgo alban",2025-11-27T00:00:00,2025-11-24T18:34:01,miggia07@gmail.com,1,3000.00,3000.00,PE,Lima,LMA,
"Max Donayre Ahumada","max.donayre ahumada",2025-11-26T12:23:38,2025-11-26T07:23:36,maxdonayre@outlook.com,1,1500.00,1500.00,PE,Lima,LMA,
"claudia mayuri",claudia.mayuri,2025-11-26T00:00:00,2025-11-08T10:54:50,cmayuri30@gmail.com,1,3200.00,3200.00,PE,lima,LMA,
"Rosa Carrasco Huarcaya","rosa.carrasco huarcaya",2025-11-26T00:00:00,2025-11-22T17:28:03,rosacarrasco0224@gmail.com,1,3700.00,3700.00,PE,Pisco,ICA,
"JENNY PAOLA BERNAL LORO","jenny paola.bernal loro",2025-11-25T02:51:35,2025-11-24T21:17:44,jpao_bernal@outlook.com,2,2800.00,1400.00,PE,LIMA,LMA,
"Prueba Prueba",prueba.prueba-4655,2025-11-25T00:00:00,2025-11-18T15:58:24,haweyer477@fermiro.com,1,3698.00,3698.00,PE,Lima,LMA,
"Araceli Elizabeth Perez Rivadeneyra","araceli elizabeth.perez rivadeneyra",2025-11-24T21:25:44,2025-11-24T16:25:43,ara.perezrivadeneyra@gmail.com,1,110.00,110.00,PE,Lince,LMA,
"Michelle Abanto",michelle.abanto,2025-11-24T15:49:09,2025-11-24T10:49:08,michelleabantoa@gmail.com,1,1300.00,1300.00,PE,"Santiago de Surco",LMA,
"María Correa pacheco","maria.correa pacheco",2025-11-24T14:12:53,2025-11-24T09:12:52,stephaniezoraida@gmail.com,1,85.00,85.00,PE,"Chorrillos/ Lima",LMA,
"Roni Vasquez Paredes","roni.vasquez paredes",2025-11-24T01:05:16,2025-11-23T20:05:15,ronish0510@gmail.com,1,1599.00,1599.00,PE,"SAN MARTIN DE PORRES",LMA,
"OSCAR FUENTES GALVÁN","oscar.fuentes galvan",2025-11-24T00:00:00,2025-11-24T18:09:39,ofg_leon@yahoo.es,1,1900.00,1900.00,PE,Breña,LMA,
"John Ramirez Camones","john.ramirez camones",2025-11-21T21:38:33,2025-11-21T16:38:32,johnrc3005@gmail.com,1,3300.00,3300.00,PE,Lima,LMA,
"Albert Camacho Canario","albert.camacho canario",2025-11-21T00:00:00,2025-11-11T12:06:39,albert.c.canario@gmail.com,1,1700.00,1700.00,PE,"LIMA METROPOLITANA",LMA,
"Miguel Dotras",miguel.dotras,2025-11-19T02:26:58,2025-11-18T21:26:56,chinod@gmail.com,1,2300.00,2300.00,PE,lima,LMA,
"Maria Zeballos",maria.zeballos,2025-11-19T00:00:00,2025-11-14T09:33:39,mariazeb@gmail.com,1,14000.00,14000.00,PE,lima,LMA,
"Lucero Morales",lucero.morales,2025-11-18T00:00:00,2025-11-11T22:38:46,lucero.morales0688@gmail.com,1,1499.00,1499.00,PE,Lima,LMA,
"Bianca Lozano Neyra","bianca.lozano neyra",2025-11-16T03:35:02,2025-11-15T22:35:01,biancalozanoneyra@gmail.com,1,3200.00,3200.00,PE,lima,LMA,
"Diego Avil",diego.avil,2025-11-14T03:54:21,2025-11-13T22:54:20,i8umu8@gmail.com,1,3600.00,3600.00,PE,Lima,LMA,
"JEAN PIERRE EZETA FELIX","jean pierre.ezeta felix",2025-11-14T00:00:00,2025-11-13T13:44:48,jpezeta@pucp.pe,1,3200.00,3200.00,PE,"Jesús María",LMA,
"Joaquin Dioses",joaquin.dioses,2025-11-14T00:00:00,2025-11-13T16:25:18,wii452@hotmail.com,1,2300.00,2300.00,PE,SJL,LMA,
"Alexa Suarez Felice","alexa.suarez felice",2025-11-13T21:33:32,2025-11-13T16:33:31,alexasuarez13@hotmail.com,1,90.00,90.00,PE,"San Borja",LMA,
"Valentina Arteaga Castro","valentina.arteaga castro",2025-11-13T01:21:13,2025-11-12T20:21:11,varteagac06@gmail.con,1,1599.00,1599.00,PE,Lima,LMA,
"Mayra Alejandra",mayra.alejandra,2025-11-12T21:56:43,2025-11-12T16:56:41,mayra.ale25@hotmail.com,1,40.00,40.00,PE,Lima,LMA,
"Patricia Alarcón effus","patricia.alarcon effus",2025-11-10T14:51:35,2025-11-10T09:51:34,Patricia_effus@hotmail.com,1,85.00,85.00,PE,Callao,CAL,
"jose vasquez",jose.vasquez,2025-11-10T13:57:22,2025-11-10T08:57:21,josevas55@gmail.com,1,190.00,190.00,PE,lima,LMA,
"Aracelly Toledo Henostroza","aracelly.toledo henostroza",2025-11-07T05:38:23,2025-11-07T00:38:21,aracellytoledot@gmail.com,1,1499.00,1499.00,PE,Chorrillos,LMA,
"Gianmarco Palian cordova","gianmarco.palian cordova",2025-11-07T01:52:48,2025-11-06T20:52:47,gianmarcos_11@hotmail.com,1,4400.00,4400.00,PE,"El Agustino",LMA,
"Sofia Davila",sofia.davila,2025-11-05T16:14:42,2025-11-05T11:14:41,sofiadavila28@gmail.com,1,1900.00,1900.00,PE,Lima,LIM,
"sashi ahhumada",sashi.ahhumada,2025-11-05T00:00:00,2025-10-31T21:59:06,sashiahumada05@gmail.com,1,3200.00,3200.00,PE,guadalupe,LAL,
"Fabian Alexis Castañeda Flores","fabian alexis.castaneda flores",2025-10-29T00:00:00,2025-10-24T12:43:17,fabianelpapi122@gmail.com,1,115.00,115.00,PE,Lima,LMA,
"Hamada Mohamed",hamada.mohamed,2025-10-27T00:00:00,2025-10-26T16:18:41,first_hand2008@yahoo.com,1,85.00,85.00,PE,Lima,LIM,
"Jordan Moreno",jordan.moreno,2025-10-26T02:20:08,2025-10-25T21:20:07,hesar13124@dwakm.com,1,3600.00,3600.00,PE,Lima,LIM,
"homerys quintero",homerys.quintero,2025-10-25T00:00:00,2025-10-11T13:40:42,venta.lince@glperu.com,1,3100.00,3100.00,PE,lince,LMA,
"Maria Elena Lopez Risco","maria elena.lopez risco",2025-10-24T03:14:32,2025-10-23T22:14:31,mariaelenalopez2601@gmail.com,1,2300.00,2300.00,PE,lima,LIM,
"Claudia Abrisqueta Zevallos","claudia.abrisqueta zevallos",2025-10-24T00:00:00,2025-10-21T09:41:59,claudia.abrisqueta57@gmail.com,1,1599.00,1599.00,PE,Lima,LMA,
"EMER ESCALANTE",emer.escalante,2025-10-23T22:52:00,2025-10-23T17:51:59,EMER.ESCALANTE@ECOTEC.COM.PE,1,115.00,115.00,PE,"Caretera Central",JUN,
"GLADIS CORONADO",gladis.coronado,2025-10-23T17:18:56,2025-10-23T12:18:55,ADMIN@CHEMITECH.COM.PE,1,6650.00,6650.00,PE,LIMA,LMA,
"Carlos Mario Talledo Anton","carlos mario.talledo anton",2025-10-23T03:07:30,2025-10-22T22:07:29,mariotalledo.ps@gmail.com,1,1849.00,1849.00,PE,Lima,LMA,
"Leandro Sáenz Rodriguez","leandro.saenz rodriguez",2025-10-23T03:07:23,2025-10-22T22:07:22,leandrosanzoficial@gmail.com,1,3600.00,3600.00,PE,Lima,LMA,
"Eduardo La Rosa Maldonado","eduardo.la rosa maldonado",2025-10-21T17:17:09,2025-10-21T12:17:07,etinlarosa@gmail.com,1,775.00,775.00,PE,Talavera,APU,
"jack ramos",jack.ramos,2025-10-21T15:41:25,2025-10-21T10:41:24,20052056@alo.ulima.edu.pe,1,3100.00,3100.00,PE,lima,LMA,
"Jannet rubi Olivos Garcia","jannet rubi.olivos garcia",2025-10-21T00:00:00,2025-10-11T13:37:18,rubiolivosgarcia19@gmail.com,1,3300.00,3300.00,PE,Lima,LMA,
"Alvaro Campos Guerrero","alvaro.campos guerrero",2025-10-20T22:09:23,2025-10-20T17:09:22,alvaroforyou078@gmail.com,1,3600.00,3600.00,PE,Lima,LMA,
"Ivan Zavaleta",ivan.zavaleta,2025-10-20T17:39:58,2025-10-20T12:39:57,zetacesar354@gmail.com,1,20.00,20.00,PE,Chiclayo,LAM,
"Alexandra Garcia",alexandra.garcia,2025-10-20T06:24:44,2025-10-20T01:24:43,ag8067605@gmail.con,1,3600.00,3600.00,PE,Lima,LIM,
"Masiel Morales",masiel.morales,2025-10-19T19:28:18,2025-10-19T14:28:17,massielcastaneda86@gmail.com,1,3200.00,3200.00,PE,Lima,LMA,
"José Inostroza Caballero","jose.inostroza caballero",2025-10-19T00:00:00,2025-10-16T13:41:04,joseassasing@gmail.com,1,20.00,20.00,PE,"Santiago de Surco",LMA,
"PABLO OCHOA",pablo.ochoa,2025-10-18T05:07:08,2025-10-18T00:07:07,po913201912@gmail.com,1,3300.00,3300.00,PE,"San Miguel",LMA,
"Katherine Lara Rivera","katherine.lara rivera",2025-10-16T23:06:34,2025-10-16T18:06:33,aleni25@hotmail.com,1,3600.00,3600.00,PE,Arvada,LIM,
"CARLOS VASQUEZ PUELLES","carlos.vasquez puelles",2025-10-14T17:28:31,2024-07-17T18:51:24,carlos_vp1@hotmail.com,2,80.00,40.00,PE,CHICLAYO,LAM,
"Hideo Fabio De Melo Navarro","hideo fabio.de melo navarro",2025-10-14T00:00:00,2025-10-04T17:59:44,carmanblock@gmail.com,1,4600.00,4600.00,PE,"Aucallama palpa",LIM,
"Nathaly Castro villar","nathaly.castro villar",2025-10-12T17:35:36,2025-10-12T12:35:35,veronicaviviana20148@gmail.com,1,4400.00,4400.00,PE,Chimbote,ANC,
"Dalila Liñan sotelo","dalila.linan sotelo",2025-10-11T00:00:00,2025-10-10T17:01:40,dalilaestherlis@gmail.com,1,3600.00,3600.00,PE,lima,LMA,
"Bryan Rafael León Tello","bryan rafael.leon tello",2025-10-09T00:00:00,2025-09-28T06:58:00,bryanrlt98@gmail.com,1,5500.00,5500.00,PE,Huamanga,AYA,
"Wenders Torres",wenders.torres,2025-10-09T00:00:00,2025-09-25T20:08:03,Wendersivi99@gmail.com,1,2300.00,2300.00,PE,"San Juan de Lurigancho",LMA,
"Abner Jesús Altez Macazana","abner jesus.altez macazana",2025-10-07T23:49:08,2025-10-07T18:49:07,acolitodios@gmail.com,1,3600.00,3600.00,PE,"Carmen De La Legua Reynoso",CAL,
"David manuel Salas roldan","david manuel.salas roldan",2025-10-07T00:00:00,2025-10-06T18:11:07,davico697@hotmail.com,1,4000.00,4000.00,PE,Lima,LIM,
"mario gonzales",mario.gonzales,2025-10-07T00:00:00,2025-09-29T10:57:29,mgonzales2494@gmail.com,1,3700.00,3700.00,PE,Rimac,LMA,
"Piero Alonso Azpilcueta vera","piero alonso.azpilcueta vera",2025-10-05T00:00:00,2025-09-25T10:01:36,pierovera02@outlook.com,1,775.00,775.00,PE,lima,LMA,
"Xxxx Xxzzz",xxxx.xxzzz,2025-10-03T00:00:00,2025-10-01T14:03:16,zzz@xzzzz.com.pe,1,4100.00,4100.00,PE,Zzzzz,CAL,
"Marilyn yudith Piscoya Atencia","marilyn yudith.piscoya atencia",2025-10-02T17:52:46,2025-10-02T00:02:39,marilynpiscoyaatencia@gmail.com,2,170.00,85.00,PE,lima,LMA,
"Josias Bustos",josias.bustos,2025-10-02T00:00:00,2025-09-23T20:28:09,josiasbustos05@gmail.com,1,500.00,500.00,PE,Moquegua,MOQ,
"Marisol Paz Soldán Rodríguez","marisol.paz soldan rodriguez",2025-10-01T17:15:54,2025-10-01T12:15:52,marisol_pazsoldan@hotmail.com,1,4100.00,4100.00,PE,Lima,LMA,
"Ana Cristina Espinoza Padilla","ana cristina.espinoza padilla",2025-10-01T00:00:00,2025-09-28T19:30:44,cristhinaespinoza20@gmail.com,1,1600.00,1600.00,PE,Barranco,LMA,
"thalia sanchez sarmiento","thalia.sanchez sarmiento",2025-10-01T00:00:00,2025-09-30T14:16:58,thaliarosmeryy19121996@gmail.com,1,3500.00,3500.00,PE,"la liberta",LAL,
"PATRICIA Flores acosta","patricia.flores acosta",2025-09-30T18:03:57,2025-09-30T13:03:55,patriciakim407@gmail.com,1,3700.00,3700.00,PE,Lima,LMA,
"Deysi Sue Torbisco PEÑA","deysi sue.torbisco pena",2025-09-29T17:44:01,2025-09-29T12:43:59,torbiscosue@gmail.com,1,85.00,85.00,PE,Lima,LMA,
"Leandro Beas",leandro.beas,2025-09-28T08:29:56,2025-09-28T03:29:54,leipiu85@gmail.com,1,3700.00,3700.00,PE,Lima,LMA,
"Jose Armando Huaman Sangay","jose armando.huaman sangay",2025-09-28T00:00:00,2025-09-22T20:32:42,jhuamansangay@gmail.com,1,3700.00,3700.00,PE,"San Isidro",LMA,
"Efrain Susanibar",efrain.susanibar,2025-09-28T00:00:00,2025-09-14T23:14:31,n.efraefra@gmail.com,2,4600.00,2300.00,PE,Huaral,LIM,
"Kevin Gonzalo Anastacio Vallejos","kevin gonzalo.anastacio vallejos",2025-09-28T00:00:00,2025-09-17T13:07:08,kanastaciovallejos@gmail.com,1,3300.00,3300.00,PE,Cajamarca,CAJ,
"Josué Cóndor Aguilar","josue.condor aguilar",2025-09-27T02:04:16,2025-09-26T09:06:38,jcondor218@gmail.com,2,8800.00,4400.00,PE,"Nuevo chimbote",ANC,
"Pedro abraham Carranza aguirre","pedro abraham.carranza aguirre",2025-09-26T00:00:00,2024-04-12T20:34:05,carranza.pedro.a.a@gmail.com,2,2039.00,1019.50,PE,Lima,LMA,
"ABISH PARRAGA ALVARINO","abish.parraga alvarino",2025-09-26T00:00:00,2024-07-15T15:39:11,lili.parraga@hotmail.com,1,150.00,150.00,PE,LIMA,LMA,
"Raquel Saycco jimenez","raquel.saycco jimenez",2025-09-25T20:58:21,2025-09-25T15:58:20,raquelh_1991@hotmail.com,1,3300.00,3300.00,PE,"Villa El Salvador",LMA,
"Nicole Reategui Teran","nicole.reategui teran",2025-09-25T15:52:01,2025-09-25T10:52:00,nicole05.rt@gmail.com,1,1500.00,1500.00,PE,Lima,LMA,
"Antony Montoya Guevara","antony.montoya guevara",2025-09-25T00:00:00,2025-09-23T21:49:42,antonymontoya83@gmail.com,1,20.00,20.00,PE,"Santiago de surco",LMA,
"Billy Velez De Villa Bueno","billy.velez de villa bueno",2025-09-23T01:50:20,2025-09-22T20:50:19,brvvb3005@gmail.com,1,2300.00,2300.00,PE,Huarmey,ANC,
"Samantha Inofuente Portugal","samantha.inofuente portugal",2025-09-22T00:00:00,2025-09-10T15:00:37,sam.inofuente@gmail.com,1,1600.00,1600.00,PE,"San Martin De Porres",LMA,
"Gustavo Zavala",gustavo.zavala,2025-09-21T01:02:59,2025-09-20T20:02:57,ghuz_04@hotmail.com,1,1500.00,1500.00,PE,Lima,LMA,
"manuel carrero",manuel.carrero,2025-09-20T20:07:28,2025-09-20T15:07:27,manuelwilmercarrera@gmail.com,1,4400.00,4400.00,PE,"villa el salvador",LMA,
"Jean Carlos Carhuaricra Ceras","jean carlos.carhuaricra ceras",2025-09-19T17:29:27,2025-09-19T12:29:26,jean.carhuaricra@outlook.com,1,500.00,500.00,PE,Breña,LMA,
"Brigitte Estefany Huaranca Lopez","brigitte estefany.huaranca lopez",2025-09-19T00:00:00,2025-09-13T15:48:33,bri1992.hl@gmail.com,1,4000.00,4000.00,PE,lima,LMA,
"richard gil",richard.gil,2025-09-19T00:00:00,2025-09-07T09:54:25,richardgilgomez@gmail.com,1,950.00,950.00,PE,lima,LMA,
"ORIANA MILAGROS SERNAQUE ROJAS","oriana milagros.sernaque rojas",2025-09-19T00:00:00,2025-09-18T17:51:38,o.milagros_99@hotmail.com,1,3300.00,3300.00,PE,Piura,PIU,
"Aldhair Jesus Gastañadui Janampa","aldhair jesus.gastanadui janampa",2025-09-17T00:00:00,2025-08-15T13:31:44,aldair10960@gmail.com,1,3300.00,3300.00,PE,"San Juan De Lurigancho",LMA,
"andree huaman",andree.huaman,2025-09-14T02:59:35,2025-09-13T21:59:33,alarconeler@gmail.com,1,1600.00,1600.00,PE,lima,LMA,
"Diego Acho Llerena","diego.acho llerena",2025-09-13T21:15:22,2025-09-13T16:15:21,acho.diego@gmail.com,1,3300.00,3300.00,PE,"San Miguel",LMA,
"Franco Antonio Lucana Mamani","franco antonio.lucana mamani",2025-09-10T00:00:00,2025-09-09T13:18:30,antoniolucana211@gmail.com,1,3700.00,3700.00,PE,Lima,LMA,
"Sergio Alberto Castillo Farromeque","sergio alberto.castillo farromeque",2025-09-09T18:41:14,2025-09-09T13:41:13,sergiocastillo2604@gmail.com,1,45.00,45.00,PE,Huarmey,ANC,
"ENMANUEL Olortegui",enmanuel.olortegui,2025-09-09T14:23:00,2025-09-09T09:22:58,enmanuel_8070@hotmail.com,1,2150.00,2150.00,PE,Trujillo,LAL,
"Yordan Llacsahuache",yordan.llacsahuache,2025-09-09T03:36:50,2025-09-08T22:36:48,llacsahuache05012007@gmail.com,1,3200.00,3200.00,PE,Guadalupe,LAL,
"CHRISTOPHER BRYAM FUENTES SANDOVAL","christopher bryam.fuentes sandoval",2025-09-08T14:32:10,2025-09-08T09:32:09,CHRISTOPHER.FUEGNTES@GMAIL.COM,1,4400.00,4400.00,PE,"URB. CIUDAD DEL PESCADOR",CAL,
"Luis Enrique Revilla Espinoza","luis enrique.revilla espinoza",2025-09-08T02:37:34,2025-09-07T21:37:33,chuchadexd@gmail.com,1,3700.00,3700.00,PE,Callao,LMA,
"Jose maria Saenz neria","jose maria.saenz neria",2025-09-07T15:34:32,2025-09-07T10:34:31,Josesaenzneria@gmail.com,1,3700.00,3700.00,PE,"La victoria",LAM,
"EdiXoN VeRa",edixon.vera,2025-09-06T23:35:54,2025-09-06T18:35:24,mencho_116@hotmail.com,1,4500.00,4500.00,PE,Peru,ICA,
"Ivan Vallenas Muñoz","ivan.vallenas munoz",2025-09-06T13:40:16,2025-09-06T08:39:46,elgrillovmt@gmail.com,1,21000.00,21000.00,PE,Lima,LMA,
"diego castillo sanchez","diego.castillo sanchez",2025-09-06T00:42:46,2025-09-05T19:42:15,castillosanchezdiego@6gmail.com,1,115.00,115.00,PE,"la victoria chiclayo",LAM,
"Sonia Medina Antaurco","sonia.medina antaurco",2025-09-05T18:37:04,2025-09-05T13:36:34,sonianatalimedina@gmail.com,1,3300.00,3300.00,PE,Lima,LMA,
"Raul Alfredo Sobero Mackenzie","raul alfredo.sobero mackenzie",2025-09-04T16:35:37,2025-09-04T11:35:07,rsobero@socal.rr.com,1,2150.00,2150.00,PE,"Barranco, Lima",LMA,
"Stephanie García",stephanie.garcia,2025-09-03T14:08:25,2025-09-03T09:07:55,garciaestradast@gmail.com,1,1600.00,1600.00,PE,"Santiago de Surco",LMA,
"Mauricio Delgado",mauricio.delgado,2025-09-02T17:29:19,2025-09-02T12:28:48,720mauricio720@gmail.com,1,32000.00,32000.00,PE,Lima,LMA,
"Jhon Eduardo Huaman Gamarra","jhon eduardo.huaman gamarra",2025-09-02T04:22:25,2025-09-01T23:21:55,jhoneduardohg@gmail.com,1,4400.00,4400.00,PE,Lima,LMA,
"Irwin John Miranda","irwin john.miranda",2025-09-01T05:19:10,2025-09-01T00:18:40,kovin.1679@gmail.com,1,930.00,930.00,PE,"Nuevo Chimbote",ANC,
"Edwin Arrascue Hernández","edwin.arrascue hernandez",2025-08-30T17:58:42,2025-08-30T12:58:12,edwinah20@gmail.com,1,930.00,930.00,PE,"Comas - lima",LMA,
"Fredi Perez Chigne","fredi.perez chigne",2025-08-30T01:29:40,2025-08-22T20:40:21,pfredi72@gmail.com,3,15700.00,5233.33,PE,Huaral,LIM,
"Maria Tello Ruiz","maria.tello ruiz",2025-08-29T23:11:35,2025-08-29T18:11:04,mariatello27.mt@gmail.com,1,1599.00,1599.00,PE,"Nuevo Chimbote",ANC,
"Gretel De la Cruz Castañeda","gretel.de la cruz castaneda",2025-08-29T20:15:06,2025-08-29T15:14:35,greteldelacruz1998@gmail.com,1,3300.00,3300.00,PE,Lima,LMA,
"Julia Valdivia Sifuentes","julia.valdivia sifuentes",2025-08-28T16:54:16,2025-08-28T11:53:46,juliaelena@gmail.com,1,2150.00,2150.00,PE,Lima,LMA,
"Nnn Hhh",nnn.hhh,2025-08-28T06:17:12,2025-08-28T01:16:42,riosolinda7@gmail.com,1,1499.00,1499.00,PE,Lima,LMA,
"Aldo Yanahura",aldo.yanahura,2025-08-26T15:31:57,2025-08-26T10:31:27,ayanahura@yahoo.com,1,90.00,90.00,PE,"Pueblo libre",LMA,
"Marcia Germany",marcia.germany,2025-08-26T04:41:00,2025-08-25T23:40:29,marciagermany9@gmail.com,1,1599.00,1599.00,PE,Lima,LMA,
"Joseph Aaron Román Cruz","joseph aaron.roman cruz",2025-08-26T00:40:00,2025-08-25T19:39:29,josephroman2906@gmail.com,1,4000.00,4000.00,PE,"Villa El Salvador",LMA,
"Paulina Grunwaldt",paulina.grunwaldt,2025-08-24T02:03:56,2025-08-23T21:03:25,grunwaldtpaulina@gmail.com,1,2325.00,2325.00,PE,"Alta Gracia/Cordoba/argentiina",UCA,
"marcia Bernaola",marcia.bernaola,2025-08-23T03:12:08,2025-08-22T22:11:37,marciaberi3010@hotmail.com,1,2500.00,2500.00,PE,lima,LMA,
"Jordi Maita",jordi.maita,2025-08-23T02:14:17,2025-08-22T21:13:46,jordimatt80@hotmail.com,1,1700.00,1700.00,PE,Arequipa,ARE,
"Aaron Masache",aaron.masache,2025-08-19T03:09:58,2025-08-18T22:09:28,aaronmasacheamanchay@gmail.com,1,3600.00,3600.00,PE,"El Agustino",LMA,
"Celso Conga yace","celso.conga yace",2025-08-17T21:29:53,2025-08-17T16:29:22,celsoconga7@gmail.com,1,3900.00,3900.00,PE,Huanta,AYA,
"Alessandro Fabian Medina","alessandro.fabian medina",2025-08-15T22:02:18,2025-08-15T17:01:47,fabianmedinaalessandro420@gmail.com,1,85.00,85.00,PE,"San Miguel",LMA,
"Oscar Tuesta Yturry","oscar.tuesta yturry",2025-08-15T02:28:18,2025-08-14T21:27:48,oscar.ty@hotmail.com,1,4000.00,4000.00,PE,"Santiago De Surco",LMA,
"Noé Santacruz Labán","noe.santacruz laban",2025-08-15T00:00:00,2025-08-01T13:29:25,milenium_art_si@hotmail.com,2,8300.00,4150.00,PE,"la libertad",LMA,
"Facundo Tomas Cusi Mayuri","facundo tomas.cusi mayuri",2025-08-14T13:27:08,2025-08-14T08:26:38,facundo.dedalk@gmail.com,1,3300.00,3300.00,PE,Lima,LMA,
"Valeria Domecq",valeria.domecq,2025-08-12T02:43:59,2025-08-11T21:43:29,valeriadomecqleon@gmail.com,1,4000.00,4000.00,PE,Lima,APU,
"Luís Tito",luis.tito,2025-08-11T23:19:09,2025-08-11T18:18:38,ltito9530@gmail.com,1,930.00,930.00,PE,Comas,LMA,
"Silvia Tardio ceras","silvia.tardio ceras",2025-08-10T11:46:11,2025-08-10T06:46:10,smtardio85@gmail.com,1,2500.00,2500.00,PE,Lima,LIM,
"Maria Mora Lazoni","maria.mora lazoni",2025-08-08T22:23:08,2025-08-08T17:23:08,mariah34.ml@gmail.com,1,2500.00,2500.00,PE,Chorrillos/Lima,LMA,
"Fiorela Pickman",fiorela.pickman,2025-08-08T17:09:04,2025-08-08T12:09:03,fiorela.pickman@gmail.com,1,50.00,50.00,PE,SURQUILLO,LMA,
"Jairo Joel Casafranca Barzola","jairo joel.casafranca barzola",2025-08-08T15:38:17,2025-08-08T10:38:16,jairojoelcb@gmail.com,1,50.00,50.00,PE,"Santiago de Surco",LMA,
"Gustavo GAray",gustavo.garay,2025-08-07T00:06:54,2025-08-06T19:06:54,ggaraya23@gmail.com,1,3500.00,3500.00,PE,Celendin,CAJ,
"Sergio Vasquez Cancino","sergio.vasquez cancino",2025-08-05T02:15:42,2025-08-04T21:15:41,sermari5414@gmail.com,1,500.00,500.00,PE,"El agustino",LMA,
"Jenifer Carrion",jenifer.carrion,2025-08-04T21:30:57,2025-08-04T16:30:57,carrionjenifer27@gmail.com,1,6400.00,6400.00,PE,Lince,LMA,
"Diego Nieto Sanjinez","diego.nieto sanjinez",2025-08-04T21:30:36,2025-08-04T16:30:35,dn830712@gmail.com,1,4000.00,4000.00,PE,"San Martin de Porres",LMA,
"Diana Carolina Carlos Neyra","diana carolina.carlos neyra",2025-08-04T03:15:11,2025-08-03T22:15:10,matro73400@gmail.com,1,3200.00,3200.00,PE,Ate,LMA,
"Giancarlos Phillips",giancarlos.phillips,2025-08-04T00:37:41,2025-08-03T19:37:40,gian.phill.cor@gmail.com,1,1700.00,1700.00,PE,Callao,CAL,
"Heidy Alva",heidy.alva,2025-08-02T22:13:42,2025-08-02T17:13:41,heidy.alva09@gmail.com,1,2300.00,2300.00,PE,150136,LIM,
"claudia melissa caquiamarca vasquez","claudia melissa.caquiamarca vasquez",2025-07-31T20:17:33,2025-07-31T15:17:32,klaudia_ccv@hotmail.com,1,3600.00,3600.00,PE,breña,LMA,
"Antunette Rosas Pulido","antunette rosas.pulido",2025-07-30T16:41:52,2025-07-30T11:41:51,antuanetterosas283@gmail.com,1,2150.00,2150.00,PE,Lima,LMA,
"Liria Rebeca MaldonadoPuyo","liria rebeca.maldonadopuyo",2025-07-29T14:17:14,2025-07-29T09:17:14,rebeca98maldonado@gmail.com,1,3300.00,3300.00,PE,Tarapoto,SAM,
"Pamela Cervantes Saavedra","pamela.cervantes saavedra",2025-07-27T05:23:43,2025-07-27T00:23:42,pamela.cervantes@outlook.com,1,1850.00,1850.00,PE,Callao,CAL,
"Johanna alicia Yupanqui Franco","johanna alicia.yupanqui franco",2025-07-25T00:00:00,2025-05-25T22:49:32,johanna93_4@hotmail.com,1,100.00,100.00,PE,Lima,LMA,
"Raquel Blas",raquel.blas,2025-07-22T21:10:51,2025-07-22T16:10:51,odontop.raquel@gmail.com,1,45.00,45.00,PE,lima,LMA,
"Sofia Huamani",sofia.huamani,2025-07-22T19:23:08,2025-07-22T14:23:07,shuamani@lusanlatam.com,1,3600.00,3600.00,PE,"Santiago de survo",LMA,
"cayetano diaz llaccta","cayetano.diaz llaccta",2025-07-19T17:09:32,2025-07-19T12:09:31,cayetanodiazllaccta@gmail.com,1,3700.00,3700.00,PE,Lircay,HUV,
"Nelida Huamani aguilar","nelida.huamani aguilar",2025-07-19T11:29:34,2025-07-19T06:29:33,huamaniaguilarnelida@gmail.com,1,2300.00,2300.00,PE,Huanta,AYA,
"Yony miker Huaman nieto","yony miker.huaman nieto",2025-07-16T23:39:29,2025-07-16T18:39:29,yonymkhn@gmail.com,1,3700.00,3700.00,PE,HUARAL,LIM,
"Nayeli Beatriz Giraldo Veramatus","nayeli beatriz.giraldo veramatus",2025-07-16T16:55:14,2025-07-16T11:55:13,nayeligiraldo20sullive@gmail.com,1,1850.00,1850.00,PE,Callao,CAL,
"Almendra Martinez",almendra.martinez,2025-07-15T16:57:12,2025-07-15T11:57:11,almendramartinzchavez@gmail.com,1,3400.00,3400.00,PE,Lima,LMA,
"Jessica rojas",jessica.rojas,2025-07-13T03:16:50,2025-07-12T22:16:49,rojasc@gmail.com,1,45.00,45.00,PE,Lima,LMA,
"Hilary Buitrón Monzón","hilary.buitron monzon",2025-07-12T02:56:09,2025-07-11T21:56:08,hbuitronmo@ucvvirtual.edu.pe,1,3700.00,3700.00,PE,Comas,LMA,
"Marcelo Giribaldi giribaldi","marcelo giribaldi.giribaldi",2025-07-11T07:54:15,2025-07-11T02:54:15,marcelogiribaldibullen230@gmail.com,1,3600.00,3600.00,PE,lima,LMA,
"jader Augusto Martin Villanueva Goicochea","jader augusto martin.villanueva goicochea",2025-07-06T16:54:45,2025-07-06T11:53:15,jadervillanueva2@gmail.com,2,40.00,20.00,PE,LIMA,LMA,
"MATEO JOAN HUAYABA CALDAS","mateo joan.huayaba caldas",2025-07-02T17:21:51,2025-07-02T12:21:50,cruzriosavellaneda@gmail.com,1,2500.00,2500.00,PE,"SAN AGUSTIN",CAL,
"Leonardo Fabian Flores Lujan","leonardo fabian.flores lujan",2025-07-02T14:31:16,2025-07-02T09:31:14,lefaflu1206@gmail.com,1,3700.00,3700.00,PE,Lima,LMA,
"Johanna Marchand",johanna.marchand,2025-06-30T16:35:26,2025-06-30T11:35:25,johannamarchandp@gmail.com,1,115.00,115.00,PE,Lima,LMA,
"Yasmin Portalatino",yasmin.portalatino,2025-06-29T20:55:41,2025-06-29T15:55:40,willy1702.wg@gmail.com,1,45.00,45.00,PE,"San Martin de Porres",LMA,
"Eliana Castilla Pizarro","eliana.castilla pizarro",2025-06-29T02:53:27,2025-06-28T21:53:26,elianacastilla12@gmail.com,1,50.00,50.00,PE,"VILLA SEÑOR DE LOS MILAGROS",CAL,
"Aniceto Checca Apaza","aniceto.checca apaza",2025-06-28T21:52:07,2025-06-28T16:52:06,checcaapaza@gmail.com,1,500.00,500.00,PE,Sicuani,CUS,
"Yaré Cutti",yare.cutti,2025-06-28T13:44:29,2025-06-28T08:44:28,yareyamilet357@gmail.com,1,100.00,100.00,PE,Callao,CAL,
"Juana Rosa Judith Manrique Torres","juana rosa judith.manrique torres",2025-06-28T11:25:22,2023-02-23T22:31:05,yiyis77@gmail.com,4,340.00,85.00,PE,"San Martin de Porres",LMA,
"Pamela Vasquez Paredes","pamela.vasquez paredes",2025-06-27T20:07:36,2025-06-27T15:07:36,Pamelamaico@hotmail.com,1,50.00,50.00,PE,Lima,LMA,
"Aldair Yzanotegui",aldair.yzanotegui,2025-06-27T19:51:40,2025-06-27T14:51:39,ayzanotegui22@gmail.com,1,4000.00,4000.00,PE,Lima,LMA,
"Janet Velasquez Chaname","janet.velasquez chaname",2025-06-27T07:22:28,2025-06-27T02:22:28,javelchupc@gmail.com,1,90.00,90.00,PE,Lima,LMA,
"Eli Osorio Juipa","eli.osorio juipa",2025-06-27T03:25:43,2025-06-26T22:25:42,eliosojuipa1987@gmail.com,1,150.00,150.00,PE,Lima,LMA,
"JARUMY RAMOS",jarumy.ramos,2025-06-26T21:49:01,2025-06-26T16:48:57,RAMOSOLIVALINEY@GMAIL.COM,1,45.00,45.00,PE,CALLAO,CAL,
"Re Rc",re.rc,2025-06-26T15:35:35,2025-06-26T10:32:21,vtt@hotmail.com,2,7000.00,3500.00,PE,Lince,LMA,
"Camila Rivas Montesinos","camila.rivas montesinos",2025-06-24T16:45:35,2025-06-24T11:45:35,alessarm1995@gmail.com,1,2500.00,2500.00,PE,Bellavista,CAL,
"GUILLERMO ROSALES LEYVA","guillermo.rosales leyva",2025-06-24T16:20:42,2025-06-24T11:20:42,guillermorosales999@gmail.com,1,150.00,150.00,PE,"Santiago de Surco",LMA,
"Udksksjus Djdjd",udksksjus.djdjd,2025-06-24T15:21:54,2025-06-24T10:21:54,jsjs@gmsil.com,1,2300.00,2300.00,PE,Usus,CAL,
"Jennifer Noelia Soto Quiñonez","jennifer noelia.soto quinonez",2025-06-19T19:43:15,2025-06-19T14:43:14,jennifer.noelia.soto@gmail.com,1,50.00,50.00,PE,"San Isidro",LMA,
"Mirtha Yacolca",mirtha.yacolca,2025-06-17T23:47:08,2025-06-17T18:47:07,1511.mds@gmail.com,1,50.00,50.00,PE,"Villa Maria del Triunfo",LMA,
"Giuliano Morales",giuliano.morales,2025-06-17T00:00:00,2025-06-04T13:52:31,giuliano.r02@gmail.com,1,50.00,50.00,PE,Lima,LMA,
"Daniela Espejo Barbarán","daniela.espejo barbaran",2025-06-16T15:59:17,2025-06-16T10:59:17,daniela.espejobarbaran@hotmail.com,1,3600.00,3600.00,PE,Lima,LMA,
"Adriana Asprilla",adriana.asprilla,2025-06-13T14:19:07,2025-06-13T09:19:07,yuliasprilla01@gmail.com,1,2300.00,2300.00,PE,Chocó,AMA,
"Jeremy Madison Collantes Jauregui","jeremy madison.collantes jauregui",2025-06-12T01:39:57,2025-06-11T20:39:56,collantesjeremy@gmail.com,1,3500.00,3500.00,PE,"Puente Piedra",LMA,
"Paris Augier",paris.augier,2025-06-12T00:00:00,2025-06-07T15:01:25,parismia_17@outlook.com,1,100.00,100.00,PE,"Lima, san Miguel",LIM,
"Miryam Salazar Berrocal","miryam.salazar berrocal",2025-06-12T00:00:00,2025-06-06T16:41:05,mlsb_lizeth17@hotmail.com,1,100.00,100.00,PE,lima,LMA,
"Jeniffer Mandy Estrada Paredes","jeniffer mandy.estrada paredes",2025-06-11T23:09:39,2025-06-11T18:09:38,mandyestrada95@gmail.com,1,50.00,50.00,PE,Lima,LMA,
"Michi Real",michi.real,2025-06-11T02:39:58,2025-06-10T21:39:57,christiemichelle5@gmail.com,1,2600.00,2600.00,PE,"La Victoria",LMA,
"Emmanu5 Halxo looez","emmanu5.halxo looez",2025-06-11T00:00:00,2025-05-31T01:45:23,emmanuelrolandodavid93@gmail.com,2,4300.00,2150.00,PE,"San Miguel",LMA,
"Alithu Deyanira Gomez Sialer","alithu deyanira.gomez sialer",2025-06-11T00:00:00,2025-06-03T08:11:18,deyanire.gs@gmail.com,1,140.00,140.00,PE,"Santiago de surco",LMA,
"Milan Rastovic",milan.rastovic,2025-06-10T17:23:55,2025-06-10T12:23:54,milan.rastovic@gmail.com,1,150.00,150.00,PE,Lima,LMA,
"jennifer justo silva","jennifer.justo silva",2025-06-09T22:06:43,2025-06-09T17:06:42,JENNYJUSTO0621@HOTMAIL.COM,1,235.00,235.00,PE,"Lima - Surquillo",LMA,
"Marisela Castillo bendezu","marisela.castillo bendezu",2025-06-09T15:36:46,2025-06-09T10:36:46,mariselacastillobendezu@hotmail.com,1,160.00,160.00,PE,"Cañete distrito de mala",LIM,
"David Acosta Pinedo","david.acosta pinedo",2025-06-09T00:00:00,2025-01-13T18:05:30,acostapinedo.jonel@gmail.com,1,20.00,20.00,PE,Chimbote,ANC,
"coraima velasquez",coraima.velasquez-2206,2025-06-07T02:29:27,2025-06-06T21:29:26,coraimavirginia@gmail.com,1,5900.00,5900.00,PE,Lima,LMA,
"Julio Vizcardo",julio.vizcardo-0415,2025-06-06T15:46:51,2025-06-06T10:15:53,juliovizcardo281@gmail.com,2,7400.00,3700.00,PE,lima,LMA,
"Lorena Pereira",lorena.pereira,2025-06-05T03:59:16,2025-06-04T22:59:15,sasorip04@gmail.com,1,3600.00,3600.00,PE,Lima,LMA,
"Diego Serkovic",diego.serkovic,2025-06-05T00:00:00,2025-06-04T15:57:48,serkomark@gmail.com,1,150.00,150.00,PE,lima,LMA,
"Harold Benites Muñoz","harold.benites munoz",2025-06-05T00:00:00,2025-05-30T11:58:16,haroldbm1599@gmail.com,1,150.00,150.00,PE,Lima,LMA,
"Alexander Bogao",alexander.bogao,2025-06-04T17:02:22,2025-06-04T12:02:21,admin4@4a.pe,1,2150.00,2150.00,PE,Miraflores,LMA,
"Silvana Cajas Oyola","silvana.cajas oyola",2025-06-03T21:05:04,2024-05-22T09:31:11,silvanasud19@gmail.com,2,230.00,115.00,PE,Lima,LMA,
"Mirella Bolaños",mirella.bolanos,2025-06-03T00:00:00,2025-05-30T08:45:43,mielsa2204@gmail.com,1,3400.00,3400.00,PE,Lima,LMA,
"Victor Cotrina Barrantes","victor.cotrina barrantes",2025-06-02T14:37:18,2025-06-02T09:37:18,vcotrina@gmail.com,1,140.00,140.00,PE,Chiclayo,LAM,
"Cesar Eduardo Manrique Vega","cesar eduardo.manrique vega",2025-06-02T00:00:00,2025-05-22T11:57:18,cesarmanriquevega@gmail.com,1,45.00,45.00,PE,Comas,LMA,
"Luis Renato Jaime Ponce","luis renato.jaime ponce",2025-06-02T00:00:00,2025-05-29T11:37:09,Luisrenato.actor@gmail.com,1,50.00,50.00,PE,Lima,LMA,
"Pamela Farah Jaramillo Arbieto","pamela farah.jaramillo arbieto",2025-06-01T21:44:21,2025-06-01T16:44:21,pamelafarah007@gmail.com,1,3300.00,3300.00,PE,"San Miguel",LMA,
"Jean Paul Ramos Mendoza","jean paul.ramos mendoza",2025-06-01T20:08:51,2025-06-01T15:08:50,jeap_07@hotmail.com,1,5200.00,5200.00,PE,huamanga-Ayacucho,AYA,
"pamela esparza",pamela.esparza,2025-06-01T17:32:53,2025-06-01T12:32:52,pamelaesparzaeventos@gmail.com,1,140.00,140.00,PE,Lima,LMA,
"JARUMI GONZALES EGACILA","jarumi.gonzales egacila",2025-05-30T17:46:54,2022-11-30T12:40:55,jarumige13@gmail.com,2,90.00,45.00,PE,chorrillos,LIM,
"dandy espinoza falcón","dandy.espinoza falcon",2025-05-29T21:17:35,2025-05-29T16:17:34,dandyfalcon8@gmail.com,1,180.00,180.00,PE,"San Isidro / Lima",LMA,
"Judith Sarai Vargas Medina","judith sarai.vargas medina",2025-05-29T00:00:00,2025-05-28T18:26:28,jhudithsaii@gmail.com,1,2200.00,2200.00,PE,"San Miguel-Lima",LMA,
"Jorge Vega",jorge.vega,2025-05-27T22:36:24,2025-05-27T17:36:23,cocovga@gmail.com,1,100.00,100.00,PE,"San Martín De Porres",LMA,
"Dalia Rocio Martinez Becerra","dalia rocio.martinez becerra",2025-05-27T19:50:53,2025-05-27T14:50:53,dalia.martinez.b17@gmail.com,1,50.00,50.00,PE,Lima,LMA,
"Josué Reaño Malasquez","josue.reano malasquez",2025-05-27T13:20:26,2024-06-24T16:25:27,josuerex24@gmail.com,5,3560.00,712.00,PE,Lima,LIM,
"Ariana Castro Calderón","ariana.castro calderon",2025-05-27T00:00:00,2024-04-05T13:58:07,ariana.castro.calderon@gmail.com,2,890.00,445.00,PE,"La Perla",CAL,
"Bertha Vasquez Lopez","bertha.vasquez lopez",2025-05-26T13:55:17,2025-05-26T08:55:16,berthavasquezlopez@hotmail.com,1,110.00,110.00,PE,Lima,LMA,
"Julio Vizcardo",julio.vizcardo,2025-05-25T00:00:00,2025-05-23T18:37:44,julioviz284@gmail.com,1,3600.00,3600.00,PE,Lima,LMA,
"Brayan Bacon",brayan.bacon,2025-05-24T00:00:00,2025-05-19T19:17:46,brayanbv10tr@gmail.com,2,9800.00,4900.00,PE,Chorrillos,LMA,
"Karen del rosario Quiroz correa","karen del rosario.quiroz correa",2025-05-24T00:00:00,2025-05-18T10:35:19,karenqcorrea@gmail.com,1,50.00,50.00,PE,"Lima cercado",LMA,
"Juan Luis Fernández Sánchez","juan luis.fernandez sanchez",2025-05-23T00:00:00,2025-05-22T09:42:54,juanluisf38@hotmail.com,1,180.00,180.00,PE,"Jesús María",LMA,
"Sergio Henriquez Caceres","sergio.henriquez caceres",2025-05-23T00:00:00,2025-05-17T17:02:10,sergiohenriquezcaceres@gmail.com,1,3600.00,3600.00,PE,Lima,LMA,
"Jericho Ramírez Quiñones","jericho.ramirez quinones",2025-05-22T00:00:00,2025-05-22T08:30:25,jerichox2002iti@gmail.com,1,3600.00,3600.00,PE,"San martin de porres",LMA,
"Jharold Ismael Cortez Torres","jharold ismael.cortez torres",2025-05-21T16:04:16,2025-05-21T11:04:16,necrox987@hotmail.com,1,3300.00,3300.00,PE,"Pueblo Libre",LMA,
"Yahaira Sánchez Pintado","yahaira.sanchez pintado",2025-05-20T19:47:04,2025-05-20T14:47:04,yspintado@gmail.com,1,60.00,60.00,PE,Lima,LMA,
"Milagros CACERES ASALDE","milagros.caceres asalde",2025-05-19T00:00:00,2025-05-16T16:47:34,milagroscaceresasalde@gmail.com,2,150.00,75.00,PE,lima,LMA,
"Maria Paz Sotomayor","maria paz.sotomayor",2025-05-19T00:00:00,2025-05-18T18:42:17,pazitasotomayor@gmail.com,1,100.00,100.00,PE,Chiclayo,LAM,
"Nilson Quispe Ramos","nilson.quispe ramos",2025-05-18T04:19:19,2025-05-17T23:19:18,nilsonqr72@gmail.com,1,3600.00,3600.00,PE,Mala,LIM,
"carlos perez",carlos.perez,2025-05-18T00:00:00,2025-05-12T20:56:10,melendesjoseluis797@gmail.com,1,2200.00,2200.00,PE,Lima,LMA,
"Estefany Arias",estefany.arias,2025-05-17T00:00:00,2025-05-10T20:21:57,estefanyariasalcantara@gmail.com,1,3400.00,3400.00,PE,Lima,LMA,
"Giancarlo Echegaray",giancarlo.echegaray,2025-05-16T17:14:07,2025-05-16T12:14:06,echegaray79@hotmail.com,1,4900.00,4900.00,PE,Lima,LIM,
"Pepe Gomez",pepe.gomez,2025-05-16T13:44:40,2025-05-16T08:44:39,pepe@gmail.com,1,2500.00,2500.00,PE,Lima,LMA,
"Manuel Huancas Viera","manuel.huancas viera",2025-05-16T00:06:16,2025-05-15T19:06:16,manuelhuancas.15@gmail.com,1,775.00,775.00,PE,Piura,PIU,
"Lizet Escalante Jacome","lizet.escalante jacome-7886",2025-05-16T00:00:00,2025-05-15T14:34:47,lesclantejacome@gmail.com,1,3580.00,3580.00,PE,Lima,LMA,
"Dayana Zapana",dayana.zapana,2025-05-16T00:00:00,2025-05-09T15:53:21,dayanazapanac28@gmail.com,1,3600.00,3600.00,PE,Lima,LMA,
"Johelyn Cordova",johelyn.cordova,2025-05-15T16:21:58,2025-05-15T11:21:57,johelyn.cordova@gmail.com,1,1850.00,1850.00,PE,Lima,LMA,
"Angeline Tacuri",angeline.tacuri,2025-05-15T15:31:36,2025-05-15T10:31:34,lavidaesuncarrusel5516@gmail.com,1,3400.00,3400.00,PE,LIMA,LMA,
"san macos",san.macos,2025-05-15T00:36:33,2025-05-14T19:36:33,dkasd034@gmail.com,1,3700.00,3700.00,PE,lima,LMA,
"Jherson Soria",jherson.soria,2025-05-15T00:00:00,2025-05-12T19:14:34,sjherson5@gmail.com,1,90.00,90.00,PE,"Santiago de Surco/ Lima",LMA,
"Sebastián Neyra",sebastian.neyra,2025-05-14T21:00:27,2025-05-14T16:00:27,neyrasdavilasebastian@gmail.com,1,155.00,155.00,PE,Huacho,LIM,
"Pamela Gomez Salazar","pamela.gomez salazar",2025-05-14T20:55:32,2025-05-14T15:55:31,pamelagomezsalazar@gmail.com,1,310.00,310.00,PE,Lima,LIM,
"Francis Fernandez valdiviai","francis.fernandez valdiviai",2025-05-14T01:10:36,2025-05-13T20:10:35,tatival931@gmail.com,1,3400.00,3400.00,PE,callao,CAL,
"da dawdq",da.dawdq,2025-05-13T20:33:02,2025-05-13T15:33:01,eqweqwe@gmail.com,1,3300.00,3300.00,PE,Lima,LMA,
"Marilin Cárdenas",marilin.cardenas,2025-05-13T16:08:49,2025-05-13T11:08:48,marilincelina@gmail.com,1,50.00,50.00,PE,Ate,LMA,
"Angela Roca",angela.roca,2025-05-13T02:58:39,2025-05-12T21:58:38,angela.michelle.roca@gmail.com,1,2500.00,2500.00,PE,LIMA,LMA,
"Rafaella Manyari Manyari","rafaella manyari.manyari",2025-05-13T00:00:00,2025-05-03T16:27:00,rafaella-manyari@hotmail.com,1,2200.00,2200.00,PE,"Cercado de Lima",LMA,
"Jair Antonio Mermao llerena","jair antonio.mermao llerena",2025-05-13T00:00:00,2025-05-12T14:44:03,jairmermao@gmail.com,1,45.00,45.00,PE,Lima,LMA,
"Miguel Angel",miguel.angel,2025-05-09T22:32:35,2025-05-09T17:32:34,mvalverde@goldenpalace.com.pe,1,3600.00,3600.00,PE,"San Isidro",LMA,
"Nathalia Belen Quijandria Espejo","nathalia belen.quijandria espejo",2025-05-09T19:26:00,2025-05-09T14:25:59,qbelenee@gmail.com,1,2500.00,2500.00,PE,Barranca,LIM,
"Janice Condori vilchez","janice.condori vilchez",2025-05-09T06:10:50,2025-05-09T01:10:49,janicevilchez03@gmail.com,1,3300.00,3300.00,PE,Lima,LMA,
"Piero alfonso Espejo ore","piero alfonso.espejo ore",2025-05-09T00:00:00,2025-05-06T12:37:14,Espejoorepieroalfonso@gmail.com,3,450.00,150.00,PE,Lima,LMA,
"Gabriel Marcos",gabriel.marcos,2025-05-08T20:37:25,2025-05-08T15:37:24,miovichmig@gmail.com,1,150.00,150.00,PE,Lima,LMA,
"Sissy Jennifer Rivadeneyra Grados","sissy jennifer.rivadeneyra grados",2025-05-08T00:00:00,2025-05-04T20:17:14,kittynnifer@gmail.com,1,2200.00,2200.00,PE,Rimac,LMA,
"Jorge Flores Narvaez","jorge.flores narvaez",2025-05-08T00:00:00,2025-04-24T10:42:30,jfloresn.jfn@gmail.com,1,2150.00,2150.00,PE,"Santiago de surco",LMA,
"Fidel arsenio Alvarez antón","fidel arsenio.alvarez anton",2025-05-07T23:23:11,2025-05-07T18:23:10,fidelalvarez760@hotmail.com,1,155.00,155.00,PE,Paita,PIU,
"KATHERINE LUCIA LEON HUAMAN","katherine lucia.leon huaman",2025-05-07T16:40:59,2025-05-07T11:40:59,kathyluulh@gmail.com,1,50.00,50.00,PE,"CERCADO DE LIMA",LMA,
"jordan willian enciso palomino","jordan willian.enciso palomino",2025-05-07T00:00:00,2025-04-30T20:55:19,jordan147.14@gmail.com,1,1900.00,1900.00,PE,Miraflores,LMA,
"Fiorella Vidal franco","fiorella.vidal franco",2025-05-06T00:00:00,2025-05-05T18:03:34,vanne93.25@outlook.com,1,100.00,100.00,PE,lima,LIM,
"Walter Alayo",walter.alayo,2025-05-05T00:00:00,2025-05-03T14:21:06,walteralayoperalta@gmail.com,1,2200.00,2200.00,PE,Surco,LMA,
"Jhonatan Cántaro Martínez","jhonatan.cantaro martinez",2025-05-04T22:42:38,2025-05-04T17:42:37,jhonantan.cantarom@gmail.com,1,2500.00,2500.00,PE,Lima,LMA,
"Jonatan David Manrique Jacinto","jonatan david.manrique jacinto",2025-05-04T00:00:00,2025-05-02T23:30:31,davidmanriquej@outlook.com,1,775.00,775.00,PE,Piura,PIU,
"Jorge Medina",jorge.medina,2025-05-02T19:28:12,2025-05-02T14:28:11,lorem1306@gmail.com,1,2500.00,2500.00,PE,Bellavista,CAL,
"AKEMI MONTOYA ROJAS","akemi.montoya rojas",2025-05-02T15:31:09,2025-05-02T10:31:08,akemi131016@gmail.com,1,50.00,50.00,PE,LIMA/LIMA,LMA,
"Lucero Yllary Ruiz Anchelía","lucero yllary.ruiz anchelia",2025-05-02T00:28:22,2025-05-01T19:28:21,luceroruiz4c@gmail.com,1,50.00,50.00,PE,"Santa anita",LMA,
"Eddie Medina Sosa","eddie.medina sosa",2025-05-01T00:00:00,2025-04-26T09:49:25,eddiemedinasosa@gmail.com,1,1900.00,1900.00,PE,"Los olivos",LMA,
"Karolina Espinoza huamani","karolina.espinoza huamani",2025-04-29T02:31:18,2025-04-23T12:47:57,karolinaespinozahuamani@gmail.com,2,7300.00,3650.00,PE,Lima,LIM,
"Carlos Alberto Lopez Aldana Gomez","carlos alberto.lopez aldana gomez",2025-04-28T19:02:06,2025-04-28T14:02:05,calag1518@gmail.com,1,775.00,775.00,PE,"Cercado De Lima",LMA,
"Diego Verastegui",diego.verastegui,2025-04-28T15:59:30,2025-04-28T10:59:29,dverastegui96@gmail.com,1,160.00,160.00,PE,Lima,LMA,
"Wagner Bances",wagner.bances,2025-04-27T04:06:27,2025-04-26T23:06:27,wbancesp@hotmail.com,1,3600.00,3600.00,PE,Chiclayo,LAM,
"khamilla durand vite","khamilla.durand vite",2025-04-27T01:43:58,2025-04-26T20:43:58,khamilla07091@gmail.com,1,3500.00,3500.00,PE,lima,CAL,
"Allondra Yaniree Cruz Azabache","allondra yaniree.cruz azabache",2025-04-27T00:00:00,2025-04-19T15:53:57,allondra070201@gmail.com,1,1850.00,1850.00,PE,Callao,CAL,
"Kely Garay Mulato","kely.garay mulato",2025-04-27T00:00:00,2025-04-20T13:21:59,garay.kely@gmail.com,1,815.00,815.00,PE,Lima,CAL,
"Giovanni Rivera",giovanni.rivera,2025-04-26T00:00:00,2025-04-24T11:07:14,Giovanniriveracoras@gmail.com,1,3500.00,3500.00,PE,"Lima cercado",LMA,
"juan montes valles","juan.montes valles",2025-04-23T16:13:46,2025-04-23T11:13:45,crenierjuan@hotmail.com,1,40.00,40.00,PE,lima,LMA,
"Pilar Elena Cáceres Castillo","pilar elena.caceres castillo",2025-04-23T00:00:00,2025-04-22T20:15:03,pilarmartin8@aol.com,1,3500.00,3500.00,PE,"Cercado de lima",LMA,
"Erika Carol Segura Gutierrez de Maltese","erika carol.segura gutierrez de maltese",2025-04-23T00:00:00,2025-04-14T19:53:27,s.rio.22@outlook.com,2,3800.00,1900.00,PE,Lima,LMA,
"LURDES SALINAS MAYO","lurdes.salinas mayo",2025-04-22T17:19:25,2025-04-22T12:19:24,LSALINAS@ESAN.EDU.PE,1,620.00,620.00,PE,"Santiago de surco",LMA,
"Katia Sandoval Cotrina","katia.sandoval cotrina",2025-04-22T03:55:54,2025-04-21T22:55:54,katiagsc10@gmail.com,1,50.00,50.00,PE,Lima,LMA,
"LISBETH SUAREZ LOPEZ","lisbeth.suarez lopez",2025-04-22T00:00:00,2025-04-21T13:05:43,lisbeth-12051@hotmail.com,1,20.00,20.00,PE,"LIMA/SANTA ANITA",LMA,
"Christian Waldir Machaca Moscaira","christian waldir.machaca moscaira",2025-04-21T00:00:00,2025-04-08T13:56:00,christianmachaca93@gmail.com,1,180.00,180.00,PE,"Jesus Maria",LMA,
"Pamela Apaza Vasquez","pamela.apaza vasquez",2025-04-21T00:00:00,2025-04-20T08:37:35,pamelaapaza2601@gmail.com,1,1900.00,1900.00,PE,"Santiago de surco",LMA,
"Diego Aguilar Tomey","diego.aguilar tomey",2025-04-20T22:36:45,2025-04-20T17:36:44,diegosantiagoaguilartomey@gmail.com,1,160.00,160.00,PE,Lima,LMA,
"Jair Alexander Chavez Yzaguirre","jair alexander.chavez yzaguirre",2025-04-20T20:32:54,2025-04-20T15:32:53,jacir456@gmail.com,1,3500.00,3500.00,PE,Lima,LMA,
"Joaquin Gonzalez Villarreal","joaquin.gonzalez villarreal",2025-04-19T17:32:27,2025-04-19T12:32:27,joaquin.villarrealg@gmail.com,1,115.00,115.00,PE,"Pueblo libre",LMA,
"Candy Estefani Vargas Zuta","candy estefani.vargas zuta",2025-04-19T13:52:17,2025-03-21T12:59:03,caesvazu@gmail.com,2,6900.00,3450.00,PE,SMP,LMA,
"HEVER JHON CHOQUEHUANCA HUACCACHI","hever jhon.choquehuanca huaccachi",2025-04-19T01:30:05,2025-04-18T20:30:05,choquehuancahuaccachi@gmail.com,1,3500.00,3500.00,PE,Ica,ICA,
"Fiorella Ramírez López","fiorella.ramirez lopez",2025-04-19T00:00:00,2025-04-13T17:31:21,fiorellaramirez924@gmail.com,1,50.00,50.00,PE,Lima,LMA,
"Zaida Maria Maria Cardenas Otero","zaida maria.maria cardenas otero",2025-04-19T00:00:00,2025-04-05T15:14:58,zaidamariacardenasotero@gmail.com,1,3400.00,3400.00,PE,lima,LMA,
"Franco Coras",franco.coras,2025-04-19T00:00:00,2025-04-17T19:03:46,fcoras.sistemas@gmail.com,1,100.00,100.00,PE,Lima,LMA,
"Amparo Ugaz Gonzales","amparo.ugaz gonzales",2025-04-18T05:23:25,2025-04-18T00:23:24,valeriaugaz28@gmail.com,1,3500.00,3500.00,PE,"san juan de lurigancho",LMA,
"Ingrid Rosario Benavides García","ingrid rosario.benavides garcia",2025-04-17T16:19:20,2025-04-17T11:19:20,benavides.garcia22@gmail.com,1,90.00,90.00,PE,"Villa El Salvador",LMA,
"Pedro Luis Seminario Segovia","pedro luis.seminario segovia",2025-04-17T00:58:45,2025-04-16T19:58:44,pedroluisseminariosegovia@gmail.com,1,45.00,45.00,PE,Bellavista,CAL,
"Edison Yeison Garcia Jeronimo","edison yeison.garcia jeronimo",2025-04-17T00:00:00,2025-04-15T13:14:46,edinson.visatel@gmail.com,1,140.00,140.00,PE,Lima,LMA,
"Carlos Alberto Acosta Minaya","carlos alberto.acosta minaya",2025-04-17T00:00:00,2025-04-14T07:51:47,caam030504@hotmail.com,1,50.00,50.00,PE,"San Juan de Lurigancho",LMA,
"Natalia Loarte",natalia.loarte,2025-04-16T00:09:50,2025-04-15T19:09:49,n.carolina.lr@gmail.com,1,3800.00,3800.00,PE,Lima,LMA,
"Roberto Atocha",roberto.atocha,2025-04-15T04:02:00,2025-04-14T23:01:59,ratapepuda@gmail.com,1,3600.00,3600.00,PE,Miraflores,LMA,
"Over Valeivia",over.valeivia,2025-04-15T00:00:00,2025-04-12T15:01:46,over_vr@hotmail.com,1,3800.00,3800.00,PE,Ancon,LMA,
"Jackeline Liceth Marín Zumaeta","jackeline liceth.marin zumaeta",2025-04-14T00:00:00,2025-04-11T18:41:30,Licethmarinz@gmail.com,1,3900.00,3900.00,PE,Lima,LIM,
"Yvet Giorgana Baca Dueñas","yvet giorgana.baca duenas",2025-04-14T00:00:00,2025-04-07T08:51:04,yvet.dlelvy@gmail.com,1,1900.00,1900.00,PE,Ate,LIM,
"Thalia Ortega criollo","thalia.ortega criollo",2025-04-14T00:00:00,2025-04-03T21:44:52,thalia.ortega1712@gmail.com,1,100.00,100.00,PE,Lima,LMA,
"Flor Ocupa Aranda","flor.ocupa aranda",2025-04-12T15:32:41,2025-04-12T10:32:41,flor_9010@hotmail.com,1,90.00,90.00,PE,"Cercado de Lima",LMA,
"Dayana Moreano Tomasto","dayana.moreano tomasto",2025-04-12T00:00:00,2025-04-09T11:35:32,josday_93@hotmail.com,1,1900.00,1900.00,PE,Lima,LMA,
"Grace Brigitte Moreano Tomasto","grace brigitte.moreano tomasto",2025-04-11T00:00:00,2025-04-09T14:18:15,grace.moreanot@gmail.com,1,1900.00,1900.00,PE,"Cercado de lima",LMA,
"Wilder Rodríguez Rodríguez","wilder.rodriguez rodriguez",2025-04-11T00:00:00,2025-04-09T10:47:08,wilderrr51@gmail.com,1,1900.00,1900.00,PE,Callao,CAL,
"Ervin Silva Salcedo","ervin.silva salcedo",2025-04-11T00:00:00,2023-09-05T19:05:29,bettosilca@gmail.com,1,2300.00,2300.00,PE,Cusco,CUS,
"Adriana Tirado",adriana.tirado,2025-04-10T23:13:36,2025-04-10T18:13:36,ad.tirado292@gmail.com,1,50.00,50.00,PE,lima,LMA,
"Allison Cazorla",allison.cazorla,2025-04-10T22:50:43,2025-04-10T17:50:42,nsoda2315@gmail.com,1,45.00,45.00,PE,Trujillo,LAL,
"Daniel Olazo Luján","daniel.olazo lujan",2025-04-10T17:26:29,2025-04-10T12:26:29,alejandro_systems@hotmail.com,1,3600.00,3600.00,PE,Surco,LMA,
"Antonio Miranda miranda","antonio.miranda miranda",2025-04-10T17:02:22,2025-04-10T12:02:21,antonio_36mm@hotmail.com,1,3800.00,3800.00,PE,Lima,LMA,
"Sandra Arias",sandra.arias,2025-04-10T00:00:00,2025-04-07T08:28:25,sandragamarra539@gmail.com,1,2700.00,2700.00,PE,Lima,LMA,
"Matthews Hancco",matthews.hancco,2025-04-09T23:33:07,2025-04-09T18:33:07,matius.hancco@gmail.com,1,1900.00,1900.00,PE,Lima,LMA,
"LUISA BOBADILLA BALLENA","luisa.bobadilla ballena",2025-04-09T17:56:57,2025-04-09T12:56:56,luisabobadilla97@gmail.com,1,50.00,50.00,PE,"san luis",LMA,
"Josue Trejo Jara","josue.trejo jara",2025-04-08T18:52:09,2025-04-08T13:52:08,jtj_18@hotmail.com,1,50.00,50.00,PE,Lima,LMA,
"Micaela Magarino Anampa","micaela.magarino anampa",2025-04-08T03:28:46,2025-04-07T22:28:45,magarinoanampamicaela@gmail.com,1,3500.00,3500.00,PE,Chorrillos,LMA,
"william Salazar campos","william.salazar campos",2025-04-08T00:00:00,2025-04-05T14:43:01,wili_gm@hotmail.com,1,1900.00,1900.00,PE,comas,LMA,
"Yoselee Cueva jimenez","yoselee.cueva jimenez",2025-04-08T00:00:00,2025-04-07T12:57:35,yoseleecueva@gmail.com,1,3900.00,3900.00,PE,Callao,CAL,
"Sheralyn Rosario Lazo Jiménez","sheralyn rosario.lazo jimenez",2025-04-08T00:00:00,2025-03-31T19:31:30,sheralynlazo.unfv@gmail.com,1,1900.00,1900.00,PE,Lima,LMA,
"Ximena gianella Alva","ximena gianella.alva",2025-04-07T21:41:15,2025-04-07T16:41:14,ximena_alva@hotmail.com,1,1750.00,1750.00,PE,Lima,LMA,
"Yessenia Castañeda",yessenia.castaneda,2025-04-07T19:35:27,2025-04-07T14:35:27,ccyessenia29@gmail.com,1,3600.00,3600.00,PE,Lima,LMA,
"ROSA CRISTINA CARREÑO FLORES","rosa cristina.carreno flores",2025-04-07T19:24:36,2025-04-07T14:24:35,rosalegal28@gmail.com,1,1900.00,1900.00,PE,LINCE,LMA,
"LUCIA MEDINA BASURTO","lucia.medina basurto",2025-04-07T17:36:32,2025-04-07T12:36:31,luchia8095@gmail.com,1,3600.00,3600.00,PE,lima,LMA,
"Alondra Ocampo",alondra.ocampo,2025-04-07T00:00:00,2025-04-06T15:40:28,yamicitaquinteros@gmail.com,1,3500.00,3500.00,PE,Lima,LIM,
"Julio Delgado",julio.delgado,2025-04-05T21:24:55,2025-04-05T16:24:55,eduardodel27277@gmail.com,1,1900.00,1900.00,PE,Callao,CAL,
"Maria Alejandra Hinsbis Lazo","maria alejandra.hinsbis lazo",2025-04-03T00:00:00,2025-04-01T22:19:44,Betsypris12@gmail.com,1,1900.00,1900.00,PE,Lima,LMA,
"Carlos Calizaya",carlos.calizaya,2025-04-03T00:00:00,2025-04-01T20:39:01,carloscalizayas@gmail.com,1,50.00,50.00,PE,Lima,LIM,
"Fernando chero",fernando.chero,2025-04-02T20:54:18,2025-04-02T15:54:18,fer1647@gmail.com,1,1900.00,1900.00,PE,"lima magdalena",LMA,
"Karla Revolledo",karla.revolledo,2025-04-02T00:00:00,2025-02-08T17:45:28,perekawa@hotmail.com,3,225.00,75.00,PE,Lima,LMA,
"Javier INFANTE TOVAR","javier.infante tovar",2025-04-02T00:00:00,2025-03-17T15:51:50,javierinto111111@gmail.com,2,3800.00,1900.00,PE,Comas,LMA,
"Chisthian Paul Lopez Ashcalla","chisthian paul.lopez ashcalla",2025-04-01T22:13:34,2025-04-01T17:13:33,clopezashcalla@gmail.com,1,150.00,150.00,PE,Lima,LIM,
"Geraldine Conde",geraldine.conde,2025-04-01T18:41:18,2025-04-01T13:41:17,gegeconde12@gmail.com,1,2500.00,2500.00,PE,"Lima- comas",LMA,
"Mirco Rubiños",mirco.rubinos,2025-04-01T15:34:21,2025-04-01T10:34:20,nils4877@hotmail.com,1,3400.00,3400.00,PE,Ancash/Santa/Chimbote,ANC,
"Jacqueline Espinoza",jacqueline.espinoza,2025-04-01T00:00:00,2025-03-24T06:36:44,edeseduardo@hotmail.com,1,115.00,115.00,PE,"Los olivos",LMA,
"Cintia Fabiola Rodriguez Torres","cintia fabiola.rodriguez torres",2025-04-01T00:00:00,2025-03-31T15:38:25,Cintiafabi.rt@gmail.com,1,2500.00,2500.00,PE,"Pueblo Libre",LMA,
"Luis Briceño",luis.briceno,2025-04-01T00:00:00,2025-03-24T18:18:30,luisb82261@gmail.com,1,20.00,20.00,PE,Lima,LMA,
"Aurea Asparria",aurea.asparria,2025-03-31T17:34:31,2025-03-31T12:34:30,aureaasparria@gmail.com,1,1900.00,1900.00,PE,"Pueblo Libre",LMA,
"Juan Diego Prochazka Zegarra","juan diego.prochazka zegarra",2025-03-31T03:57:15,2025-03-30T22:57:14,juandiegopro1@gmail.com,1,2150.00,2150.00,PE,"San Borja",LMA,
"Rosa Angela Chinguel Núñez","rosa angela.chinguel nunez",2025-03-31T00:00:00,2025-03-26T23:12:01,rosa.chingueln@gmail.com,1,3600.00,3600.00,PE,"San Miguel",LMA,
"Ja jsjs Wwwww","ja jsjs.wwwww",2025-03-30T17:22:49,2025-03-30T12:22:48,wwwu@outlook.com,1,3200.00,3200.00,PE,Lima,LMA,
"Aldo Miranda",aldo.miranda,2025-03-30T15:41:36,2025-03-30T10:41:35,amiranda@gpsgroup.pe,1,3200.00,3200.00,PE,Lima,LMA,
"Miguel Rosas",miguel.rosas,2025-03-29T00:00:00,2025-03-27T14:21:32,miguelcaceda0409@gmail.com,1,1900.00,1900.00,PE,Lima,LMA,
"victor Mamani Quilla","victor.mamani quilla",2025-03-28T00:00:00,2025-03-27T08:34:44,cotaro4944@gmail.com,1,4000.00,4000.00,PE,"El Agustino lima",LIM,
"felisha angelina ortega torres","felisha angelina.ortega torres",2025-03-28T00:00:00,2025-03-25T16:56:05,felishaangelinao@gmail.com,1,3500.00,3500.00,PE,Lima,LMA,
"Brigida Luna Bernal","brigida.luna bernal",2025-03-28T00:00:00,2025-03-27T09:21:04,blunabernal@yahoo.es,1,2500.00,2500.00,PE,LIMA,LMA,
"Malena López",malena.lopez,2025-03-27T01:42:07,2025-03-26T20:42:06,malenalopez290@gmail.com,1,2600.00,2600.00,PE,Lima,LMA,
"shannon chang",shannon.chang,2025-03-24T17:09:19,2025-03-24T12:09:18,shannonchang777@gmail.com,1,3400.00,3400.00,PE,Lima,LMA,
"Grecia Nathaly ostos Velázquez","grecia nathaly.ostos velazquez",2025-03-24T00:00:00,2025-03-23T11:14:45,ostosgrecia196@gmail.com,1,230.00,230.00,PE,Trujillo,LAL,
"Jossy Marilyn Cruzado Escobar","jossy marilyn.cruzado escobar",2025-03-23T20:04:33,2025-03-23T15:04:33,jossycruzado@hotmail.com,1,150.00,150.00,PE,Pacasmayo,LAL,
"Carlos enrique Arce bello","carlos enrique.arce bello",2025-03-23T00:00:00,2025-03-19T13:53:56,karlitaarce22@gmail.com,1,140.00,140.00,PE,"Villa María Del Triunfo",LMA,
"Maricarmen Meza",maricarmen.meza,2025-03-22T16:39:05,2025-03-22T11:39:04,m.meza.hinojisa@gmail.com,1,45.00,45.00,PE,Lima,LMA,
"Adriano Dias",adriano.dias,2025-03-22T00:00:00,2025-03-12T13:44:44,adrianodiasrodrogues@gmail.com,1,1900.00,1900.00,PE,Lima,LMA,
"María del rosario Guerra garcia","maria del rosario.guerra garcia",2025-03-21T00:00:00,2025-03-20T18:16:32,cayoguerram@gmail.com,1,3500.00,3500.00,PE,Lima,LMA,
"LUIS NIXON TERAN CHANCAFE","luis nixon.teran chancafe",2025-03-19T20:43:01,2025-03-19T15:43:00,nixon819@gmail.com,1,45.00,45.00,PE,Pacasmayo,LAL,
"Jefferson johan Cruz cruz","jefferson johan.cruz cruz",2025-03-19T18:45:12,2025-03-19T13:45:12,angeleduge.03@gmail.com,1,4000.00,4000.00,PE,Lima,LMA,
"Paloma Paucar",paloma.paucar,2025-03-19T18:11:37,2025-03-19T13:11:37,paloma.paucar@gmail.com,1,3400.00,3400.00,PE,Lima,LMA,
"Jouser Daniel Lorenzo Huapaya","jouser daniel.lorenzo huapaya",2025-03-18T22:19:50,2025-03-18T17:19:49,megacuyx@gmail.com,1,3600.00,3600.00,PE,Lima,LMA,
"Kalexaid Rojas",kalexaid.rojas,2025-03-18T00:00:00,2025-03-11T20:04:38,diaxelak@gmail.com,1,160.00,160.00,PE,Lima,LIM,
"Natalie Galban Gómez","natalie.galban gomez",2025-03-18T00:00:00,2025-03-10T19:22:23,nataliegalbang@gmail.com,1,3500.00,3500.00,PE,Lima,LMA,
"Rosmery Asmad",rosmery.asmad,2025-03-18T00:00:00,2025-03-17T09:36:10,rosmery.asmad13@gmail.com,1,90.00,90.00,PE,"San Isidro",LMA,
"Marilú Alvina Ricaldi Alvarez","marilu alvina.ricaldi alvarez",2025-03-17T00:00:00,2025-03-15T13:45:11,mariluricaldialvarez@gmail.com,1,1900.00,1900.00,PE,Carabayllo,LMA,
"Alisson Novoa Manco","alisson.novoa manco",2025-03-16T17:44:27,2025-03-16T12:44:27,alizonnovoa01@gmail.com,1,1900.00,1900.00,PE,Lima,LMA,
"Giuliana Castro",giuliana.castro,2025-03-16T01:57:22,2025-03-15T20:57:21,gigiuni15@gmail.com,1,3600.00,3600.00,PE,Lima,LMA,
"Nathaly Castillo",nathaly.castillo,2025-03-15T00:00:00,2025-03-13T13:38:46,1517nathaly@gmail.com,1,1900.00,1900.00,PE,Lima,CAL,
"Ruben dario Flores Enriquez","ruben dario.flores enriquez",2025-03-15T00:00:00,2023-01-11T09:52:05,kprd38@gmail.com,3,1990.00,663.33,PE,"San Borja",LIM,
"Isais De la Cruz Melo","isais.de la cruz melo",2025-03-14T00:00:00,2025-03-12T23:57:11,isaisdelacruzmello@gmail.com,1,3400.00,3400.00,PE,HUALMAY,LIM,
"Andrea Salas padua","andrea.salas padua",2025-03-13T15:06:01,2025-03-13T10:06:00,carmonaseguradavid@gmail.com,1,7600.00,7600.00,PE,Lima,LMA,
"Carolina Buitron",carolina.buitron,2025-03-12T00:00:00,2025-03-11T15:38:03,administracion@textilesbuitron.com,1,620.00,620.00,PE,"La victoria",LMA,
"Eduardo Reategui",eduardo.reategui,2025-03-12T00:00:00,2025-03-06T16:55:22,eduardo.r.kuroiwa@outlook.com,1,1900.00,1900.00,PE,Lima,LMA,
"Juan Luis Garcia Castillo","juan luis.garcia castillo",2025-03-11T16:52:04,2025-03-11T11:52:02,juanluis1078@gmail.com,1,50.00,50.00,PE,Lima,LMA,
"Graciela Bacilio",graciela.bacilio,2025-03-11T00:00:00,2025-03-08T13:05:43,greis0608@gmail.com,1,1900.00,1900.00,PE,Callao,CAL,
"Stefany rios rodriguez","stefany.rios rodriguez",2025-03-10T00:00:00,2025-03-07T20:32:12,srios_design@hotmail.com,1,1900.00,1900.00,PE,Lima,LMA,
"Karol Tarazona Galjuf","karol.tarazona galjuf",2025-03-09T19:07:58,2025-03-09T14:07:57,karoltarazonagaljuf@gmail.com,1,35.00,35.00,PE,Lima,LMA,
"TANIA PAOLA CHUQUILLANQUI JIMENEZ","tania paola.chuquillanqui jimenez",2025-03-09T00:00:00,2025-03-06T10:05:17,Paola.cjr.t@gmail.com,1,2150.00,2150.00,PE,"EL AGUSTINO",LMA,
"Maico Rios trujillo","maico.rios trujillo",2025-03-08T00:00:00,2025-02-24T13:46:58,antoni_youlove@hotmail.com,1,45.00,45.00,PE,Callao,CAL,
"Karolay Reyes Paucarasto","karolay.reyes paucarasto",2025-03-08T00:00:00,2025-03-07T13:31:04,karolayreyes050698@gmail.com,1,1900.00,1900.00,PE,Lima,LMA,
"Judith García Condori","judith.garcia condori",2025-03-07T03:27:33,2025-03-06T22:27:32,jugarco20@gmail.com,1,1900.00,1900.00,PE,Lima,LMA,
"Jefri Miguel Vasquez rojas","jefri miguel.vasquez rojas",2025-03-07T00:24:12,2024-12-12T17:47:11,jefrivr11991@gmail.com,2,460.00,230.00,PE,Lima,LMA,
"Fiorella Quino Cancino","fiorella.quino cancino",2025-03-07T00:00:00,2025-03-06T18:54:35,fiorellaquinoc@gmail.com,1,1900.00,1900.00,PE,chorillos,LMA,
"Daniela Salazar Guerra dabido","daniela.salazar guerra dabido",2025-03-07T00:00:00,2025-03-06T10:18:58,danisofia2468@gmail.com,1,40.00,40.00,PE,"La Victoria",LMA,
"Henrry Fabrizio Rosales Ramón","henrry fabrizio.rosales ramon",2025-03-07T00:00:00,2025-02-23T20:30:12,rosaleshenrry41@gmail.com,1,3900.00,3900.00,PE,Lima,LMA,
"Antonio benito Wiesse barrios","antonio benito.wiesse barrios",2025-03-06T16:55:45,2025-03-06T11:55:44,iain8157@gmail.com,1,3700.00,3700.00,PE,Miraflores,LMA,
"Samantha Sheyla Velasquez Mamani","samantha sheyla.velasquez mamani",2025-03-06T14:10:52,2025-03-06T09:10:52,ps.velma@gmail.com,1,3500.00,3500.00,PE,Juliaca,PUN,
"MARCO PAJUELO",marco.pajuelo,2025-03-06T00:00:00,2025-03-04T14:30:50,mpajuelo86@gmail.com,1,4300.00,4300.00,PE,Lima,LMA,
"firds sdad",firds.sdad,2025-03-05T21:32:17,2025-03-05T16:32:16,asdasd@gmail.com,1,140.00,140.00,PE,lima,LMA,
"Carlos Alberto Bueno Enero","carlos alberto.bueno enero",2025-03-05T19:33:46,2025-03-05T14:33:46,lbueno577@gmail.com,1,330.00,330.00,PE,Lima,LMA,
"keyner flores",keyner.flores,2025-03-05T04:30:23,2025-03-04T23:30:22,keinerflore@gmail.com,1,3600.00,3600.00,PE,Ventanilla,LMA,
"Patricia Flod Coronación Mendoza","patricia flod.coronacion mendoza",2025-03-05T00:56:56,2025-03-04T19:56:55,pcoronacionmendoza@gmail.com,1,1900.00,1900.00,PE,"San Miguel",LMA,
"Roberto Rodrigo",roberto.rodrigo,2025-03-04T00:03:50,2025-03-03T19:03:49,rocarocu1608@gmail.com,1,3500.00,3500.00,PE,Lima,LMA,
"Marjory Zusan Perez Huaman","marjory zusan.perez huaman",2025-03-03T00:00:00,2025-03-01T15:46:04,marjoryperezh@gmail.com,1,4000.00,4000.00,PE,Lima,LMA,
"Oreana mercedes Bruckmann linarez","oreana mercedes.bruckmann linarez",2025-03-02T21:26:17,2025-03-02T16:26:16,obrg0910@gmail.com,1,1850.00,1850.00,PE,"Lima Lurín antigua panamericana sur km 37.5",LMA,
"Salvador Romero Llanos","salvador.romero llanos",2025-03-02T08:14:04,2025-03-02T03:14:03,salvromllanos@gmail.com,1,90.00,90.00,PE,"SAN MIGUEL",LMA,
"María almendra Carrillo piñin","maria almendra.carrillo pinin",2025-03-01T17:28:54,2025-03-01T12:28:54,almendracarrillo16@gmail.com,1,1850.00,1850.00,PE,Peru,PIU,
"Eduardo Orjeda Figueroa","eduardo.orjeda figueroa",2025-03-01T09:47:07,2024-02-06T08:25:39,dudupopping@gmail.com,2,330.00,165.00,PE,Chorrillos,LMA,
"paco vela pinedo","paco.vela pinedo",2025-03-01T04:28:03,2025-02-28T23:28:02,pinedo1995@gmail.com,1,210.00,210.00,PE,morales,SAM,
"Susy Mariajose Sanchez Isern","susy mariajose.sanchez isern",2025-02-27T15:40:51,2025-02-27T10:40:50,msanchezisern@gmail.com,1,75.00,75.00,PE,Lima,LMA,
"Miriana Ysabella Cano Rosas","miriana ysabella.cano rosas",2025-02-26T23:37:50,2025-02-26T18:37:49,miriana.27.mcr@gmail.com,1,2500.00,2500.00,PE,Coishco,ANC,
"Pablo Arias",pablo.arias,2025-02-26T22:46:21,2025-02-26T17:46:20,ariasquirozpablomartin@gmail.com,1,90.00,90.00,PE,"Lima, Lince",LMA,
"Dineida Carolina Ramírez","dineida carolina.ramirez",2025-02-26T19:47:16,2025-02-26T14:47:15,dcr3101@gmail.com,1,75.00,75.00,PE,Lima,LMA,
"Vilma Ortega",vilma.ortega,2025-02-26T18:48:23,2025-02-26T13:48:22,lamejordemicasa37@gmail.com,1,2100.00,2100.00,PE,Chorrillos,LMA,
"Yamile Callan Luza","yamile.callan luza",2025-02-26T07:56:58,2025-02-26T02:56:58,yamilecallan0@gmail.com,1,3800.00,3800.00,PE,"Villa el salvador",LMA,
"Ayelen Almonte",ayelen.almonte,2025-02-25T18:09:30,2025-02-25T13:09:29,ayelen.almonte@gmail.com,1,3600.00,3600.00,PE,"Santiago de Surco",LMA,
"JEAN CARLOS JAVIER ROMAN YATACO","jean carlos javier.roman yataco",2025-02-25T16:40:50,2025-02-25T11:40:49,jeancarlosry@hotmail.com,1,3900.00,3900.00,PE,LIMA,LMA,
"Valeria Figueroa",valeria.figueroa,2025-02-25T15:40:57,2025-02-25T10:40:56,valeriafigueroastudio@gmail.com,1,160.00,160.00,PE,Magdalena,LMA,
"DEYSI FIORELLA RUBIO VALLADARES","deysi fiorella.rubio valladares",2025-02-24T18:53:38,2025-02-24T13:53:37,deysi.rubiovalladares@gmail.com,1,3900.00,3900.00,PE,chimbote,ANC,
"Ruben Reyes Camani","ruben.reyes camani",2025-02-24T17:42:19,2025-02-24T12:42:18,racingmotoservis8@gmail.com,1,85.00,85.00,PE,TAMBOPATA,MDD,
"GEORGE garayar diaz","george.garayar diaz",2025-02-24T16:10:45,2025-02-24T11:10:44,dario.garayar@gmail.com,1,1850.00,1850.00,PE,BREÑA,LMA,
"Daniela Salinas Cardenas","daniela.salinas cardenas",2025-02-23T17:12:49,2025-02-23T12:12:48,daniela.salinasc@hotmail.com,1,3600.00,3600.00,PE,Lima,LMA,
"geraldine baños",geraldine.banos,2025-02-21T19:03:30,2025-02-21T14:03:29,gsbm232009@hotmail.com,1,1850.00,1850.00,PE,"La Molina",LMA,
"Rosa Agurto iriarte","rosa.agurto iriarte",2025-02-21T00:00:00,2025-02-20T14:15:21,Rosmylg1706@gmail.com,1,45.00,45.00,PE,Lima,LMA,
"Eber Murga Villanueva","eber.murga villanueva",2025-02-20T19:32:38,2024-03-25T18:07:23,Murgaeber@gmail.com,2,135.00,67.50,PE,Lima,LMA,
"Luis Mendoza",luis.mendoza,2025-02-19T08:37:16,2025-02-19T03:37:15,ramirezmendozaluis055@gamol.com,1,310.00,310.00,PE,Chimbote,ANC,
"Brissa Teran",brissa.teran,2025-02-18T16:33:16,2025-02-18T11:33:15,brissateran12@gmail.com,1,210.00,210.00,PE,"lima metropolitana",LMA,
"Manuela Romaní Centurión","manuela.romani centurion",2025-02-17T00:00:00,2025-02-12T11:46:24,manuela.romanic@gmail.com,1,3300.00,3300.00,PE,"San Borja, Lima",LMA,
"Piero Jhosmell Yupanqui Castro","piero jhosmell.yupanqui castro",2025-02-16T00:00:00,2025-02-05T19:29:16,pieroyc27@gmail.com,1,180.00,180.00,PE,Lima,LMA,
"Isaac QUISPE URETA","isaac.quispe ureta",2025-02-15T22:47:14,2025-02-15T17:47:13,isaaciqu@hotmail.com,1,775.00,775.00,PE,Iquitos,LOR,
"Lizeth milagros Torres Pérez","lizeth milagros.torres perez",2025-02-15T05:58:48,2025-02-15T00:58:47,lizmitorres@hotmail.com.pe,1,3600.00,3600.00,PE,"Cercado de Lima",LIM,
"Úrsula Sanden",ursula.sanden,2025-02-15T00:00:00,2025-02-14T15:54:21,usanden@gmail.com,1,40.00,40.00,PE,Miraflores,LMA,
"Christel Carolay Escobar Gomero","christel carolay.escobar gomero",2025-02-14T23:17:24,2025-02-14T18:17:24,christelkira95@gmail.com,1,160.00,160.00,PE,Lima,LMA,
"Isaac Moron",isaac.moron,2025-02-14T16:55:44,2025-02-14T11:55:43,isaacmoron273@gmail.com,1,3900.00,3900.00,PE,Lima,LMA,
"Giarina Quispe Bravo","giarina.quispe bravo",2025-02-14T16:06:09,2025-02-14T11:06:08,giarinaq@gmail.com,1,1750.00,1750.00,PE,"San Martin De Porres",LMA,
"Nicole Giron",nicole.giron,2025-02-14T15:02:57,2025-02-14T10:02:56,nicolealexandragiron@gmail.com,1,150.00,150.00,PE,Piura,PIU,
"Belgica Saavedra Torres","belgica.saavedra torres",2025-02-14T03:50:53,2025-02-13T22:50:52,nuna.basicperu@gmail.com,1,3600.00,3600.00,PE,Lima,LMA,
"Jesús Zavala",jesus.zavala,2025-02-12T00:00:00,2025-02-01T17:18:29,jz4886069@gmail.com,1,160.00,160.00,PE,Callao,CAL,
"Elvis Jorge Eyvar Puyo Barreto","elvis jorge eyvar.puyo barreto",2025-02-11T14:45:23,2025-02-11T09:45:23,ostynpb@gmail.com,1,160.00,160.00,PE,lima,LMA,
"Elida Teresa Reyes","elida teresa.reyes",2025-02-11T00:00:00,2025-02-08T18:33:34,tereyesalvan@gmail.com,1,2150.00,2150.00,PE,Callao,CAL,
"Derwis joel Infante","derwis joel.infante",2025-02-10T15:07:11,2025-02-10T10:07:10,derwis123a@gmail.com,1,90.00,90.00,PE,Lurin,LMA,
"Graciela Mirella Trujillo Flores","graciela mirella.trujillo flores",2025-02-10T02:18:17,2025-02-09T21:18:16,mirellatrujilloflores@gmail.com,1,3950.00,3950.00,PE,Callao,CAL,
"Estefania Puño",estefania.puno,2025-02-10T00:37:14,2025-02-09T19:37:13,ESTEFANIAP_986@HOTMAIL.COM,1,2100.00,2100.00,PE,Lima,LMA,
"briana carolina castro choque","briana carolina.castro choque",2025-02-08T19:14:18,2025-02-08T14:14:18,brianacastro68bcc@gmail.com,1,2100.00,2100.00,PE,lima,LMA,
"alem malca",alem.malca,2025-02-08T14:55:11,2025-02-08T09:55:10,alem.malca@gmail.com,1,150.00,150.00,PE,smp,LMA,
"Victor Manuel Barsallo Gomez","victor manuel.barsallo gomez",2025-02-07T00:00:00,2025-01-29T18:12:36,victorbarsallo60@gmail.com,1,150.00,150.00,PE,Callao,CAL,
"steve zambrano",steve.zambrano,2025-02-06T17:37:32,2025-02-06T12:37:32,stevezambrano2@gmail.com,1,75.00,75.00,PE,"lima peru",LMA,
"Jose Ramirez",jose.ramirez,2025-02-06T00:00:00,2025-02-04T16:46:31,info@gsd.com,1,1850.00,1850.00,PE,Barcelona,AMA,
"SANDRA GLORIA NIETO VALLADARES","sandra gloria.nieto valladares",2025-02-03T00:00:00,2025-01-24T09:48:17,sandy10200030@gmail.com,1,3800.00,3800.00,PE,"lima, lince",LMA,
"Luis Aching",luis.aching,2025-02-01T00:00:00,2025-01-27T12:25:54,lachings@gmail.com,1,2550.00,2550.00,PE,Lima,LMA,
"Rommel Jesus Chavez Sanchez","rommel jesus.chavez sanchez",2025-01-31T03:39:09,2025-01-30T22:39:08,rommelchavezsanchez@gmail.com,1,140.00,140.00,PE,Huancayo,JUN,
"JORGE LUIS SIHUAS VELAZCO","jorge luis.sihuas velazco",2025-01-30T17:32:46,2025-01-30T12:32:46,lsihuas@gmail.com,1,85.00,85.00,PE,Callao,CAL,
"Britney Huacausi",britney.huacausi,2025-01-30T00:00:00,2025-01-27T14:24:14,agustoc387@gmail.com,1,1750.00,1750.00,PE,Lima,LMA,
"PAUL GUILLEN ALCANTARA","paul.guillen alcantara",2025-01-28T14:51:51,2025-01-28T09:51:50,paulguillen21@gmail.com,1,2100.00,2100.00,PE,INDEPENDENCIA,LMA,
"ANGELICA DEL ROSARIO ARIAS LOMAS","angelica del rosario.arias lomas",2025-01-26T01:59:01,2025-01-25T20:59:00,angariaslomas37@gmail.com,1,2100.00,2100.00,PE,Lima,LMA,
"Dilan javier velasquez","dilan javier.velasquez",2025-01-24T18:02:26,2025-01-24T13:02:26,dilanjavierhv@gmail.com,1,150.00,150.00,PE,"San Juan De miraflores",LMA,
"sdfasd sadasd",sdfasd.sadasd,2025-01-24T16:18:22,2025-01-24T11:18:21,andresdlst2020@gmail.com,1,3999.00,3999.00,PE,sadasd,LMA,
"NARCISO PASCUAL NIÑO OBREGON","narciso pascual.nino obregon",2025-01-23T13:58:45,2025-01-23T08:58:45,pacosystemperu@hotmail.com,1,150.00,150.00,PE,"Carabayllo, Lima, Peru",LMA,
"JUAN MANUEL GUEVARA TORREJON","juan manuel.guevara torrejon",2025-01-23T00:00:00,2025-01-20T07:40:34,jguevara.torrejon@gmail.com,1,180.00,180.00,PE,"SAN JUAN DE LURIGANCHO",LMA,
"GlADYS ISABEL PAredes Valdez","gladys isabel.paredes valdez",2025-01-23T00:00:00,2025-01-16T08:52:34,gparedesv@unfv.edu.pe,1,2600.00,2600.00,PE,"San Miguel",LMA,
"Ivette Huamán",ivette.huaman,2025-01-22T18:52:13,2025-01-22T13:52:13,IVETTEHUAMAN@TOUCHLATAM.COM,1,3400.00,3400.00,PE,Lima,LMA,
"Esteban García Rojas","esteban.garcia rojas-9099",2025-01-22T00:00:00,2024-04-23T09:51:59,estebancgr29@gmail.com,1,3750.00,3750.00,PE,Lima,LMA,
"Ricardo Antonio Li Peña","ricardo antonio.li pena",2025-01-21T03:46:39,2025-01-20T22:46:38,renatoli.4.24@gmail.com,1,2100.00,2100.00,PE,Lima,LMA,
"Coraima Velásquez",coraima.velasquez,2025-01-18T04:11:57,2025-01-17T23:11:56,anajosis@hormail.co,1,1850.00,1850.00,PE,Lima,LMA,
"Vanessa Ramirez Rodriguez","vanessa.ramirez rodriguez",2025-01-16T14:15:41,2025-01-16T09:15:40,Vanessasofi9@gmail.com,1,2600.00,2600.00,PE,lima,LMA,
"CHRISTIAN JEAN DAVILA MANTARI","christian jean.davila mantari",2025-01-15T00:00:00,2025-01-10T15:51:35,jdavilamantari@gmail.com,1,4000.00,4000.00,PE,lima,LMA,
"Alisson Gonzalez",alisson.gonzalez,2025-01-15T00:00:00,2024-01-18T18:52:31,alis.gutierrez0309@gmail.com,2,5050.00,2525.00,PE,Lima,LIM,
"Victoria Villavarde Paucar","victoria.villavarde paucar",2025-01-14T20:13:36,2025-01-14T15:13:35,villaverdepaucarv@gmail.com,1,20.00,20.00,PE,Huancayo,JUN,
"ALESSIA STEPHANY FOX RIOS","alessia stephany.fox rios",2025-01-13T00:00:00,2025-01-12T10:36:19,asfr98@hotmail.com,1,2100.00,2100.00,PE,BELLAVISTA,CAL,
"Cristian Alexander Galvez","cristian alexander.galvez",2025-01-13T00:00:00,2025-01-12T11:34:51,cristianpet784@gmail.com,1,500.00,500.00,PE,Huaraz,ANC,
"Ronald Salinas balta","ronald.salinas balta",2025-01-13T00:00:00,2025-01-07T16:51:26,puente9999@hotmail.com,1,85.00,85.00,PE,"Comas lima",LMA,
"Danger Machado",danger.machado,2025-01-11T00:00:00,2025-01-07T21:58:20,Alarcondj@gmail.com,1,75.00,75.00,PE,"Urb La Primavera el Agustino",LMA,
"jose huerta",jose.huerta,2025-01-11T00:00:00,2025-01-10T17:14:01,zeus300058@gmail.com,1,180.00,180.00,PE,lima,LIM,
"Sebastian Medina Silva","sebastian.medina silva",2025-01-09T08:14:51,2025-01-09T03:14:50,sebastian.medina1403@gmail.com,1,3400.00,3400.00,PE,"La perla",CAL,
"Rosmery Quispe Quispe","rosmery quispe.quispe",2025-01-09T00:00:00,2025-01-06T12:55:51,meryrossa2013@gmail.com,1,45.00,45.00,PE,ILO,MOQ,
"Hilda Garrido",hilda.garrido,2025-01-08T19:08:24,2024-07-05T16:45:48,ryanaguilar221299@gmail.com,2,375.00,187.50,PE,"La victoria",LMA,
"Elisa del Pilar Chacon Tapia","elisa del pilar.chacon tapia",2025-01-08T14:36:25,2025-01-08T09:36:24,pilar_026_12_01@hotmail.com,1,3800.00,3800.00,PE,Lima,LMA,
"Adriana Saravia",adriana.saravia,2025-01-08T05:49:13,2025-01-08T00:49:12,saravia.adriana@yahoo.com,1,40.00,40.00,PE,Lima,LMA,
"Max Alexander Brea Uribe","max alexander.brea uribe",2025-01-07T00:00:00,2025-01-05T19:12:14,brea919@gmail.com,1,620.00,620.00,PE,Ica,ICA,
"Jose antoni Nieves garcia","jose antoni.nieves garcia",2025-01-05T00:00:00,2025-01-03T15:51:19,joanniga369jose@gmail.com,1,2940.00,2940.00,PE,Trujillo,LAL,
"Renzo Antonio López Bonilla","renzo antonio.lopez bonilla",2025-01-05T00:00:00,2025-01-02T17:57:05,renzo.lopezb@pucp.edu.pe,1,2200.00,2200.00,PE,Lima,LMA,
"Marbelly Ramos Zabalu","marbelly.ramos zabalu",2025-01-05T00:00:00,2024-12-31T13:01:13,dulce_5mentario@hotmail.com,1,20.00,20.00,PE,Rimac,LMA,
"Rossmery Campos",rossmery.campos,2025-01-05T00:00:00,2025-01-04T13:24:32,rosscampos0804@gmail.com,1,40.00,40.00,PE,"Santa Anita",LMA,
"Miguel Angel Cotrina","miguel angel.cotrina",2025-01-04T00:00:00,2025-01-03T14:34:54,cotrina.miguel@hotmail.com,1,3800.00,3800.00,PE,Lima,LMA,
"Nicolas Echevarria",nicolas.echevarria,2025-01-04T00:00:00,2025-01-03T02:15:18,yolocap2nick@gmail.com,1,1880.00,1880.00,PE,CHORRILLOS,LMA,
"Pierre Iturrizaga",pierre.iturrizaga,2025-01-04T00:00:00,2025-01-02T09:56:24,pierjoeliturrizaga@gmail.com,1,650.00,650.00,PE,"San juan de lurigancho",LMA,
"Solange Westres Soifer","solange.westres soifer",2025-01-02T16:29:49,2025-01-02T11:29:48,solwest20@hotmail.com,1,75.00,75.00,PE,"Magdalena Del Mar",LMA,
"Laura Arana Velasquez","laura.arana velasquez",2025-01-02T00:00:00,2024-12-19T12:02:25,laura26arana@gmail.com,1,75.00,75.00,PE,Lima,LMA,
"Frank Murguia",frank.murguia,2024-12-31T00:00:00,2024-12-28T13:19:43,jguillen0603@gmail.com,1,150.00,150.00,PE,Lima,LMA,
"Doris Galvez",doris.galvez,2024-12-29T00:00:00,2024-12-27T09:29:44,astridkarlagalvez0227@gmail.com,1,420.00,420.00,PE,Trujillo,LAL,
"Rodrigo Aliaga",rodrigo.aliaga,2024-12-29T00:00:00,2024-12-27T13:08:57,ro.rodrigo.a@hotmail.com,1,2550.00,2550.00,PE,Lima,LMA,
"Marisol Cedrón Acero","marisol.cedron acero",2024-12-29T00:00:00,2024-12-26T21:08:50,psic.marisced@gmail.com,1,45.00,45.00,PE,Lima,LMA,
"Mirko Hidalgo pizango","mirko.hidalgo pizango",2024-12-28T13:57:52,2024-12-28T08:57:51,mirkoalmacen@gmail.com,1,4000.00,4000.00,PE,Lima,LMA,
"Juan Diego Loyola Tafur","juan diego.loyola tafur",2024-12-28T00:00:00,2024-12-23T19:24:07,j.loyolatafur@gmail.com,1,4300.00,4300.00,PE,Lima,LMA,
"Lady Otrera",lady.otrera,2024-12-27T04:11:05,2024-12-26T23:11:04,2028spark@gmail.com,1,4000.00,4000.00,PE,Lima,LMA,
"FRANQUI ESQUIVES CAJAN","franqui.esquives cajan",2024-12-26T21:41:10,2024-12-26T16:41:09,fesquives@gmail.com,1,420.00,420.00,PE,Breña,LIM,
"Julieta La Torre Arteta","julieta.la torre arteta",2024-12-25T00:54:19,2024-12-24T19:54:18,julietalatorrearteta@hotmail.com,1,2650.00,2650.00,PE,Asia,LIM,
"Lorena Carrillo",lorena.carrillo,2024-12-24T17:35:25,2024-12-24T12:35:23,lorenaccl09@hotmail.com,1,150.00,150.00,PE,Lima,LMA,
"Sofia Paola Huamani Mijahuanca","sofia paola.huamani mijahuanca",2024-12-23T00:00:00,2024-12-22T14:37:52,hpl1940tsofia@hotmail.com,1,1955.00,1955.00,PE,Lima,LMA,
"Doris Esmeralda Alvarez Ventura","doris esmeralda.alvarez ventura",2024-12-21T02:27:00,2024-12-20T21:26:59,alesma.peru@gmail.com,1,40.00,40.00,PE,"Los baños del inca",CAJ,
"Eduardo Diaz Flores","eduardo.diaz flores",2024-12-21T00:00:00,2024-12-07T10:50:46,edu_3786@hotmail.com,1,420.00,420.00,PE,Breña,LMA,
"Valery Matamoros",valery.matamoros,2024-12-20T22:21:36,2024-12-20T17:21:35,valerymatsoto@gmail.com,1,140.00,140.00,PE,Lima,LMA,
"ruth espinoza",ruth.espinoza,2024-12-20T13:43:08,2024-12-20T08:43:08,ruthespinozaguillen@gmail.com,1,160.00,160.00,PE,"LIMA - LIMA - PUENTE PIEDRA",LMA,
"ALESANDRA PUENTE ARNAO CASABOZA","alesandra.puente arnao casaboza",2024-12-20T03:29:36,2024-12-19T22:29:35,alesandra.pa@live.com,1,180.00,180.00,PE,LIMA,LMA,
"Erika cristina Velasquez Avila","erika cristina.velasquez avila",2024-12-18T20:29:52,2024-12-18T15:29:52,erikavelasquez0710@gmail.com,1,85.00,85.00,PE,Trujillo,LAL,
"Violeta Estefani Blas Sanchez","violeta estefani.blas sanchez",2024-12-18T15:51:02,2024-12-18T10:51:01,renzoaaj.29@gmail.com,1,2650.00,2650.00,PE,Lima,LMA,
"Juan Ríos Barrientos","juan.rios barrientos",2024-12-18T00:00:00,2024-12-14T07:35:11,pubschrodinger14@gmail.com,1,45.00,45.00,PE,Ica,ICA,
"Eliana Quispe",eliana.quispe,2024-12-16T00:00:00,2024-12-14T23:06:08,kattita_28@hotmail.com,1,3600.00,3600.00,PE,Lima,LMA,
"Pedro luis Gutierrez inti","pedro luis.gutierrez inti",2024-12-15T15:34:43,2024-07-08T17:48:20,gutierrezintipedroluis@gmail.com,2,1090.00,545.00,PE,Lima,LMA,
"Jhon Pool Christopher Vásquez Vilchez","jhon pool christopher.vasquez vilchez",2024-12-15T00:14:08,2024-12-14T19:14:08,poolloman.jussy@gmail.com,1,3600.00,3600.00,PE,Breña,LMA,
"Paolo Cotrina Reyes","paolo.cotrina reyes",2024-12-14T00:00:00,2024-12-09T00:55:33,paolocon97@gmail.com,1,8899.00,8899.00,PE,lima,LMA,
"milagros valdivia",milagros.valdivia,2024-12-12T15:23:13,2024-12-12T10:23:12,camiliprincess802@gmail.com,1,75.00,75.00,PE,chorrillos,LMA,
"Diego Terrazas mogollon","diego.terrazas mogollon",2024-12-12T01:16:43,2024-12-11T20:16:42,diegoterrazas0326@gmail.com,1,35.00,35.00,PE,Lima,LMA,
"luz gutarra",luz.gutarra,2024-12-11T00:47:33,2024-12-10T19:47:32,gutarraluz@gmail.com,1,4000.00,4000.00,PE,"Lima Metropolitana",LMA,
"Jszmin Ccorimanya Ccorimanya Huaman","jszmin ccorimanya.ccorimanya huaman",2024-12-10T06:26:55,2024-12-10T01:26:54,ccorijazmin@gmail.com,1,150.00,150.00,PE,"Lima villa el salvador",LMA,
"Clemente Salcedo",clemente.salcedo,2024-12-10T00:00:00,2024-12-09T18:10:24,csp1501@gmail.com,1,780.00,780.00,PE,"La victoria",LMA,
"Yoselyn ocampo rodriguez","yoselyn.ocampo rodriguez",2024-12-09T15:26:25,2024-12-09T10:26:25,yoselynor.7080@gmail.com,1,45.00,45.00,PE,LIMA,LIM,
"David Soria",david.soria,2024-12-09T00:00:00,2024-11-24T21:18:50,snaydher2389@hotmail.com,2,310.00,155.00,PE,Lima,LMA,
"Richard Jacky",richard.jacky,2024-12-06T21:37:43,2024-12-06T16:37:42,richardjacky27@gmail.com,1,1750.00,1750.00,PE,Ica,ICA,
"JONNY ANGEL MONTES VIA","jonny angel.montes via",2024-12-06T16:54:49,2024-12-06T11:54:48,jonnyelangel2@gmail.com,1,40.00,40.00,PE,Barranca,LIM,
"juan perez",juan.perez-0571,2024-12-05T20:28:52,2024-12-03T14:14:20,kevin.milano@stag.pe,2,5480.00,2740.00,PE,Lima,LMA,
"Bruna Desiglioli",bruna.desiglioli,2024-12-05T18:00:17,2024-12-01T12:53:04,alessandradesiglioli01@gmail.com,2,170.00,85.00,PE,"La Perla",CAL,
"Guianella Robledo Yarleque","guianella.robledo yarleque",2024-12-05T01:14:11,2024-12-03T14:30:54,Sofiagianella1801@gmail.com,2,910.00,455.00,PE,"Lima/Puente Piedra",LMA,
"Magdalena Peralta",magdalena.peralta,2024-12-03T19:42:48,2024-12-03T14:42:47,magdisperaltaacuna@gmail.com,1,4000.00,4000.00,PE,Lima,LMA,
"Jesús fabian Ramos Nuñez","jesus fabian.ramos nunez",2024-12-02T00:00:00,2024-11-18T15:23:31,Jesusfabianr10@gmail.com,1,150.00,150.00,PE,Lima,LMA,
"Dayana Miranda Quiroz","dayana.miranda quiroz",2024-11-30T22:19:17,2024-11-30T17:19:16,dayanamiqui@hotmail.com,1,1750.00,1750.00,PE,Arequipa,ARE,
"Kirsa Guevara castillo","kirsa.guevara castillo",2024-11-27T02:32:03,2024-11-26T21:32:02,kirsacastillo7@gmail.com,1,3999.00,3999.00,PE,Lima,LMA,
"Daniel Vergara chimoven","daniel.vergara chimoven",2024-11-26T17:54:45,2024-11-26T12:54:45,jhonatandan05@gmail.com,1,1750.00,1750.00,PE,Trujillo,LAL,
"Micaela Sm",micaela.sm,2024-11-26T00:00:00,2024-11-25T18:12:32,micasmm99@gmail.com,1,4000.00,4000.00,PE,Lima,LMA,
"Kiara Valencia",kiara.valencia,2024-11-25T17:56:07,2024-11-25T12:56:06,kiara.valenciaoblitas@gmail.com,1,75.00,75.00,PE,"Jesus maria",LMA,
"Jean Piero Ribeiro Eamirez","jean piero.ribeiro eamirez",2024-11-23T00:00:00,2024-11-19T22:22:30,jribeiroranirez@gmail.com,1,3800.00,3800.00,PE,Lima,LMA,
"Carolina Arispe",carolina.arispe,2024-11-22T17:49:49,2024-11-22T12:49:48,caro.arispe@gmail.com,1,140.00,140.00,PE,Lima,LMA,
"Mariella Huamani fernandez","mariella.huamani fernandez",2024-11-22T00:00:00,2024-11-21T10:40:37,chelsia2007@hotmail.es,1,200.00,200.00,PE,Lima,LMA,
"Gabriel Herazo",gabriel.herazo,2024-11-20T18:24:53,2024-11-20T13:24:52,gabrielherazop@hotmail.com,1,2650.00,2650.00,PE,lima,LMA,
"Gladys Pariona",gladys.pariona,2024-11-19T00:00:00,2024-11-18T14:07:04,abril_07_1971@hotmail.com,2,340.00,170.00,PE,"San Juan de Lurigancho",LMA,
"OSCARE PEÑA VALLADARES","oscare.pena valladares",2024-11-18T14:58:21,2024-11-18T09:58:21,OSCARE.PENAV@GMAIL.COM,1,75.00,75.00,PE,LIMA,LMA,
"AMALIA MILAGROS SOSA ALFARO","amalia milagros.sosa alfaro",2024-11-18T00:00:00,2024-11-07T10:19:41,milagros_8369@hotmail.com,1,50.00,50.00,PE,Lima,LMA,
"JUAN FRANCO",juan.franco,2024-11-15T19:55:05,2024-11-15T14:55:04,juanfranconagatomi@gmail.com,1,160.00,160.00,PE,LIMA,LMA,
"Liliana Luisa Vargas Sánchez","liliana luisa.vargas sanchez",2024-11-15T19:01:40,2024-11-15T14:01:39,lilianavargas2500@gmail.com,1,90.00,90.00,PE,Lima,LMA,
"carlos ramos",carlos.ramos,2024-11-15T17:18:33,2024-11-15T12:18:32,c4rlos2791@hotmail.com,1,3500.00,3500.00,PE,15001,LMA,
"Justin Conde",justin.conde,2024-11-14T00:26:52,2024-11-13T19:26:51,justinconde352@gmail.com,1,40.00,40.00,PE,"Cercado de Lima",LMA,
"JEYSON JAVIER MAGALLANES CASTILLA","jeyson javier.magallanes castilla",2024-11-13T21:07:12,2024-11-13T16:07:11,JEYSONJ.MAGALLANES@GMAIL.COM,1,1880.00,1880.00,PE,CHINCHA,ICA,
"Kyara Yarlaqué Quenaya","kyara.yarlaque quenaya",2024-11-13T00:47:38,2024-11-12T19:47:37,kyaraquenaya@gmail.com,1,150.00,150.00,PE,Chiclayo,LAM,
"Jihuber Moreno Dueñas","jihuber.moreno duenas",2024-11-09T00:00:00,2024-11-02T22:41:03,jihuber4@hotmail.com,1,4150.00,4150.00,PE,Caraz,ANC,
"Oviedo Ccahuantico ccahuantico","oviedo.ccahuantico ccahuantico",2024-11-07T15:11:06,2024-11-07T10:11:05,frankcahuantico86@gmail.com,1,5000.00,5000.00,PE,"Alto libertad",MDD,
"Giuliana Poma",giuliana.poma,2024-11-07T00:00:00,2024-11-05T09:30:44,gpomasalazar@gmail.com,1,140.00,140.00,PE,Lima,LMA,
"Luis Villar",luis.villar,2024-11-07T00:00:00,2024-10-25T00:43:10,lui_sin15@hotmail.com,1,8899.00,8899.00,PE,Lima,LMA,
"Josué Lozano Ortiz","josue.lozano ortiz",2024-11-07T00:00:00,2024-11-05T12:05:35,josuesilvinolozano@gmail.com,1,800.00,800.00,PE,Barranca,LMA,
"Lizet Escalante Jacome","lizet.escalante jacome",2024-11-05T21:31:26,2024-11-05T16:31:26,lescalantejacome@gmail.com,1,75.00,75.00,PE,lima,LMA,
"luz carhuancho esteban","luz.carhuancho esteban",2024-11-05T17:41:44,2024-11-05T12:41:43,importacionesluz@hotmail.com,1,640.00,640.00,PE,lima,LMA,
"Edward Oliver",edward.oliver,2024-11-05T00:00:00,2024-11-03T12:25:30,edward46060@gmail.com,1,2200.00,2200.00,PE,Carabayllo,LMA,
"Eduardo Ramos",eduardo.ramos,2024-11-05T00:00:00,2024-11-01T06:43:15,ramosberrocaleduardojesus@gmail.com,1,320.00,320.00,PE,Callao,CAL,
"Karla Leon",karla.leon,2024-11-04T17:56:44,2023-08-20T15:31:43,kl224632@gmail.com,5,5525.00,1105.00,PE,lima,LIM,
"Carolyn dayana Palomino Corilloclla","carolyn dayana.palomino corilloclla",2024-11-01T00:00:00,2024-10-25T13:09:23,carolyndayana2409@gmail.com,1,5000.00,5000.00,PE,Huancayo,JUN,
"VICTOR GONZALES",victor.gonzales,2024-10-31T00:00:00,2024-10-30T10:56:32,vipgoal2014@gmail.com,1,150.00,150.00,PE,LIMA,LMA,
"Mario Huayanca diaz","mario.huayanca diaz",2024-10-29T19:57:50,2024-10-28T23:34:39,huayanca514@gmail.com,2,300.00,150.00,PE,Surquillo,LMA,
"Elmer Villalba giraldo","elmer.villalba giraldo",2024-10-29T15:06:04,2024-03-03T22:48:42,ancelmo.ssonn@gmail.com,4,250.00,62.50,PE,Lima,LMA,
"Maria Menéndez",maria.menendez,2024-10-29T00:29:23,2024-10-28T19:29:22,marita_05_19@hotmail.com,1,45.00,45.00,PE,Huancayo,JUN,
"joaquin caceda",joaquin.caceda,2024-10-28T20:57:56,2024-10-28T15:57:55,joacocaceda@gmail.com,1,3500.00,3500.00,PE,lima,LMA,
"Juan Ronald Obregón Sánchez","juan ronald.obregon sanchez",2024-10-28T03:51:24,2024-10-27T22:51:23,baroni.jros@gmail.com,1,45.00,45.00,PE,"Jesús María",LMA,
"Ronald Malavé Velásquez","ronald.malave velasquez",2024-10-28T00:00:00,2024-10-23T12:30:26,ronaldmalave10@hotmail.com,1,150.00,150.00,PE,Callao,CAL,
"Micaela Chirinos Hayre","micaela.chirinos hayre",2024-10-26T00:00:00,2024-10-25T03:51:30,micaelachirinos1@gmail.com,1,2650.00,2650.00,PE,Lima,LMA,
"Selene Martínez",selene.martinez,2024-10-26T00:00:00,2024-10-25T18:44:15,martinezselene6@gmail.com,1,140.00,140.00,PE,Lima,LMA,
"Katerinn Ramirez Rosales","katerinn.ramirez rosales",2024-10-25T00:00:00,2024-10-24T10:06:54,katy1131@hotmail.com,1,150.00,150.00,PE,Lima,LMA,
"Fernanda Ayala tinco","fernanda.ayala tinco",2024-10-25T00:00:00,2024-10-24T16:09:46,fernan09864@gmail.com,1,90.00,90.00,PE,Lima,LMA,
"Denisse Coronado Alfaro","denisse.coronado alfaro",2024-10-25T00:00:00,2024-10-20T15:50:46,dcoronadoalfaro19@gmail.com,1,1880.00,1880.00,PE,"San Martin De Porres",LMA,
"JORGE SANTIAGO PENA ZAVALA","jorge santiago.pena zavala",2024-10-22T16:42:47,2024-10-22T11:42:47,arqui.jorge5@gmail.com,1,160.00,160.00,PE,Bellavista,LIM,
"Uve Reyes Santos","uve.reyes santos",2024-10-22T00:00:00,2024-10-21T11:52:19,uvereyes1409@gmail.com,1,90.00,90.00,PE,"los olivos",LMA,
"Manuel Landa garrido","manuel.landa garrido",2024-10-19T00:16:01,2024-10-18T19:16:00,Mlandagarrido@gmail.com,1,225.00,225.00,PE,Lima,LMA,
"Jose Ramiro Rodriguez Correa","jose ramiro.rodriguez correa",2024-10-19T00:00:00,2023-02-04T17:15:15,joselinkin@outlook.com,1,4450.00,4450.00,PE,Piura,PIU,
"Gilner Garcia",gilner.garcia,2024-10-18T19:18:13,2024-10-18T14:18:13,gilnergarciaa@gmail.com,1,6250.00,6250.00,PE,LIMA,LMA,
"Enzo Guevara Cavero","enzo.guevara cavero",2024-10-17T00:00:00,2024-10-04T15:31:11,enzo.geminis146@gmail.com,1,150.00,150.00,PE,Lima,LMA,
"Karina Linares troncoso","karina.linares troncoso",2024-10-16T23:02:42,2024-10-16T18:02:41,linares113014@gmail.com,1,75.00,75.00,PE,Lima,CAL,
"ANTONIO Soto MALQUI","antonio.soto malqui",2024-10-16T00:35:00,2024-10-15T19:34:59,zoidsasm@gmail.com,1,3500.00,3500.00,PE,Lima,LIM,
"Nilsette Gonzalez",nilsette.gonzalez,2024-10-15T18:52:38,2024-10-15T13:52:38,franciscocarfenas008@gmail.com,1,5399.00,5399.00,PE,Lima,LIM,
"anthony marcos ponce","anthony.marcos ponce",2024-10-15T07:57:55,2024-10-15T02:57:54,marcosponceanthony3@gmail.com,1,3600.00,3600.00,PE,trujillo,LAL,
"Carla Ayllon Meresi","carla.ayllon meresi",2024-10-15T00:30:46,2024-10-14T19:30:45,casoayme1@gmail.com,1,75.00,75.00,PE,Surco,LMA,
"MARIAH ALEXANDRA LOBO BECERRA","mariah alexandra.lobo becerra",2024-10-12T00:03:45,2024-10-11T19:03:44,alewoolfwuju@gmail.com,1,1880.00,1880.00,PE,LIMA,LMA,
"Elias Marcos Delgado Nuñez","elias marcos.delgado nunez",2024-10-12T00:00:00,2024-10-09T11:45:44,EliasMDelgado@yahoo.com,1,3600.00,3600.00,PE,Callao,CAL,
"Javier Figuera",javier.figuera,2024-10-10T00:00:00,2024-09-30T19:29:27,javfig1311@gmail.com,1,85.00,85.00,PE,"Los olivos",LIM,
"Cruz Marina Montenegro Silva","cruz marina.montenegro silva",2024-10-09T17:55:20,2024-10-09T12:55:19,maricruz125@hotmail.com,1,3950.00,3950.00,PE,Lima,LMA,
"katherine huarcaya morales","katherine.huarcaya morales",2024-10-06T19:49:20,2024-10-06T14:49:19,katherinehuarcaya@gmail.com,1,2650.00,2650.00,PE,Lima,CAL,
"Martin Zegarra Ballon","martin.zegarra ballon",2024-10-06T13:24:23,2024-10-06T08:24:22,sportbilly_62@hotmail.com,1,3950.00,3950.00,PE,Chorrillos,LMA,
"Max Len Camus Rengifo","max len.camus rengifo",2024-10-05T03:36:42,2024-10-04T22:36:41,dr.maxlen@gmail.com,1,180.00,180.00,PE,Lima,LMA,
"Pierina Alvarado",pierina.alvarado,2024-10-04T04:36:02,2024-10-03T23:36:00,ashlypieri@gmail.com,1,2550.00,2550.00,PE,Lima,LMA,
"Ysabel De La Cruz","ysabel.de la cruz",2024-10-04T00:41:22,2024-10-03T19:41:21,ydlco1993@hotmail.com,1,2830.00,2830.00,PE,lima,LMA,
"Billy Roger Quispe Valdez","billy roger.quispe valdez",2024-10-04T00:00:00,2024-10-03T18:10:21,Lezeek_pop@hotmail.com,1,5399.00,5399.00,PE,Lima,LMA,
"Eduardo Torres Castro","eduardo.torres castro",2024-10-03T00:00:00,2024-09-25T14:29:58,odraudetc@gmail.com,1,170.00,170.00,PE,Lima,LIM,
"Geraldine Calderon Mutto","geraldine.calderon mutto",2024-10-02T06:04:17,2024-10-02T01:04:17,lcalderonmutto@gmail.com,1,75.00,75.00,PE,"San miguel",LMA,
"Valery Guerrero Ching","valery.guerrero ching",2024-10-02T05:04:28,2024-10-02T00:04:27,valery.guerrero.ch@gmail.com,1,2550.00,2550.00,PE,Piura,PIU,
"Anyeli Macalupu Escate","anyeli.macalupu escate",2024-10-01T22:09:29,2024-10-01T17:09:28,angimaes@hotmail.com,1,85.00,85.00,PE,callao,CAL,
"asdf asdf",asdf.asdf,2024-10-01T19:47:38,2024-10-01T14:47:37,adsfadsf@asdf.com,1,3600.00,3600.00,PE,asdf,LMA,
"GUILLERMO ROSALES",guillermo.rosales,2024-10-01T00:00:00,2024-09-23T10:06:03,aries_20_15@hotmail.com,1,3800.00,3800.00,PE,Lima,LMA,
"Gabriela Cuellar",gabriela.cuellar,2024-09-30T12:27:25,2024-09-30T07:27:24,rousegc26@gmail.com,1,3500.00,3500.00,PE,Lima,LIM,
"Mateo Ferreyros Ruiz","mateo.ferreyros ruiz",2024-09-30T00:00:00,2024-09-24T15:23:48,mateoferreyrosruiz@gmail.com,1,3800.00,3800.00,PE,"San Borja",LIM,
"Trilly Mellet",trilly.mellet,2024-09-28T18:40:21,2024-09-28T13:40:21,trillymellet@gmail.com,1,90.00,90.00,PE,lima,LIM,
"Laura Romero Lazo","laura.romero lazo",2024-09-28T00:00:00,2024-09-25T13:55:33,laly4056@hotmail.com,1,3950.00,3950.00,PE,Lima,LIM,
"Alexandra Benites saavedra","alexandra.benites saavedra",2024-09-27T00:00:00,2024-09-20T12:37:19,alegm15bs@gmail.com,1,300.00,300.00,PE,"Mi peru-Ventanilla",CAL,
"Julio Roger Sopla. Huayna","julio roger.sopla. huayna",2024-09-26T00:00:00,2024-03-28T12:08:32,rogersopla@gmail.com,1,160.00,160.00,PE,Surco,LMA,
"Mirella Rosas",mirella.rosas,2024-09-26T00:00:00,2024-09-21T18:48:02,mc1598r@gmail.com,1,2200.00,2200.00,PE,Surco,LMA,
"ANGEL TOMASINE MUÑOZ HERNANDEZ","angel tomasine.munoz hernandez",2024-09-25T19:33:28,2024-09-25T14:33:27,angel_mh_002@hotmail.com,1,2725.00,2725.00,PE,LIMA,LMA,
"Kevin Jfu",kevin.jfu,2024-09-25T03:18:31,2024-09-24T22:18:30,kiaramq17@gmail.com,1,3600.00,3600.00,PE,Tacna,TAC,
"Astrihd Chero",astrihd.chero,2024-09-24T02:50:24,2024-09-23T21:50:24,astrihdi@gmail.com,1,140.00,140.00,PE,Lima,LIM,
"Blas paredes",blas.paredes,2024-09-24T00:00:00,2024-09-23T14:52:30,raquelblas@hotmail.com,1,150.00,150.00,PE,Lima,LIM,
"Maria Fernanda Lopez Fuentes","maria fernanda.lopez fuentes",2024-09-22T00:47:30,2024-09-21T19:47:29,fith_97@hotmail.com,1,2200.00,2200.00,PE,Chorrillos,LMA,
"Carla Melisa Areche Duran","carla melisa.areche duran",2024-09-22T00:00:00,2024-09-19T15:04:58,carla052801@gmail.com,1,2650.00,2650.00,PE,"Magdalena del mar",LMA,
"Jorge Maldonado Darauche","jorge.maldonado darauche",2024-09-20T15:21:01,2024-09-20T10:21:00,jmaldonado80.pro@gmail.com,1,90.00,90.00,PE,Surquillo,LIM,
"Tomás Narrea",tomas.narrea,2024-09-19T13:41:32,2024-09-19T08:41:31,tony.narrea81@gmail.com,1,4300.00,4300.00,PE,"Espinar / Espinar",CUS,
"Maria Fernanda Centeno","maria fernanda.centeno",2024-09-18T02:16:21,2023-12-17T19:02:45,maafecenteno@gmail.com,3,1775.00,591.67,PE,Lima,LIM,
"Yamy Palacios paredes","yamy.palacios paredes",2024-09-18T00:00:00,2024-09-08T18:08:25,yamiletespinozaseminario@gmail.com,1,3600.00,3600.00,PE,Chorrillos,LIM,
"Romy Gutrierrez",romy.gutrierrez,2024-09-17T15:52:49,2024-09-17T10:52:49,romyximena04@gmail.com,1,45.00,45.00,PE,LIMA,LIM,
"Liliana paredes toranzo","liliana.paredes toranzo",2024-09-14T17:33:31,2024-06-14T12:38:38,li12li_li@hotmail.com,2,6150.00,3075.00,PE,lima,LMA,
"Arian Enrique Rodriguez Costilla","arian enrique.rodriguez costilla",2024-09-13T21:54:07,2024-09-13T16:54:06,arian.rodric@gmail.com,1,85.00,85.00,PE,"Pueblo Libre",LIM,
"Mauro Vela Tecco","mauro.vela tecco",2024-09-13T14:11:05,2024-09-13T09:11:04,mvelatecco@hotmail.com,1,6999.00,6999.00,PE,33itos,LOR,
"Antony Santacruz Rivadeneyra","antony.santacruz rivadeneyra",2024-09-13T13:12:37,2024-09-13T08:12:36,antonysantacruz@gmail.com,1,2550.00,2550.00,PE,"Los olivos",LIM,
"Jose Miguel Ingunza Manrique","jose miguel.ingunza manrique",2024-09-12T02:20:46,2024-09-11T21:20:43,joseingunza1510@gmail.com,1,1750.00,1750.00,PE,"Santiago de Surco",LMA,
"Adolfo Aguilar",adolfo.aguilar,2024-09-08T00:00:00,2024-09-07T12:33:14,adolfo_a@hotmail.com,1,75.00,75.00,PE,"San Isidro",LIM,
"Camila Alfaro",camila.alfaro,2024-09-06T00:00:00,2024-08-30T21:34:55,camilaalfaroromero@gmail.com,1,3500.00,3500.00,PE,Lima,LIM,
"evanny TRIGOZO LINARES","evanny.trigozo linares",2024-09-06T00:00:00,2024-09-04T13:24:21,xiobelly@gmail.com,1,3500.00,3500.00,PE,Callao,CAL,
"Alicia Pilar Callo Rojas","alicia pilar.callo rojas",2024-09-05T16:37:13,2024-09-05T11:37:12,alicecallo18@gmail.com,1,930.00,930.00,PE,Huancayo,JUN,
"Eduardo Dangelo Gamarra","eduardo.dangelo gamarra",2024-09-05T15:52:19,2024-09-05T10:52:18,e_dangelo9@hotmail.com,1,75.00,75.00,PE,"san miguel",LIM,
"Katty Paiva Becerra","katty.paiva becerra",2024-09-04T16:26:40,2024-09-04T11:26:40,kaysi.pb@gmail.com,1,85.00,85.00,PE,Piura,PIU,
"linda matos jurado","linda.matos jurado",2024-09-04T01:44:43,2024-09-03T20:44:42,lindaeiliana9580@gmail.com,1,4300.00,4300.00,PE,lima,LIM,
"Ayrton Berrospi",ayrton.berrospi,2024-09-03T23:30:58,2023-11-07T10:45:05,berrospi1999@gmail.com,4,380.00,95.00,PE,Callao,CAL,
"BRANDON ANDREE ESPINOZA GUZMÁN","brandon andree.espinoza guzman",2024-09-03T02:55:11,2024-09-02T21:55:10,RUMIMAQUI99@GMAIL.COM,1,90.00,90.00,PE,"VILLA EL SALVADOR",LIM,
"Gerardo Sanchez",gerardo.sanchez,2024-09-03T00:00:00,2024-08-20T13:20:25,grbios_17@hotmail.com,1,1880.00,1880.00,PE,Lima,LMA,
"Nuria Apaza",nuria.apaza,2024-09-01T00:00:00,2024-08-31T23:41:24,nuriaapaza8@gmail.com,1,150.00,150.00,PE,Lima,LIM,
"Alejandra Nicolle Cruz","alejandra nicolle.cruz",2024-08-30T05:07:10,2024-08-30T00:07:09,nycholle1209@gmail.com,1,1650.00,1650.00,PE,lima,LIM,
"Blanca Esmeralda Hurtado Castro","blanca esmeralda.hurtado castro",2024-08-29T00:00:00,2024-08-26T16:04:54,esmeralda.hurtadok@gmail.com,2,930.00,465.00,PE,Chiclayo,LAM,
"Gh Vhj",gh.vhj,2024-08-28T03:23:02,2024-08-27T22:23:01,hola@hola.com,1,3600.00,3600.00,PE,Lima,LMA,
"Jean Luis Manay Gutierrez","jean luis.manay gutierrez",2024-08-27T23:31:31,2024-08-27T18:31:30,jeanl.9642@gmail.com,1,150.00,150.00,PE,lima,LIM,
"Maria Belen Quispe Esqueiros","maria belen.quispe esqueiros",2024-08-27T22:24:58,2024-08-27T17:24:57,mabelqe@gmail.com,1,4150.00,4150.00,PE,Lima,LIM,
"Luis Eduardo Pisco Goicochea","luis eduardo.pisco goicochea",2024-08-26T14:38:02,2024-08-26T09:38:01,ledpisco@gmail.com,1,155.00,155.00,PE,Cajamarca,CAJ,
"Pamela Lucia Galdos Gutierrez","pamela lucia.galdos gutierrez",2024-08-22T02:59:20,2024-08-21T21:59:19,galdospamelalucia@gmail.com,1,75.00,75.00,PE,Arequipa,ARE,
"Fenando Gamarra de la fuente","fenando.gamarra de la fuente",2024-08-22T00:00:00,2024-08-21T17:40:15,zalmogtn@gmail.com,1,50.00,50.00,PE,Surco,LMA,
"Fabiola Flores",fabiola.flores,2024-08-21T01:43:59,2024-08-20T20:43:58,floresthfabiola@gmail.com,1,50.00,50.00,PE,lima,LMA,
"Sheila Morales",sheila.morales,2024-08-21T00:00:00,2024-08-15T15:45:05,shely63mm@gmail.com,1,75.00,75.00,PE,Callao,CAL,
"Grabiela Mota",grabiela.mota,2024-08-20T16:34:55,2024-08-20T11:34:54,grabiela_12_30@hotmail.com,1,3600.00,3600.00,PE,Callao,CAL,
"Mario miguel Porras perez","mario miguel.porras perez",2024-08-20T00:00:00,2024-08-08T11:42:42,mariomiguelporras16@gmail.com,1,1880.00,1880.00,PE,"Villa El Salvador",LMA,
"Giancarlo Martin Lopez Falcon","giancarlo martin.lopez falcon",2024-08-19T15:48:54,2024-08-19T10:48:53,giancarlomalope@gmail.com,1,20.00,20.00,PE,"Santiango de surco",LMA,
"Melissa Ponce arriaga","melissa.ponce arriaga",2024-08-18T15:23:00,2024-08-18T10:22:59,kiapon@hotmail.com,1,100.00,100.00,PE,Lima,LMA,
"Fiorella Cavagnaro Jimenez","fiorella.cavagnaro jimenez",2024-08-18T10:21:08,2024-08-18T05:21:07,fiorella281297@gmail.com,1,45.00,45.00,PE,"San Martín De Porres",LMA,
"Susana Carbajal",susana.carbajal,2024-08-17T00:11:52,2024-08-16T19:11:52,sucy54@gmail.com,1,14749.00,14749.00,PE,Chiquián,ANC,
"Guadalupe Patricia Palacios Diaz","guadalupe patricia.palacios diaz",2024-08-15T23:52:18,2024-08-15T18:52:17,patriciapalacios0011@gmail.com,1,4150.00,4150.00,PE,Huancayo,JUN,
"rick ventura flores","rick.ventura flores",2024-08-15T17:11:41,2024-08-15T12:11:40,rventuraflores@gmail.com,1,160.00,160.00,PE,Marcona,ICA,
"Vladimir Erick Quintana Sernaque","vladimir erick.quintana sernaque",2024-08-14T21:31:16,2024-08-14T16:31:15,vladi_qs17@hotmail.com,1,975.00,975.00,PE,"San Miguel",LMA,
"renato garcia perez","renato.garcia perez",2024-08-14T04:09:54,2024-08-13T16:41:09,jose19_sistemas@hotmail.com,4,15820.00,3955.00,PE,Trujillo,LAL,
"Francisco Javier Rojas Toledo","francisco javier.rojas toledo",2024-08-14T00:00:00,2024-08-08T19:59:03,javier_3088@hotmail.com,1,2200.00,2200.00,PE,Lima,LMA,
"Omar Nieves",omar.nieves,2024-08-13T00:51:53,2024-08-12T19:51:51,o.nievesserna@gmail.com,1,20.00,20.00,PE,Callao,CAL,
"Luis Felipe Tello San Román","luis felipe.tello san roman",2024-08-13T00:00:00,2024-08-11T22:51:33,luisfelipetello@gmail.com,1,150.00,150.00,PE,Lima,LMA,
"Sonia Elizabeth De la Cruz Rixe","sonia elizabeth.de la cruz rixe",2024-08-12T00:00:00,2024-08-04T17:49:35,elydr2909.ed@gmail.com,1,80.00,80.00,PE,Lima,LMA,
"Mauricio Huayta Aquino","mauricio.huayta aquino",2024-08-12T00:00:00,2024-08-08T12:07:40,mauricio.huayta1@gmail.com,1,975.00,975.00,PE,"Quillabamba, Santa Ana, La Convención",CUS,
"Christy Heredia Castillo","christy.heredia castillo",2024-08-12T00:00:00,2024-08-06T10:28:11,chrisheredia24@gmail.com,1,150.00,150.00,PE,Chaclacayo,LMA,
"Giovanni Joseph Vilchez Delgado","giovanni joseph.vilchez delgado",2024-08-10T23:44:08,2024-08-10T18:44:07,giovanni.vilchez@gmail.com,1,170.00,170.00,PE,"Villa el Salvador, Lima",LMA,
"Edward Pinto Quispe","edward.pinto quispe",2024-08-10T00:00:00,2024-08-09T14:37:21,eduars131994@gmail.com,1,3500.00,3500.00,PE,Lima,LMA,
"Fabio Garcia",fabio.garcia,2024-08-10T00:00:00,2024-08-08T20:37:24,fabio_gs_26@hotmail.com,1,150.00,150.00,PE,"San Juan de Lurigancho - Lima",LMA,
"CINTIA BERNUY",cintia.bernuy,2024-08-09T06:22:55,2024-08-09T01:22:54,2017AZYZ@GMAIL.COM,1,4099.00,4099.00,PE,LIMA,LMA,
"Juana Angélica Loza Arenaza","juana angelica.loza arenaza",2024-08-09T01:55:32,2024-08-08T20:55:31,angelica_lulu21@hotmail.com,1,90.00,90.00,PE,"San martín de porres",LMA,
"Emilia Yajahuanca",emilia.yajahuanca,2024-08-09T00:00:00,2024-08-06T17:26:26,emiliayajahuancaseminario@gmail.com,1,2200.00,2200.00,PE,"La perla",CAL,
"Diego Enrique Castillon Pariona","diego enrique.castillon pariona",2024-08-09T00:00:00,2024-08-05T16:22:46,diegocastillonp@gmail.com,1,150.00,150.00,PE,Surco,LMA,
"Andrea Canto",andrea.canto,2024-08-09T00:00:00,2024-07-26T11:58:47,cantoandrea1@gmail.com,1,1800.00,1800.00,PE,Cajamarca,CAJ,
"Nakhleh yacoub Hernando qaisieh","nakhleh yacoub.hernando qaisieh",2024-08-08T00:00:00,2024-08-07T05:05:14,nakhlehyacoub18@gmail.com,1,150.00,150.00,PE,Lima,LMA,
"Yeslin Tirapo leon","yeslin.tirapo leon",2024-08-07T00:00:00,2024-07-30T12:14:13,yeslintl@gmail.com,1,150.00,150.00,PE,Lima,LMA,
"Robbie hgerlles Borjas zuñiga","robbie hgerlles.borjas zuniga",2024-08-06T01:07:58,2024-08-02T21:46:48,matiborjas2003@Hotmail.com,2,3300.00,1650.00,PE,"Nuevo chimbote",ANC,
"Andres Tello Damas","andres.tello damas",2024-08-06T00:00:00,2024-07-25T18:59:57,atellod@outlook.es,1,1750.00,1750.00,PE,"Los Olivos",LMA,
"Johnny Hubertson Rojas Ruiz","johnny hubertson.rojas ruiz",2024-08-06T00:00:00,2024-07-23T13:19:35,j.rojas@celmovil.pe,1,3600.00,3600.00,PE,Trujillo,LAL,
"Guiliana Arapa Ccosi","guiliana.arapa ccosi",2024-08-05T07:13:37,2024-08-05T02:13:36,guiliana17092000@gmail.com,1,2350.00,2350.00,PE,Lima,LMA,
"Juan Pablo Diaz Ravina","juan pablo.diaz ravina",2024-08-03T04:13:02,2024-08-02T23:13:01,juanpadr85@hotmail.com,1,1880.00,1880.00,PE,Lima/Breña,LMA,
"Mariela Corsanego",mariela.corsanego,2024-08-01T17:09:32,2024-08-01T12:09:32,mcorsanego@outlook.com,1,40.00,40.00,PE,"San Isidro",LMA,
"Jimmy Vasquez",jimmy.vasquez,2024-08-01T15:15:07,2024-08-01T10:15:06,lordjva@gmail.com,1,1050.00,1050.00,PE,arequipa,ARE,
"Liska katherine Carranza herrera","liska katherine.carranza herrera",2024-08-01T00:00:00,2024-07-20T17:51:11,carranzah.94@outlook.com,1,4800.00,4800.00,PE,"Nuevo chimbote",ANC,
"Thalia Anton Arocutipa","thalia.anton arocutipa",2024-08-01T00:00:00,2024-08-01T09:08:39,Thalia_13_99@hotmail.com,1,150.00,150.00,PE,Tacna,TAC,
"Karla Herrera",karla.herrera,2024-07-31T00:00:00,2024-07-24T19:44:48,karladanielamhh2608@gmail.com,1,3600.00,3600.00,PE,Lima,LMA,
"Leonidas Samame",leonidas.samame,2024-07-31T00:00:00,2024-07-25T17:55:34,lsamame21@gmail.com,1,3999.00,3999.00,PE,"La Victoria",LMA,
"jose delgado galindo","jose.delgado galindo",2024-07-29T04:52:51,2024-07-28T23:52:50,delgadogalindojose52@gmail.com,1,4250.00,4250.00,PE,lima,LMA,
"Jorge Huaranca luque","jorge.huaranca luque",2024-07-27T20:17:43,2024-07-27T15:17:42,luqeros21@gmail.com,1,150.00,150.00,PE,"Lima -Surco",LMA,
"Dialeny Santos Castro","dialeny.santos castro",2024-07-27T00:00:00,2024-07-26T16:24:27,diale.sc24@gmail.com,1,2550.00,2550.00,PE,Lima,LMA,
"Marina Falen Camacho","marina.falen camacho",2024-07-27T00:00:00,2024-07-24T14:51:28,mg.falen@gmail.com,1,40.00,40.00,PE,Lima,LMA,
"Yorman Soto",yorman.soto,2024-07-27T00:00:00,2024-07-15T21:49:10,yormanasp@gmail.com,1,1650.00,1650.00,PE,Lima,LMA,
"Ariadna Salas",ariadna.salas,2024-07-26T16:41:43,2024-07-26T11:41:42,ariadce8@hotmail.com,1,3600.00,3600.00,PE,Lima,LMA,
"José Carlos Santillan sanchez","jose carlos.santillan sanchez",2024-07-26T00:00:00,2024-07-23T15:49:09,pepe_jakgen@hotmail.com,3,2135.00,711.67,PE,Chorrillos,LMA,
"Omar gabriel Sánchez carhuapoma","omar gabriel.sanchez carhuapoma",2024-07-26T00:00:00,2024-07-20T07:51:03,gofle_22361@hotmail.com,1,50.00,50.00,PE,Lima,LMA,
"Roberto Yonezawa",roberto.yonezawa,2024-07-26T00:00:00,2024-07-10T21:23:46,robertoyn11@gmail.com,1,780.00,780.00,PE,Lima,LMA,
"ALDO VILLANUEVA RENTERIA","aldo.villanueva renteria",2024-07-25T00:00:00,2024-07-25T10:36:40,ALDO_LEO9@HOTMAIL.COM,1,75.00,75.00,PE,LIMA,LMA,
"Freddy jesus Arias arteaga","freddy jesus.arias arteaga",2024-07-25T00:00:00,2024-07-24T16:09:50,freddy.arias.arteaga@gmail.com,1,90.00,90.00,PE,"Cercado de lima",LMA,
"luis yausin",luis.yausin,2024-07-24T21:37:59,2024-07-24T16:37:58,yausin.13@gmail.com,1,1650.00,1650.00,PE,Callao,CAL,
"Nestor Cabrera Vallejos","nestor.cabrera vallejos",2024-07-24T19:15:13,2024-07-24T14:15:12,ingncv@gmail.com,1,115.00,115.00,PE,Marcona,ICA,
"Leslie Jimenez",leslie.jimenez,2024-07-24T19:09:02,2024-07-24T14:09:01,lesliejc0607@gmail.com,1,4800.00,4800.00,PE,Piura,PIU,
"Ana Rojas misari","ana.rojas misari",2024-07-24T04:28:29,2024-07-23T23:28:28,anais_acuario2012@hotmail.com,1,180.00,180.00,PE,Lima,LMA,
"yuxuan li",yuxuan.li,2024-07-23T20:46:31,2024-07-23T14:45:33,liyuxuan@cceccperu.com,2,3450.00,1725.00,PE,"san isidro",LMA,
"Bruce Silva Padilla","bruce.silva padilla",2024-07-23T00:00:00,2024-07-14T11:37:48,brussilvapadilla@gmail.com,1,140.00,140.00,PE,Lima,LMA,
"Betzabeth Cordova peseros","betzabeth.cordova peseros",2024-07-22T00:00:00,2024-06-06T11:02:22,bcpeseros@gmail.com,1,20.00,20.00,PE,"San martin de porres",LMA,
"Gloria Patiño",gloria.patino,2024-07-20T17:06:42,2024-07-20T12:06:41,gloria.ip65@gmail.com,1,50.00,50.00,PE,Lima,LIM,
"Maria Rosa Tuñoque Wong","maria rosa.tunoque wong",2024-07-20T15:49:35,2024-07-20T10:49:34,marotuwo@gmail.com,1,75.00,75.00,PE,Lima,LMA,
"RAÚL CESAR RIVERO ARCE","raul cesar.rivero arce",2024-07-20T00:16:09,2024-07-19T19:16:08,rayriv1982@gmail.com,1,220.00,220.00,PE,"Chincha Alta",ICA,
"Eva Muñoz Eva Muñoz","eva munoz.eva munoz",2024-07-20T00:00:00,2024-07-18T21:48:19,evyangie20@gmail.com,1,1880.00,1880.00,PE,"San Andres",ICA,
"Arturo Vidal Espinoza","arturo.vidal espinoza",2024-07-20T00:00:00,2024-07-19T09:30:33,avidale@gmail.com,1,1750.00,1750.00,PE,Barranco,LMA,
"Madeleyne Lopez Bustillos","madeleyne.lopez bustillos",2024-07-19T00:00:00,2024-07-18T17:08:47,lopezbustillo13@gmail.com,1,2550.00,2550.00,PE,Lima,LMA,
"Francine Buran",francine.buran,2024-07-19T00:00:00,2024-07-06T13:48:24,franburan2019@gmail.com,3,6600.00,2200.00,PE,"Bragança Paulista",LAM,
"Javier Alejandro Laredo de las Heras","javier alejandro.laredo de las heras",2024-07-18T15:02:58,2024-07-18T10:02:57,laredojavier2@gmail.com,1,300.00,300.00,PE,Independencia,LMA,
"IBEYNER ALMESTAR CASTILLO CHAMBILLO","ibeyner almestar.castillo chambillo",2024-07-18T01:49:04,2024-07-17T20:49:03,ibeynertik@gmail.com,1,20.00,20.00,PE,Lima,LMA,
"Fiorella Mogollón",fiorella.mogollon,2024-07-18T00:00:00,2024-07-06T10:03:53,fifiri14@gmail.com,1,1050.00,1050.00,PE,Lima,LMA,
"OSCAR LOO NEYRA","oscar.loo neyra",2024-07-18T00:00:00,2024-07-16T18:42:04,osloney@fotobuystore.com,1,2550.00,2550.00,PE,LIMA,LMA,
"Eduardo Velasquez Salazar","eduardo.velasquez salazar",2024-07-17T00:00:00,2024-07-11T17:35:33,elu_sero@hotmail.com,1,3999.00,3999.00,PE,Lima,LMA,
"Ronal Oliver Iglesias Matías","ronal oliver.iglesias matias",2024-07-17T00:00:00,2024-07-03T19:19:16,aioros_sagitario@hotmail.es,1,1650.00,1650.00,PE,Huancayo,JUN,
"Omar Backus Cruz","omar.backus cruz",2024-07-16T02:43:45,2024-07-15T21:43:44,omarbacruz@gmail.com,1,20.00,20.00,PE,Lima,LMA,
"Nayllen Rojas",nayllen.rojas,2024-07-15T00:00:00,2024-07-01T16:23:47,nayllen.rojas@gmail.com,1,1750.00,1750.00,PE,CHORRILLOS,LMA,
"Piero Bianchi Vasquez","piero.bianchi vasquez",2024-07-15T00:00:00,2024-07-14T13:15:29,pbianchiv37@gmail.com,1,4250.00,4250.00,PE,Lima,LMA,
"xiuying liu",xiuying.liu,2024-07-13T23:52:13,2024-07-13T18:52:12,inesitaliu@gmail.com,1,1750.00,1750.00,PE,Lima,LMA,
"Luis Alonso Olavarría Bocanegra","luis alonso.olavarria bocanegra",2024-07-13T00:00:00,2024-07-11T23:33:26,alonso1581_1996@hotmail.com,1,2350.00,2350.00,PE,Callao,CAL,
"Sebastian Murazzo Laos","sebastian.murazzo laos",2024-07-13T00:00:00,2024-07-12T18:15:41,sebas.mrazzo@gmail.com,1,150.00,150.00,PE,Lima,LMA,
"Ronaldo Flores Rodriguez","ronaldo.flores rodriguez",2024-07-13T00:00:00,2024-07-02T22:46:43,ronaldo.sixteen.16@gmail.com,1,3600.00,3600.00,PE,Lima,LMA,
"Jordan Siguas andia","jordan.siguas andia",2024-07-12T01:42:25,2024-07-11T20:42:24,siguasjordan15@gmail.com,1,20.00,20.00,PE,"Los Olivos",LMA,
"Bruno García Benites","bruno.garcia benites",2024-07-12T00:00:00,2024-06-30T16:10:14,brucebustet@gmail.com,1,1770.00,1770.00,PE,Lima,CAL,
"Naim Guerrero",naim.guerrero,2024-07-12T00:00:00,2024-07-11T22:51:03,guerreroyeika30@gmail.com,1,1880.00,1880.00,PE,Lima,LMA,
"Yesenia Maribel De La Cruz Torres","yesenia maribel.de la cruz torres",2024-07-11T06:56:22,2024-07-11T01:56:21,dyeseniamaribel@gmail.com,1,150.00,150.00,PE,Ica,ICA,
"Daniela Chanjan",daniela.chanjan,2024-07-11T02:36:18,2024-07-10T21:36:17,daniela.chanjan@gmail.com,1,2200.00,2200.00,PE,Miraflores,LMA,
"Daniel Ortega",daniel.ortega,2024-07-11T00:00:00,2024-07-10T18:02:31,rdortegah@gmail.com,1,40.00,40.00,PE,Lima,LMA,
"Hilda Garrido",hilda.garrido-7268,2024-07-10T22:06:09,2024-07-10T17:06:08,ximenapehu04@gmail.com,1,175.00,175.00,PE,Lima,LMA,
"Edu Pele",edu.pele,2024-07-10T12:05:13,2024-07-10T07:05:12,eduaosanchezd93@gmail.com,1,1750.00,1750.00,PE,Lima,LMA,
"Reynaldo Villanueva huaccache","reynaldo.villanueva huaccache",2024-07-10T01:43:52,2024-07-09T20:43:51,1220420@adexpru.edu.pe,1,4250.00,4250.00,PE,Lima,LMA,
"MARILEY GUERRA ACERO","mariley.guerra acero",2024-07-10T00:00:00,2024-07-04T01:27:43,mguerra@pymcourier.pe,2,15998.00,7999.00,PE,"La Victoria",LMA,
"Nataly villalta rosas","nataly.villalta rosas",2024-07-09T02:34:38,2024-07-08T21:34:37,naty18_vr@hotmail.com,1,35.00,35.00,PE,Huancayo,JUN,
"Gabriela Gallegos",gabriela.gallegos,2024-07-09T02:02:53,2024-07-08T21:02:52,gabyalessa28@gmail.com,1,3600.00,3600.00,PE,Lima,LMA,
"Vanessa Serrano vasquez","vanessa.serrano vasquez",2024-07-09T00:00:00,2024-07-08T12:09:26,Serranovasquezvanessa@gmail.com,1,130.00,130.00,PE,Lima,LMA,
"Dennys Campos gonzales","dennys.campos gonzales",2024-07-09T00:00:00,2024-07-08T16:51:03,dennyscg27@gmail.com,1,50.00,50.00,PE,Comas,LMA,
"NURI MILAGROS CRUZ VARGAS","nuri milagros.cruz vargas",2024-07-08T17:39:38,2024-07-08T12:39:37,nurimilagros1411@gmail.com,1,3500.00,3500.00,PE,MOYOBAMABA,SAM,
"Luis Sebastián Martin Alvarez Yale","luis sebastian martin.alvarez yale",2024-07-08T03:13:39,2024-07-07T22:13:39,sebas.alvarez2059@gmail.com,1,3600.00,3600.00,PE,"Santiago de Surco",LMA,
"CLINTON ANTHONY PANTALEON HUIZA","clinton anthony.pantaleon huiza-3877",2024-07-08T00:00:00,2024-06-25T12:02:16,anthonypantaleon147@gmail.com,1,3999.00,3999.00,PE,"santa beatriz",LMA,
"Allyson valeria Polar agurto","allyson valeria.polar agurto",2024-07-07T02:50:24,2024-07-06T21:50:23,polaragurtoa@gmail.com,1,20.00,20.00,PE,Lima,CAL,
"Gladys Gonzales",gladys.gonzales,2024-07-06T22:40:58,2024-07-06T17:40:58,gladyscuevagonzales@gmail.com,1,4150.00,4150.00,PE,Cajamarca,CAJ,
"Andrés eduardo Ahumada Rodriguez","andres eduardo.ahumada rodriguez",2024-07-05T22:23:15,2024-07-05T17:23:15,reparaciones.newcars@gmail.com,1,3600.00,3600.00,PE,Lima,LMA,
"Edwin Martin Zenozain Rivera","edwin martin.zenozain rivera",2024-07-04T23:48:12,2024-07-04T18:48:11,ezenozainr73@outlook.com,1,975.00,975.00,PE,Lima,LMA,
"Nadia Pereda",nadia.pereda,2024-07-04T15:12:48,2024-07-04T10:12:47,nadia.pereda.29@gmail.com,1,45.00,45.00,PE,Miraflores,LMA,
"Laura Nano",laura.nano,2024-07-04T05:06:35,2024-07-04T00:03:30,lau_nano@icloud.com,2,225.00,112.50,PE,lima,LMA,
"Cecilia Torres Zavaleta","cecilia.torres zavaleta",2024-07-04T00:00:00,2024-06-29T14:29:22,cecitz123@gmail.com,1,150.00,150.00,PE,Lima,LMA,
"Ronaldo Valdivia",ronaldo.valdivia,2024-07-03T18:12:49,2024-07-03T13:12:48,milicris93@gmail.com,1,3500.00,3500.00,PE,Lima,LMA,
"Giovanna Garavito",giovanna.garavito,2024-07-02T21:16:13,2024-07-02T16:16:12,garavitocgm@gmail.com,1,75.00,75.00,PE,"Lima/Lima/La victoria",LMA,
"aaa aaa",aaa.aaa,2024-07-02T21:01:14,2024-07-02T16:01:14,ASAS@hotmail.com,1,4250.00,4250.00,PE,"PUEBLO LIBRE",LMA,
"Rodrigo Vega Ricaldi","rodrigo.vega ricaldi",2024-07-02T17:07:09,2024-07-02T12:07:08,rodrigovega200412@hotmail.com,1,90.00,90.00,PE,Carabayllo,LMA,
"Luis Linares",luis.linares-3104,2024-07-02T16:26:33,2024-06-30T15:19:29,lu.linares1981@gmail.com,3,450.00,150.00,PE,Lima,LMA,
"Zulita Mercedes Hoyos Chumbe","zulita mercedes.hoyos chumbe",2024-07-02T00:00:00,2024-06-28T21:10:01,zulitahoyos@gmail.com,1,1880.00,1880.00,PE,"San Juan De Lurigancho",LMA,
"Angie Iturrizaga",angie.iturrizaga,2024-07-02T00:00:00,2024-07-02T14:43:19,iturrizagaangie@gmail.com,1,3500.00,3500.00,PE,Lima,LMA,
"Henry Olortegui Silva","henry.olortegui silva",2024-07-01T22:17:58,2024-07-01T17:17:57,henry26o27@gmail.com,1,110.00,110.00,PE,Lima,LMA,
"Geraldine Ramirez Toscano","geraldine.ramirez toscano",2024-06-30T00:00:00,2024-06-21T18:12:03,geraldine.ramirez@outlook.com,1,1050.00,1050.00,PE,"San isidro",LMA,
"Yaco enrique Yacolca lino","yaco enrique.yacolca lino",2024-06-30T00:00:00,2024-06-25T06:56:01,yaco.yacolca@gmail.com,1,45.00,45.00,PE,Lima,LMA,
"LEONIDAS ISRAEL PEREZ PEÑA","leonidas israel.perez pena",2024-06-28T22:41:03,2024-06-28T17:41:02,leonidas.perez@pucp.pe,1,500.00,500.00,PE,Lima,LMA,
"Wilfredo Tejeira Quispe","wilfredo.tejeira quispe",2024-06-28T02:49:59,2024-06-27T21:49:58,tejeiraquispewilfredo@gmail.com,1,2200.00,2200.00,PE,LIMA,LMA,
"Katia Huayta",katia.huayta,2024-06-27T16:04:48,2024-06-27T11:04:47,katia13huayta@gmail.com,1,150.00,150.00,PE,"lima - pachacamac",LMA,
"Jahayra Odalid Jove Pantoja","jahayra odalid.jove pantoja",2024-06-27T00:32:58,2024-06-26T19:32:58,jovepantoja@gmail.com,1,150.00,150.00,PE,Calla,CAL,
"Leonardo Guzman Asencio","leonardo.guzman asencio",2024-06-27T00:00:00,2024-06-24T22:44:38,leo.guzman156@hotmail.com,1,175.00,175.00,PE,Lima,LMA,
"Isamir Alex Zacarías Carlos","isamir alex.zacarias carlos",2024-06-26T16:35:58,2022-08-18T19:07:35,rimasialex@gmail.com,2,6520.00,3260.00,PE,"Lurigancho - Chosica",LMA,
"ever beltran",ever.beltran,2024-06-25T21:48:22,2024-06-25T16:48:21,andre20192611@gmail.com,1,20.00,20.00,PE,Independencia,LMA,
"Jhenifer Moreira Barbosa","jhenifer.moreira barbosa",2024-06-25T19:55:04,2024-06-25T14:55:03,jhenifermoreira76@gmail.com,1,1800.00,1800.00,PE,Castilla,PIU,
"Derick Torres de la Fuente.","derick.torres de la fuente.",2024-06-25T13:57:57,2024-06-25T08:57:56,derickmaycrysp4k@gmail.com,1,20.00,20.00,PE,Lima,LMA,
"Dennis Alva",dennis.alva,2024-06-25T00:38:49,2024-06-24T19:38:48,aldenda@gmail.com,1,3999.00,3999.00,PE,Chorrillos,LMA,
"Katherine Tirado",katherine.tirado,2024-06-25T00:00:00,2024-06-14T12:01:19,kattimtc@gmail.com,1,3650.00,3650.00,PE,lima,LMA,
"Luis Eduardo Anaya Irribarren","luis eduardo.anaya irribarren",2024-06-24T17:02:50,2024-06-24T12:02:49,anayairribarrenluiseduardo1@gmail.com,1,85.00,85.00,PE,Lima,LMA,
"Ana Patricia Blest Rodriguez","ana patricia.blest rodriguez",2024-06-23T17:36:00,2024-06-23T12:35:59,aniie.blest@gmail.com,1,1800.00,1800.00,PE,"San Miguel",LMA,
"Miluzka Calizaya",miluzka.calizaya,2024-06-23T14:55:54,2024-06-23T09:55:53,melisa20_2005@hotmail.com,1,1880.00,1880.00,PE,lima,LMA,
"María Monja Lozano","maria.monja lozano",2024-06-21T00:00:00,2024-06-19T13:24:24,mariamonja392@gmail.com,1,2275.00,2275.00,PE,Lima,LMA,
"Walther luis Vegas govea","walther luis.vegas govea",2024-06-21T00:00:00,2024-06-15T11:06:35,Walter.nv.21@gmail.com,1,1170.00,1170.00,PE,Callao,CAL,
"Julissa Tolentino Alcedo","julissa.tolentino alcedo",2024-06-20T18:41:02,2024-06-20T13:41:01,jtolentino.alcedo19@gmail.com,1,1880.00,1880.00,PE,"Nuevo Chimbote",ANC,
"Tobias Paucar cardenas","tobias.paucar cardenas",2024-06-20T00:00:00,2024-06-14T10:05:38,random210991@gmail.com,1,1650.00,1650.00,PE,Lima,LMA,
"Olivia Emiliana Pino Robles","olivia emiliana.pino robles",2024-06-20T00:00:00,2024-06-19T11:31:17,jlcieza15@hotmail.com,1,4800.00,4800.00,PE,Cajabamba,CAJ,
"Albert Janampa Ramirez","albert.janampa ramirez",2024-06-19T20:54:43,2024-06-01T23:10:24,japprra@gmail.com,2,1755.00,877.50,PE,"San Miguel",LMA,
"Liliana Mazuelos",liliana.mazuelos,2024-06-19T01:48:53,2024-06-18T20:48:52,lilianamazuelos77@gmail.com,1,80.00,80.00,PE,"Santiago De Surco",LMA,
"MARIEL AYULO",mariel.ayulo,2024-06-18T00:00:00,2024-06-17T10:06:36,marielayulo2005@gmail.com,1,2200.00,2200.00,PE,Arequipa,ARE,
"miguel rodriguez",miguel.rodriguez,2024-06-17T00:00:00,2024-03-20T16:05:01,mrodriguezv@pucp.pe,1,60.00,60.00,PE,lima,LMA,
"Kiara Rimari",kiara.rimari,2024-06-16T13:26:26,2024-06-16T08:26:25,rimarikiara1309@gmail.com,1,2550.00,2550.00,PE,Lima,LMA,
"Manuel Alejandro Rabanal Rabanal","manuel alejandro.rabanal rabanal",2024-06-15T00:00:00,2024-06-08T20:59:49,manurabrab@gmail.com,1,175.00,175.00,PE,Trujillo,LAL,
"Luis Alberto Fernández Rentería","luis alberto.fernandez renteria",2024-06-14T00:00:00,2024-06-11T22:37:06,luisalbertfr@gmail.com,1,3999.00,3999.00,PE,LIMA,LMA,
"Ricardo Daniel Travi Chuquichaico","ricardo daniel.travi chuquichaico",2024-06-13T18:00:06,2024-06-13T13:00:05,rtravi_21@hotmail.com,1,100.00,100.00,PE,Chimbote,ANC,
"Karen Perez Otero","karen.perez otero",2024-06-13T00:00:00,2024-06-09T22:25:05,karen.perez.otero@gmail.com,1,90.00,90.00,PE,Lima,LMA,
"Brigitte graylin Lastra gonzales","brigitte graylin.lastra gonzales",2024-06-12T23:27:58,2024-06-12T18:27:58,brigittelastra20@gmail.com,1,15.00,15.00,PE,Lima,LIM,
"dwd dwdw",dwd.dwdw,2024-06-12T07:18:18,2024-06-12T02:18:17,wdwdwd@gmail.com,1,1880.00,1880.00,PE,lima,LMA,
"Katherine Maguiña García","katherine.maguina garcia",2024-06-12T00:00:00,2024-06-09T10:27:43,kathilu.1920@gmail.com,1,160.00,160.00,PE,lima,LMA,
"Alexis Mijares",alexis.mijares,2024-06-11T14:12:08,2024-06-11T09:12:07,alexisgmi22@gmail.com,1,120.00,120.00,PE,"La Victoria",LMA,
"Fabrizio Tasaico",fabrizio.tasaico,2024-06-10T15:42:43,2024-06-10T10:42:43,fabriziotasma@gmail.com,1,150.00,150.00,PE,"Jesús María",LMA,
"Orlando Villalobos Noblecilla","orlando.villalobos noblecilla",2024-06-10T03:41:56,2024-06-09T22:41:56,Orlando.villalobosn@gmail.com,1,150.00,150.00,PE,"San Miguel",LMA,
"Maria Isabel Elguera Chunga","maria isabel.elguera chunga",2024-06-10T00:00:00,2024-06-08T09:49:27,i.elguera.c@gmail.com,1,35.00,35.00,PE,"Chorrillos / Lima",LMA,
"juan carlos bayona zapata","juan carlos.bayona zapata",2024-06-09T06:51:44,2024-06-09T01:51:43,jzapata@gmail.com,1,6999.00,6999.00,PE,Piura,PIU,
"Kathya Odar",kathya.odar,2024-06-06T20:44:33,2024-06-06T15:44:32,kathyasalas27@gmail.com,1,1800.00,1800.00,PE,Lima,LMA,
"Daniel Lozano",daniel.lozano,2024-06-06T11:07:54,2024-06-04T15:20:32,daloz94@gmail.com,2,7450.00,3725.00,PE,Lima,LMA,
"Roberto Luis Gonzalez Angulo","roberto luis.gonzalez angulo",2024-06-06T02:37:30,2024-05-10T20:12:59,jomirga2@gmail.com,2,4450.00,2225.00,PE,Arequipa,ARE,
"Ariana Yui",ariana.yui,2024-06-06T01:37:08,2024-06-05T20:37:07,arianayui08@gmail.com,1,150.00,150.00,PE,Lima,LMA,
"Maribel López",maribel.lopez,2024-06-05T02:57:19,2024-06-04T21:57:18,lebiram_30_12@hotmail.com,1,90.00,90.00,PE,Lima,LMA,
"Samantha Rodríguez",samantha.rodriguez,2024-06-05T00:00:00,2024-06-01T14:06:30,rsamanthacia@gmail.com,1,150.00,150.00,PE,Lima,LMA,
"GIULIANA MEZA MARQUEZ","giuliana.meza marquez",2024-06-04T21:35:09,2023-09-25T09:40:36,giulianamezamarquez@gmail.com,3,3670.00,1223.33,PE,lima,LIM,
"Carla Quiroz Vega","carla.quiroz vega",2024-06-04T16:35:39,2024-06-04T11:35:38,carla.quirozv@gmail.com,1,150.00,150.00,PE,"Jesus Maria / Lima",LMA,
"Michael Javier Monzon Neyra","michael javier.monzon neyra",2024-06-02T04:20:43,2024-06-01T23:20:42,michajita.adm@gmail.com,1,3600.00,3600.00,PE,"FLORENCIA DE MORA",LAL,
"Pablo Martinez",pablo.martinez,2024-06-02T00:00:00,2024-05-19T13:08:20,pablo6martinez@gmail.com,1,1170.00,1170.00,PE,Lima,LMA,
"Jhonatan Espinoza Parraga","jhonatan.espinoza parraga",2024-06-02T00:00:00,2024-05-22T10:48:13,espinozaparraga@gmail.com,1,3850.00,3850.00,PE,Huancayo,JUN,
"Fiorella Calero",fiorella.calero,2024-06-01T23:55:31,2024-06-01T18:55:30,fiorella_calero26@hotmail.com,1,2200.00,2200.00,PE,"Lima - San Borja",LMA,
"Kiara Nole Villasante","kiara.nole villasante",2024-05-31T01:03:55,2024-05-30T20:03:54,kiara.nole@gmail.com,1,160.00,160.00,PE,Juliaca,PUN,
"sharlot shica canmas","sharlot.shica canmas",2024-05-31T00:00:00,2024-05-31T11:07:10,sedeshart1234@hotmail.com,1,500.00,500.00,PE,lima,LMA,
"Daniel Osorio",daniel.osorio,2024-05-31T00:00:00,2023-07-25T14:37:05,daosma1202@gmail.com,1,150.00,150.00,PE,"San Luis Lima",LIM,
"Maria Pia Benzaquen","maria pia.benzaquen",2024-05-29T00:00:00,2024-05-27T15:15:06,mariapia_14_19@hotmail.com,1,150.00,150.00,PE,Lima,LMA,
"Anghie Valladares",anghie.valladares,2024-05-28T20:41:28,2024-05-28T15:41:27,manuel16lomas23@gmail.com,1,2200.00,2200.00,PE,Tumbes,TUM,
"Waldir Montenegro",waldir.montenegro,2024-05-28T00:00:00,2024-05-27T15:02:12,montenegrowaldir240621@gmail.com,1,150.00,150.00,PE,Lima,LMA,
"Alfredo Jerold Tovar Callupe","alfredo jerold.tovar callupe",2024-05-26T18:50:35,2024-05-26T13:50:34,favioilich@gmail.com,1,220.00,220.00,PE,"La Molina / Lima",LMA,
"BILLY PUMA VILCA","billy.puma vilca",2024-05-25T02:31:16,2024-05-24T21:31:15,XIBLL.X.7@GMAIL.COM,1,2550.00,2550.00,PE,"PROVINCIA Y DISTRITO DE LAMPA",PUN,
"Mayrin Cruz Zurita","mayrin.cruz zurita",2024-05-25T00:00:00,2024-05-13T09:42:05,mcruzzuritacr@ucvvirtual.edu.pe,1,1170.00,1170.00,PE,Piura,PIU,
"ARTURO CORDOVA LOBATON","arturo.cordova lobaton",2024-05-24T00:00:00,2024-05-23T10:12:49,arturoacl93@hotmail.com,1,3999.00,3999.00,PE,lima,LMA,
"MARIA LUCIA PEREZ DEL SOLAR","maria lucia.perez del solar",2024-05-23T16:36:39,2024-05-23T11:36:38,marialuciaperezdelsolar@hotmail.com,1,40.00,40.00,PE,"santiago de surco",LMA,
"Samuel Ramos Pernia","samuel.ramos pernia",2024-05-23T00:00:00,2024-05-15T00:02:33,samwinsrp@gmail.com,1,160.00,160.00,PE,Huaura,LIM,
"Renzo Castillo",renzo.castillo,2024-05-21T11:41:50,2024-05-21T06:41:49,renzofabiocastillo@gmail.com,1,5999.00,5999.00,PE,Trujillo,LAL,
"Dionicio Atausupa Arcondo","dionicio.atausupa arcondo",2024-05-20T15:19:21,2024-05-20T10:19:20,samanthavilcaciata@gmail.com,1,120.00,120.00,PE,"La Perla",CAL,
"Luselina Cubas Diaz","luselina.cubas diaz",2024-05-20T07:27:45,2024-05-20T02:27:44,luz.cubasdias@gmail.com,1,50.00,50.00,PE,"San Juan de Lurigancho",LIM,
"David Barreto",david.barreto,2024-05-20T02:46:36,2024-05-19T21:46:36,dbolmedo@gmail.com,1,535.00,535.00,PE,Arequipa,ARE,
"Rosa Milagros Pierola Caceres","rosa milagros.pierola caceres",2024-05-19T18:56:29,2024-05-19T13:56:28,rosapierolac.20@gmail.com,1,2650.00,2650.00,PE,Lima,LMA,
"Joseph Aaron García Espinoza","joseph aaron.garcia espinoza",2024-05-19T00:00:00,2024-05-13T14:18:40,garciaespinozajosephaaron@gmail.com,1,150.00,150.00,PE,Lima,LMA,
"grelia maria chinchay valenzuela","grelia maria.chinchay valenzuela",2024-05-19T00:00:00,2024-05-10T17:50:48,grelia2106@gmail.com,1,4099.00,4099.00,PE,;ima,LIM,
"WENDER ROBLES VIDAL","wender.robles vidal",2024-05-18T17:34:21,2024-05-18T12:34:20,werovi27@hotmail.com,1,4250.00,4250.00,PE,ABANCAY,APU,
"doraliza gomez leon","doraliza.gomez leon",2024-05-18T00:00:00,2024-05-17T15:37:18,julia@hotmail.com,1,2200.00,2200.00,PE,"san miguel",LMA,
"Patricia Delgado Picaza","patricia.delgado picaza",2024-05-18T00:00:00,2024-05-18T11:38:44,patitadelga@gmail.com,1,4250.00,4250.00,PE,Surco-lima,LMA,
"Miriam Paredes",miriam.paredes-3811,2024-05-17T00:14:10,2024-05-16T19:14:09,anamiriamparedes@hotmail.com,1,975.00,975.00,PE,"Los olivos",LMA,
"Julio Sotelo",julio.sotelo,2024-05-16T03:13:30,2024-05-15T11:17:20,juliocsalfaro@gmail.com,2,90.00,45.00,PE,Ica,ICA,
"ABEL RAMOS",abel.ramos,2024-05-15T17:22:44,2023-03-26T12:27:26,aarcallan@gmail.com,2,1220.00,610.00,PE,lima,LMA,
"Gloria Patio",gloria.patio,2024-05-15T13:26:26,2024-05-15T08:26:25,pameloviedo6@gmail.com,1,20.00,20.00,PE,Surco,LMA,
"Eduardo Nava",eduardo.nava,2024-05-14T18:51:40,2024-05-14T13:51:39,giovannynavaflores@gmail.com,1,500.00,500.00,PE,Lima/Lima,LMA,
"MONICA CAM",monica.cam,2024-05-14T17:22:16,2024-05-14T12:22:15,monicamjoy@hotmail.com,1,40.00,40.00,PE,LURIGANCHO,LIM,
"Katherine Barinotto Huayaquispe","katherine.barinotto huayaquispe",2024-05-14T00:00:00,2024-05-13T22:40:35,katherinebarinotto@gmail.com,2,1000.00,500.00,PE,"San Martin de Porres",LMA,
"Jose Victor Montoya Chavez","jose victor.montoya chavez",2024-05-14T00:00:00,2024-04-30T12:52:08,Jvmontoya_28_92@hotmail.com,1,3650.00,3650.00,PE,Lima,LMA,
"Milagros Huarizueca Plaza","milagros.huarizueca plaza",2024-05-14T00:00:00,2024-05-06T20:42:26,mila2209gianina@gmail.com,1,1750.00,1750.00,PE,75928904,LMA,
"Maribel Dominguez Dominguez Diaz","maribel dominguez.dominguez diaz",2024-05-13T18:31:56,2024-05-13T13:31:55,jxc1xz@gmail.com,1,4099.00,4099.00,PE,"Puente piedra",LMA,
"Olga victoria Huaman salazar","olga victoria.huaman salazar",2024-05-13T00:00:00,2024-05-09T10:51:13,olga25081399@gmail.com,1,15.00,15.00,PE,Lima,LIM,
"Sebastian Toledo Mendoza","sebastian.toledo mendoza",2024-05-12T00:00:00,2024-05-10T15:58:14,toledosebastian131@gmail.com,1,150.00,150.00,PE,Callao,CAL,
"Sebastian Gutierrez",sebastian.gutierrez,2024-05-11T16:18:04,2024-05-11T11:18:03,gutisebas90@hotmail.com,1,75.00,75.00,PE,"Cercado de Lima",LMA,
"MARIANNA DELGADO BRACAMONTE","marianna.delgado bracamonte",2024-05-11T02:19:16,2024-05-10T21:19:15,marianadelgadobracamonte@gmail.com,1,2750.00,2750.00,PE,"Miraflores/ Lima",LMA,
"Alessandra Alicia Delgado López","alessandra alicia.delgado lopez",2024-05-11T00:00:00,2024-04-29T11:02:47,alessandradelgado2005@gmail.com,1,2950.00,2950.00,PE,Huacho,LIM,
"Evelyn Ñaupas ojeda","evelyn.naupas ojeda",2024-05-10T22:44:55,2024-05-10T17:44:54,ojedaevelyn922@gmail.com,1,120.00,120.00,PE,Lima,LMA,
"Fabiana Zarate Bejarano","fabiana.zarate bejarano",2024-05-10T16:32:59,2024-05-10T11:32:58,fabianazb24@gmail.com,1,150.00,150.00,PE,Surco,LMA,
"Laura Espinoza",laura.espinoza,2024-05-10T03:20:21,2024-05-09T22:20:20,lauraespinozalucas@gmail.com,1,1650.00,1650.00,PE,Callao,CAL,
"Ernesto Gonzales La Cotera","ernesto.gonzales la cotera",2024-05-09T00:00:00,2024-05-08T15:17:30,ernestoglc11@gmail.com,1,175.00,175.00,PE,Lima,LMA,
"Daniel Tello",daniel.tello,2024-05-07T21:16:32,2024-05-07T16:16:28,danytellocobian@hotmail.com,1,20.00,20.00,PE,Lima,LMA,
"Maurizio Biagioni",maurizio.biagioni,2024-05-06T18:53:12,2024-05-06T13:53:11,mauriziogbc@gmail.com,1,150.00,150.00,PE,Lima,LMA,
"Andrea Flores",andrea.flores,2024-05-06T16:54:43,2024-05-06T11:54:42,andreaflorescalderon@outlook.com,1,50.00,50.00,PE,Lima,LMA,
"Katherine Arce llanos","katherine.arce llanos",2024-05-05T00:00:00,2024-04-29T01:11:04,katherinearcellanos@gmail.com,1,3700.00,3700.00,PE,Lima,LMA,
"Alejandra Valdivia",alejandra.valdivia,2024-05-05T00:00:00,2024-05-02T11:32:15,aleval.1203@hotmail.com,1,2950.00,2950.00,PE,Arequipa,ARE,
"Dayana Lucia Espinoza Ayllon","dayana lucia.espinoza ayllon",2024-05-04T00:00:00,2024-05-02T12:09:07,espinozaayllondayana@gmail.com,1,3200.00,3200.00,PE,Chorrillos,LMA,
"Segundo Agustín Correa Rivera","segundo agustin.correa rivera",2024-05-04T00:00:00,2024-04-24T12:35:04,segundo1997correa17@gmail.com,1,20.00,20.00,PE,"Lima - Ate",LMA,
"Milagros Retamozo Calla","milagros.retamozo calla",2024-05-03T13:59:52,2024-05-03T08:59:51,mretamozocalla@gmail.com,1,2750.00,2750.00,PE,Surquillo,LMA,
"Josselin Cabrera Jorge","josselin.cabrera jorge",2024-05-03T00:00:00,2024-04-30T12:18:57,josscabreraj@icloud.com,1,2950.00,2950.00,PE,Lima,LMA,
"Jose Enrique Arroyo Pizzali","jose enrique.arroyo pizzali",2024-05-02T18:50:11,2024-05-02T13:50:10,junior.pizzali@gmail.com,1,1999.00,1999.00,PE,Lima,LMA,
"Giacomo Onetto Rodriguez-cadilla","giacomo.onetto rodriguez-cadilla",2024-05-02T04:36:31,2024-05-01T23:36:31,giacomo.onetto24@gmail.com,1,150.00,150.00,PE,Lima,LMA,
"Felipe Rodolfo Pomar Velasco","felipe rodolfo.pomar velasco",2024-05-02T00:00:00,2024-04-23T09:34:49,felipepomar49@gmail.com,1,75.00,75.00,PE,"Villa el Salvador",LMA,
"Santa Aleyda Cardenas Angulo","santa aleyda.cardenas angulo",2024-05-01T23:14:10,2024-05-01T18:14:09,suptesanjorge@gmail.com,1,1650.00,1650.00,PE,Ate,LMA,
"Valeria Machado",valeria.machado,2024-05-01T08:23:15,2024-05-01T03:23:14,valeria1719@hotmail.com,1,1949.00,1949.00,PE,"La perla",CAL,
"Osmar Wilder Goicochea Cabellos","osmar wilder.goicochea cabellos",2024-05-01T00:00:00,2024-04-18T18:32:35,ogoicocheac@gmail.com,1,5600.00,5600.00,PE,Chao,LAL,
"Melisa Peña Valdez","melisa.pena valdez",2024-05-01T00:00:00,2024-04-28T22:19:57,melisapvaldez@gmail.com,1,1949.00,1949.00,PE,Chiclayo,LAM,
"Veronica del rosario Carhuachin rosales","veronica del rosario.carhuachin rosales",2024-04-29T19:33:16,2024-04-29T14:33:16,veronicarosales395@gmail.com,1,2850.00,2850.00,PE,Lima,LIM,
"Luis Mejia",luis.mejia,2024-04-29T17:48:53,2024-04-29T12:48:52,luis.mejiaa@hotmail.com,1,2850.00,2850.00,PE,Callao,CAL,
"Rebeca Katherine quispe vilcape","rebeca katherine.quispe vilcape",2024-04-29T16:24:44,2024-04-29T11:24:43,rebeca27qv@gmail.com,1,1650.00,1650.00,PE,Arequipa,ARE,
"Carlos Flores Terrazas","carlos.flores terrazas",2024-04-29T15:26:48,2024-04-29T10:26:47,Brunitllo@outlook.com,1,3500.00,3500.00,PE,"La Joya",ARE,
"Melany Celadita Hurtado","melany.celadita hurtado",2024-04-29T03:48:24,2024-04-28T22:48:23,celadita2001@gmail.com,1,2400.00,2400.00,PE,Lima,LMA,
"Segundo Leonardo Tufinio Miranda","segundo leonardo.tufinio miranda",2024-04-28T17:23:11,2024-04-28T12:23:10,leo18275@hotmail.com,1,3700.00,3700.00,PE,Ascope,LAL,
"Wini Tiffani Victorio Aguirre","wini tiffani.victorio aguirre",2024-04-28T00:00:00,2024-04-23T06:07:20,vwinitiffani@gmail.com,1,3500.00,3500.00,PE,"Lima Comas",LMA,
"jykytktykyt kytkytktk",jykytktykyt.kytkytktk,2024-04-27T22:05:39,2024-04-27T17:05:38,carlos.trivino29@gmail.com,1,5600.00,5600.00,PE,kgckcgkghgc,LMA,
"angelica salazar grillo","angelica.salazar grillo",2024-04-27T00:00:00,2024-04-19T13:44:34,angelsalazarg1301@gmail.com,1,2950.00,2950.00,PE,lima,LMA,
"Ignacio Del Aguila Mongrut","ignacio.del aguila mongrut",2024-04-26T20:28:35,2024-04-26T15:28:34,ignaciodelaguilam@gmail.com,1,2350.00,2350.00,PE,Lima,LMA,
"Cinthia Vilchez",cinthia.vilchez,2024-04-25T23:02:54,2024-04-25T18:02:53,cintjv16@gmail.com,1,85.00,85.00,PE,Piura,PIU,
"Víctor Daniel Mora Centa","victor daniel.mora centa",2024-04-25T14:29:25,2024-04-25T09:29:25,vdmoracenta@gmail.com,1,20.00,20.00,PE,Lima,LMA,
"Sandra Diaz del Olmo","sandra.diaz del olmo",2024-04-25T13:21:07,2024-04-25T08:21:06,sandra_diazdelolmo@hotmail.com,1,30.00,30.00,PE,Callao,CAL,
"Mirella Gonzáles Gonzáles","mirella.gonzales gonzales",2024-04-24T23:41:17,2024-04-24T18:41:16,llella406@hotmail.com,1,5600.00,5600.00,PE,Piura,PIU,
"Maria Fernanda Villanueva Caycho","maria fernanda.villanueva caycho",2024-04-24T13:13:24,2024-04-24T08:13:23,mafer080105@gmail.com,1,2850.00,2850.00,PE,lima,LMA,
"Sebastian Alonso Zuloaga Panana","sebastian alonso.zuloaga panana",2024-04-24T03:05:08,2024-04-23T22:05:07,zuloagapanana@gmail.com,1,5600.00,5600.00,PE,"Pueblo Libre",LMA,
"Andora Yacira Yacira","andora yacira.yacira",2024-04-24T00:00:00,2024-04-23T15:42:27,yaciralozano8@gmail.com,1,3700.00,3700.00,PE,"Veintiseis de octubre, Piura",PIU,
"Carlos Sotil",carlos.sotil,2024-04-24T00:00:00,2024-04-22T10:43:09,csotil18@gmail.com,1,2950.00,2950.00,PE,Lima,LMA,
"Jaimito Bravo Luna","jaimito.bravo luna",2024-04-23T15:21:38,2024-04-23T10:21:37,jblbravo.alessandro@gmail.com,1,5600.00,5600.00,PE,"San martin de porres",LMA,
"Maria Alejandra Flores Carrasco","maria alejandra.flores carrasco",2024-04-23T12:58:58,2024-04-23T07:58:57,malefloresc17@gmail.com,1,45.00,45.00,PE,Piura,PIU,
"Vicky Vallejos",vicky.vallejos,2024-04-23T05:46:25,2024-04-23T00:46:24,vicky@gmail.com,1,3200.00,3200.00,PE,Piura,PIU,
"Milagros Llanos Azcarate","milagros.llanos azcarate",2024-04-22T16:58:53,2024-04-22T11:58:52,milagros.llanos@serprosa.com.pe,1,3300.00,3300.00,PE,LIMA,LMA,
"Andrea Broncano",andrea.broncano,2024-04-22T12:07:08,2024-04-22T07:07:07,andrea19.03@hotmail.com,1,180.00,180.00,PE,Lima,LMA,
"Carlos Pinto Fernández","carlos.pinto fernandez",2024-04-22T00:00:00,2024-04-21T15:42:10,adrian247@outlook.es,1,300.00,300.00,PE,Lima,LMA,
"nicholas chavez diez","nicholas.chavez diez",2024-04-22T00:00:00,2024-04-20T21:13:16,nicholaschavez8@gmail.com,2,6800.00,3400.00,PE,lima,LMA,
"Carol Sheyla Palacios Abarca","carol sheyla.palacios abarca",2024-04-21T16:20:51,2024-04-21T11:20:50,CPALACIOSABARCA@GMAIL.COM,1,2850.00,2850.00,PE,MALA,LIM,
"Rossmery Campos Ccorahua","rossmery.campos ccorahua",2024-04-21T03:33:01,2024-04-20T22:33:00,rosscampos080@gmail.com,1,90.00,90.00,PE,"Santa Anita",LMA,
"Ojwaijas Asnj",ojwaijas.asnj,2024-04-20T20:41:34,2024-04-20T15:41:33,aekae@gmail.com,1,3750.00,3750.00,PE,Sjnds,CAL,
"Eduardo Sabato",eduardo.sabato,2024-04-20T17:29:37,2024-04-20T12:29:36,dmvarsau@gmail.com,1,1949.00,1949.00,PE,puebla,LMA,
"Sergio Joel Bances Castañeda","sergio joel.bances castaneda",2024-04-20T00:00:00,2024-04-10T02:09:12,bancescastanedasergiojoel@gmail.com,2,11200.00,5600.00,PE,"San Isidro, lima de color negro",LMA,
"Pia Orue",pia.orue,2024-04-20T00:00:00,2024-04-17T20:43:34,kporue@gmail.com,1,2400.00,2400.00,PE,CALLAO,CAL,
"JUNIOR ARMANDO SAAVEDRA NIETO","junior armando.saavedra nieto",2024-04-19T23:36:00,2024-04-19T18:35:59,jhonlr72@gmail.com,1,145.00,145.00,PE,lima,LMA,
"Rosa Vega",rosa.vega,2024-04-19T21:42:29,2024-04-19T16:42:29,rosagvegaus@gmail.com,1,3650.00,3650.00,PE,Huancayo,JUN,
"Esteban Garcia Rojas","esteban.garcia rojas",2024-04-18T20:47:49,2024-04-18T15:47:48,estebancgr29@gmal.com,1,3700.00,3700.00,PE,Marcona,ICA,
"KARINA FLOR LOPEZ TOVAR","karina flor.lopez tovar",2024-04-18T13:56:50,2024-04-18T08:56:48,LKARINAFLOR@GMAIL.COM,1,85.00,85.00,PE,"EL TAMBO",JUN,
"belen cruz aparcana","belen.cruz aparcana",2024-04-18T03:55:58,2024-04-17T22:55:58,cruzaparcanabelen1989@gmail.com,1,1650.00,1650.00,PE,ventanilla,LIM,
"Luanna Francia",luanna.francia,2024-04-18T01:11:30,2024-04-17T20:11:29,luannapiafrancia@gmail.com,1,3200.00,3200.00,PE,Lima,LMA,
"olga sayuri saenz marque,","olga sayuri.saenz marque",2024-04-18T00:00:00,2024-04-16T16:40:58,sayurisaenz110699@hotmail.com,1,3700.00,3700.00,PE,carabayllo,LMA,
"Catheryn Luz Cerna Llanque","catheryn luz.cerna llanque",2024-04-18T00:00:00,2024-04-06T13:28:22,catheryncerna@gmail.com,1,1949.00,1949.00,PE,Barranca,LIM,
"Isabel Vela Bernal","isabel.vela bernal",2024-04-17T18:08:08,2024-04-17T13:08:08,zoilivel@hotmail.com,1,3650.00,3650.00,PE,Iquitow,LOR,
"Brian Mel Palomino Apaico","brian mel.palomino apaico",2024-04-17T01:49:01,2024-04-16T20:49:00,under.com@hotmail.com,1,230.00,230.00,PE,Lima,LMA,
"Jose miguel Perez torres","jose miguel.perez torres",2024-04-17T00:00:00,2024-04-15T22:08:43,josemiguelpt98@gmail.com,1,1949.00,1949.00,PE,Lima,LMA,
"Enrique Reinoso",enrique.reinoso,2024-04-16T03:49:29,2024-04-15T22:49:28,kaerrebjj@gmail.com,1,2500.00,2500.00,PE,Lima,LMA,
"Ana Bertha Rojas Garcia","ana bertha.rojas garcia",2024-04-16T02:22:21,2024-04-15T21:22:20,artcreaperu@yahoo.com,1,2850.00,2850.00,PE,"Tujillo - Perú",LAL,
"Gian Marco Collazos More","gian marco.collazos more",2024-04-16T00:00:00,2024-04-15T11:59:05,gianm_25@hotmail.com,1,35.00,35.00,PE,lima,LMA,
"antonio parraga zapatero","antonio.parraga zapatero",2024-04-16T00:00:00,2024-04-04T12:53:25,toniparragazapatero@hotmail.com,1,1949.00,1949.00,PE,lima,LMA,
"Erika Vanessa Velasquez Gomez","erika vanessa.velasquez gomez",2024-04-16T00:00:00,2024-04-15T18:21:51,eriva4768@gmail.com,1,3500.00,3500.00,PE,Lima,LMA,
"Juan Estrada Martínez","juan.estrada martinez",2024-04-16T00:00:00,2024-04-06T17:02:19,juanalexisestradamartinez59@gmail.com,1,5600.00,5600.00,PE,Lima,LMA,
"Aylin Cordova",aylin.cordova,2024-04-15T20:32:46,2024-01-02T14:17:16,aylin20024@gmail.com,2,7000.00,3500.00,PE,lima,LMA,
"erick arroyo oberssen","erick.arroyo oberssen",2024-04-15T16:38:39,2024-04-15T11:14:50,erick_walter@hotmail.com,2,3825.00,1912.50,PE,Comas,LMA,
"Donatto Zoppi",donatto.zoppi,2024-04-15T07:13:03,2024-04-15T02:13:02,dmicaellozoppi@outlook.com,1,2950.00,2950.00,PE,Lim,LMA,
"Enmanuel Alarcon enciso","enmanuel.alarcon enciso",2024-04-15T00:00:00,2024-04-07T08:37:15,ealarcon.hl@gmail.com,1,1949.00,1949.00,PE,Lima,LIM,
"Christian Baldeon Morales","christian.baldeon morales",2024-04-15T00:00:00,2024-04-02T10:05:34,christianbaldeonmorales@gmail.com,1,60.00,60.00,PE,Jauja,JUN,
"Oscar Jesus Lizana Cabrejos","oscar jesus.lizana cabrejos",2024-04-14T19:08:51,2024-04-14T14:08:51,papileonidas@gmail.com,1,3850.00,3850.00,PE,Lima,LMA,
"kiara zavalaga",kiara.zavalaga,2024-04-13T20:35:16,2024-04-13T15:35:15,kiarazavalaga2401@gmail.com,1,1670.00,1670.00,PE,callao,CAL,
"Adely Garcia TANI","adely.garcia tani",2024-04-13T18:36:40,2024-04-13T13:36:39,adelytani910@gmail.com,1,75.00,75.00,PE,trujillo,LAL,
"Gino Montenegro Cruz","gino.montenegro cruz",2024-04-12T22:37:24,2024-04-12T17:37:23,gmontenegro@pucp.edu.pe,1,3200.00,3200.00,PE,Lima,LMA,
"Jahaira Chuco",jahaira.chuco,2024-04-12T16:39:51,2024-04-12T11:39:50,najachuco.766@gmail.com,1,4800.00,4800.00,PE,"La Victoria",LMA,
"lizbeth merari pinglo nuñez","lizbeth merari.pinglo nunez",2024-04-12T02:45:44,2024-04-11T21:45:43,merariliz11@gmail.com,1,3700.00,3700.00,PE,paijan,LAL,
"Ariana Vilca Torres","ariana.vilca torres",2024-04-12T00:00:00,2024-04-04T18:14:32,ariana_1801@hotmail.com,3,7650.00,2550.00,PE,Lima,LMA,
"Gisela Milagros Trigozo Castro","gisela milagros.trigozo castro",2024-04-12T00:00:00,2024-04-10T18:11:04,giselatrigozo@gmail.com,1,1999.00,1999.00,PE,Lima,LMA,
"Emily Serrano Atarama","emily.serrano atarama",2024-04-12T00:00:00,2024-04-11T18:18:43,emilyserrano2014@gmail.com,1,2850.00,2850.00,PE,Piura,PIU,
"Daniela Saavedra",daniela.saavedra,2024-04-11T22:53:27,2024-04-11T17:53:26,danielasaace18@gmail.com,1,1650.00,1650.00,PE,Lima,LMA,
"Andrea Ramirez",andrea.ramirez,2024-04-11T21:21:50,2024-04-11T16:21:49,andrearamirezsaire@gmail.com,1,250.00,250.00,PE,"San Juan De Miraflores",LMA,
"ricardo ehni",ricardo.ehni,2024-04-11T16:37:32,2024-04-11T11:37:31,ricardo.ehni@gmail.com,1,1700.00,1700.00,PE,lima,LMA,
"Amy Bellido y","amy.bellido y",2024-04-11T00:00:00,2024-04-06T15:22:22,gialabebecita@gmail.com,1,1949.00,1949.00,PE,Lima,LMA,
"Janet Stefany Huaraca Guzman","janet stefany.huaraca guzman",2024-04-11T00:00:00,2024-03-28T12:26:33,toofii.steff30@gmail.com,1,2950.00,2950.00,PE,Lima,LMA,
"sandra Cristina Chunga Tocto","sandra cristina.chunga tocto",2024-04-11T00:00:00,2024-04-03T10:57:08,sxcht292@gmail.com,1,3700.00,3700.00,PE,Piura,PIU,
"Jorch anderzon Ñiquen Velásquez","jorch anderzon.niquen velasquez",2024-04-10T20:02:53,2024-04-10T15:02:52,ander_art@outlook.com,1,75.00,75.00,PE,Lima,LMA,
"Giorman Andre Galvez Aliaga","giorman andre.galvez aliaga",2024-04-10T00:00:00,2024-04-01T18:13:12,g.andrealiaga.97@icloud.com,1,3850.00,3850.00,PE,"San luis",LMA,
"Annie Erhuay Breña","annie.erhuay brena",2024-04-09T14:52:03,2024-04-09T09:52:02,annieerhuaybrena@gmail.com,1,4800.00,4800.00,PE,Breña,LMA,
"Frank Esquén Cárdenas","frank.esquen cardenas",2024-04-09T00:00:00,2024-04-08T14:44:10,frankesquen@hotmail.com,1,85.00,85.00,PE,Lima,LMA,
"Enzo Rivera Echevarria","enzo.rivera echevarria",2024-04-09T00:00:00,2024-03-30T16:30:20,riverae22@gmail.com,1,1999.00,1999.00,PE,Bellavista,CAL,
"Jordan Castillo Guerrero","jordan.castillo guerrero",2024-04-09T00:00:00,2024-04-02T17:37:45,castillojordan826@gmail.com,1,2850.00,2850.00,PE,Callao,CAL,
"Oreana carolina Reyes llacsahuanga","oreana carolina.reyes llacsahuanga",2024-04-09T00:00:00,2024-04-08T07:22:06,oreana.reyes.llacsa.@gmail.com,1,1700.00,1700.00,PE,Piura,PIU,
"Kevin Salinas",kevin.salinas,2024-04-08T21:07:44,2024-04-08T16:07:43,kevinsalinasc16@gmail.com,1,2850.00,2850.00,PE,lima,LMA,
"Oriel Josmell Rios Timoteo","oriel josmell.rios timoteo",2024-04-08T16:56:05,2024-04-08T11:56:04,orielleiro@gmail.com,1,3850.00,3850.00,PE,LIMA,LIM,
"Luis Vega Santa Maria","luis.vega santa maria",2024-04-08T15:10:44,2024-04-08T10:10:43,luvega34stm@gmail.com,1,100.00,100.00,PE,Comas,LMA,
"JORGE MANRIQUE",jorge.manrique,2024-04-08T15:07:15,2024-04-08T10:07:14,asiscompras@dkasa.com.pe,1,1700.00,1700.00,PE,LIMA,LIM,
"DENNYS SAHUMA",dennys.sahuma,2024-04-08T00:00:00,2024-03-14T13:14:40,dennyssv4@gmail.com,1,45.00,45.00,PE,piura,PIU,
"Leydi Stheffany Sánchez Reyes","leydi stheffany.sanchez reyes",2024-04-07T19:33:58,2024-04-07T14:33:57,leydi_sanchezreyes@yahoo.com,1,1700.00,1700.00,PE,Piura,PIU,
"Sandra Rosas Peñaloza","sandra.rosas penaloza",2024-04-07T09:30:45,2024-04-07T04:30:44,spenaloza29@gmail.com,1,1949.00,1949.00,PE,Lima,LMA,
"Diana Ortiz Girbau","diana.ortiz girbau",2024-04-07T00:00:00,2024-03-27T22:23:04,dianaester01@gmail.com,1,3650.00,3650.00,PE,Lima,LMA,
"Jaime Rogelio Encalada Vizconde","jaime rogelio.encalada vizconde",2024-04-07T00:00:00,2024-03-25T10:31:09,jencaladavizconde@gmail.com,1,2950.00,2950.00,PE,"San Miguel / Lima",LMA,
"Hugo Valencia Rodríguez","hugo.valencia rodriguez",2024-04-07T00:00:00,2024-04-04T14:52:03,hugovalenciarodriguez@gmail.com,1,1700.00,1700.00,PE,"San Martín de Porres",LMA,
"juan de la cruz","juan.de la cruz",2024-04-06T20:06:53,2024-04-06T15:06:52,delacruzchavezjose@gmail.com,1,115.00,115.00,PE,"ica, nasca, marcona",ICA,
"Juan alexander Torres Sánchez","juan alexander.torres sanchez",2024-04-05T00:00:00,2024-03-29T09:05:44,pediatra.juan@gmail.com,1,2850.00,2850.00,PE,"Nuevo chimbote",ANC,
"Dioiner Fernandez Gonzales","dioiner.fernandez gonzales",2024-04-05T00:00:00,2024-04-03T14:39:51,fernandezfd99@gmail.com,1,3850.00,3850.00,PE,Lima,LMA,
"ROBERTO RENZO ARIAS GUZMAN","roberto renzo.arias guzman",2024-04-05T00:00:00,2024-03-29T20:44:02,RRENZO.ARIAS@GMAIL.COM,1,500.00,500.00,PE,LIMA,LMA,
"XIMENA CÁCERES CARRASCO","ximena.caceres carrasco",2024-04-04T18:07:41,2024-04-04T13:07:41,xime_30novi2013@hotmail.com,1,1650.00,1650.00,PE,"Belllavista Callao",CAL,
"Carla Fiorella Villanueva Aguilar","carla fiorella.villanueva aguilar",2024-04-04T01:18:07,2024-04-03T20:18:06,carlavillanueva.15@hotmail.com,1,1700.00,1700.00,PE,Lima,LMA,
"Ximena Cáceres Carrasxo","ximena.caceres carrasxo",2024-04-04T00:11:44,2024-04-03T19:09:10,xime_30novi2013@hotmail.com,2,3400.00,1700.00,PE,Lima,CAL,
"Alejandra Lezcano",alejandra.lezcano,2024-04-03T19:50:49,2024-04-03T14:50:48,alelezcano21pizarro@gmail.com,1,180.00,180.00,PE,Piura,PIU,
"Carmen Rosa Quispe acevedo","carmen rosa.quispe acevedo",2024-04-03T13:48:10,2024-04-03T08:48:09,ponceacevedo123@gmail.com,1,45.00,45.00,PE,Lima,LMA,
"Heidy Urbano",heidy.urbano,2024-04-03T00:00:00,2024-03-22T02:39:55,usoriah@gmail.com,2,7400.00,3700.00,PE,Huaraz,ANC,
"Giosseline Antonella Okada leon","giosseline antonella.okada leon",2024-04-02T23:09:48,2024-04-02T18:09:47,antonellaokada@gmail.com,1,2950.00,2950.00,PE,Lima,LMA,
"Sofia Taboada Rodriguez","sofia.taboada rodriguez",2024-04-02T21:38:48,2024-04-02T16:38:47,svtaboada@gmail.com,1,20.00,20.00,PE,Lima,LMA,
"miluska Salinas revolledo","miluska.salinas revolledo",2024-04-02T20:27:39,2024-04-02T15:27:38,milurevolledo@gmail.com,1,3750.00,3750.00,PE,Lima,LMA,
"Yenny Diaz quilca","yenny.diaz quilca",2024-04-02T20:08:13,2024-04-02T15:08:13,marlene_13_04@hotmail.com,1,1949.00,1949.00,PE,Ica,ICA,
"valeria vera quevedo","valeria.vera quevedo",2024-04-02T20:02:23,2024-04-02T15:02:22,valeiouandrevq@gmail.com,1,1650.00,1650.00,PE,LIMA,LMA,
"julio zuloaga",julio.zuloaga,2024-04-02T17:13:08,2024-04-02T12:13:07,julio_zuloaga66@hotmail.com,1,170.00,170.00,PE,lima,LMA,
"Silvia Kathia Bueno Tuero","silvia kathia.bueno tuero",2024-04-02T02:59:34,2024-04-01T21:59:33,ing.silviabueno@gmail.com,1,3750.00,3750.00,PE,Arequipa,ARE,
"Josue Munayco",josue.munayco,2024-04-02T00:00:00,2024-03-25T16:05:36,monrroymunaycojuniorjosue5@gmail.com,1,2950.00,2950.00,PE,Ica,ICA,
"Leonardo Fabricio Apéstegui Revilla","leonardo fabricio.apestegui revilla",2024-04-02T00:00:00,2024-03-05T12:05:35,leofre4548@gmail.com,1,3650.00,3650.00,PE,Tacna,TAC,
"Henry Kamt Villanueva","henry.kamt villanueva",2024-04-02T00:00:00,2024-03-20T16:12:40,henrykamt@gmail.com,1,150.00,150.00,PE,Lima,LMA,
"Oliver Yan",oliver.yan,2024-04-02T00:00:00,2024-03-30T19:47:11,a2320309568@gmail.com,1,6500.00,6500.00,PE,Lima,LMA,
"Alberto Rodriguez Hoyos","alberto.rodriguez hoyos",2024-04-02T00:00:00,2024-03-26T11:34:58,arodriguezhoyos@gmail.com,1,2500.00,2500.00,PE,Lima,LMA,
"Nicolás Montalvo Sánchez","nicolas.montalvo sanchez",2024-04-01T21:00:42,2024-04-01T16:00:41,alejandrosan956@gmail.com,1,90.00,90.00,PE,Lima,LIM,
"Vanessa Judith Sarria tacuche","vanessa judith.sarria tacuche",2024-04-01T17:02:38,2024-03-27T17:44:20,vanessasarriat@gmail.com,3,14450.00,4816.67,PE,"Lima lima",LMA,
"Hatsumi Higa",hatsumi.higa,2024-04-01T15:29:37,2024-04-01T10:29:36,hatsumihiga17@gmail.com,1,150.00,150.00,PE,Lima,LMA,
"Pamela luz Cotrina Arredondo","pamela luz.cotrina arredondo",2024-04-01T14:07:29,2024-04-01T09:07:28,plcotrina@gmail.com,1,20.00,20.00,PE,Lima,LMA,
"Fanny Violeta Sanchez Camacho","fanny violeta.sanchez camacho",2024-04-01T00:00:00,2024-03-24T20:08:29,fannylusa8@gmail.com,1,1949.00,1949.00,PE,Lima,LMA,
"Danna Alessandra Rayo Gonzales","danna alessandra.rayo gonzales",2024-04-01T00:00:00,2024-03-27T23:43:50,drg1311@gmail.com,1,1949.00,1949.00,PE,Bellavista,CAL,
"Maria Jose Vega","maria jose.vega",2024-03-31T00:00:00,2024-03-29T15:28:26,majovega0@gmail.com,1,2950.00,2950.00,PE,Lima,LMA,
"Jade Morales García","jade.morales garcia-6949",2024-03-31T00:00:00,2024-03-28T11:14:14,scarlett011120@gmail.com,1,60.00,60.00,PE,Lima,LIM,
"Carla Paola Jurado Rodríguez","carla paola.jurado rodriguez",2024-03-30T00:00:00,2024-03-26T21:12:38,cjurador@pucp.pe,1,5500.00,5500.00,PE,"Nvo chimbote",ANC,
"Miguel angel Llanos bulnes","miguel angel.llanos bulnes",2024-03-30T00:00:00,2024-03-29T13:44:17,lucyan_es@hotmail.com,1,45.00,45.00,PE,Callao,CAL,
"Jhossebely xiomara Lazo lock","jhossebely xiomara.lazo lock",2024-03-29T22:09:32,2024-03-29T17:09:31,xiomaralaz94@gmail.com,1,3850.00,3850.00,PE,Lima,LMA,
"Frida gladys Bravo salinas","frida gladys.bravo salinas",2024-03-28T00:00:00,2024-03-23T18:49:47,humeresh@hotmail.com,1,3750.00,3750.00,PE,Barranco,LMA,
"Kiara Artieda",kiara.artieda,2024-03-28T00:00:00,2024-03-27T18:52:56,kiara.artieda@pucp.pe,1,1949.00,1949.00,PE,Lima,LMA,
"Manuel Galdos",manuel.galdos,2024-03-27T20:26:56,2024-03-27T15:26:55,enrique_galdos@hotmail.com,1,60.00,60.00,PE,Arequipà,ARE,
"JONATHAN ENRIQUE BUSTAMANTE CHUCTAYA","jonathan enrique.bustamante chuctaya",2024-03-27T20:07:41,2024-03-27T15:07:40,grupojebc@gmail.com,1,3850.00,3850.00,PE,Pedregal,ARE,
"Vascho Razetto Granadino","vascho.razetto granadino",2024-03-27T00:00:00,2024-03-26T17:53:03,vaschorag@gmail.com,1,20.00,20.00,PE,"Cercado De Lima",LMA,
"Karina Tito Alvarado","karina.tito alvarado",2024-03-27T00:00:00,2024-03-13T23:31:29,kartial98@gmail.com,1,3850.00,3850.00,PE,Tacna,TAC,
"Ariana Celis",ariana.celis,2024-03-26T19:51:56,2022-08-25T15:29:38,ariana.celis21@gmail.com,2,1820.00,910.00,PE,Lima,LIM,
"Nicky Gutierrez",nicky.gutierrez,2024-03-26T14:37:35,2024-03-26T09:37:34,nicgs@hotmail.com,1,110.00,110.00,PE,Huancayo,JUN,
"astrid manrique",astrid.manrique,2024-03-26T12:39:59,2024-03-26T07:39:59,amanriquega@ucvvirtual.edu.pe,1,3850.00,3850.00,PE,Trujillo,LAL,
"Claudia Lizeth Verá Sánchez","claudia lizeth.vera sanchez",2024-03-26T12:37:13,2024-03-26T07:37:12,claudiakiut.12@gmail.com,1,85.00,85.00,PE,Trujillo,LAL,
"JAVIER JESUS PAUCAR RAMOS","javier jesus.paucar ramos",2024-03-25T16:12:01,2024-03-25T11:12:00,jjpaucar97@gmail.com,1,150.00,150.00,PE,LIMA,LMA,
"Juan Martín Honor Montano","juan martin.honor montano",2024-03-25T00:00:00,2024-03-12T21:55:34,honormartin44@gmail.com,1,140.00,140.00,PE,"La Victoria",LMA,
"Yadhira Cruz rodriguez","yadhira.cruz rodriguez",2024-03-25T00:00:00,2024-03-21T13:22:37,yadhiracruz1998@gmail.com,2,4950.00,2475.00,PE,Huaral,LIM,
"Francisco Estuardo Monzón Pahuacho","francisco estuardo.monzon pahuacho",2024-03-25T00:00:00,2024-03-19T14:39:21,monzonpahuachof@gmail.com,1,6500.00,6500.00,PE,"San Luis",LMA,
"Janet Rocio Muñante huuaya","janet rocio.munante huuaya",2024-03-25T00:00:00,2024-03-24T05:11:23,jmdcm22@gmail.com,1,1949.00,1949.00,PE,Santiago,ICA,
"Maryori Rivera",maryori.rivera,2024-03-24T21:14:37,2024-03-24T16:14:36,yvonneolaya130698@gmail.com,1,3850.00,3850.00,PE,"Villa El Salvador",LMA,
"Germán raul Alhuay ccoripuri","german raul.alhuay ccoripuri",2024-03-24T18:27:37,2024-03-24T13:27:36,germanraul.ac94@gmail.com,1,2400.00,2400.00,PE,Lima,LMA,
"Manuel Del Prado Amézaga","manuel.del prado amezaga",2024-03-24T17:58:56,2024-03-24T12:58:55,immanueldpa1111@gmail.com,1,75.00,75.00,PE,Lima,LMA,
"Silvana Angulo",silvana.angulo,2024-03-24T17:48:45,2024-03-24T12:48:44,silvsangulo25@gmail.com,1,2850.00,2850.00,PE,Lima,LMA,
"Madeleine Llerena Castillo","madeleine.llerena castillo",2024-03-24T13:25:49,2024-03-24T01:19:46,madeleinellerena31@gmail.com,3,3674.00,1224.67,PE,Callao,CAL,
"ALEJANDRA XIMENA FERNANDEZ GUTIERREZ","alejandra ximena.fernandez gutierrez",2024-03-24T06:27:47,2024-03-24T01:27:47,alxi_5@hotmail.com,1,1650.00,1650.00,PE,CHIMBOTE,ANC,
"Angel andres Signol Pinto","angel andres.signol pinto",2024-03-24T03:00:05,2024-03-23T21:57:53,Angeldiaz_28@hotmail.com,2,7400.00,3700.00,PE,Lima,LMA,
"Mauricio Josue Zambrano Pizarro","mauricio josue.zambrano pizarro",2024-03-24T00:00:00,2024-03-10T13:06:17,mau.zambrano15@gmail.com,1,3850.00,3850.00,PE,Ate,LMA,
"Ana Revolero Perez","ana.revolero perez",2024-03-23T19:11:01,2024-03-23T14:11:00,arevolero123@gmail.com,1,975.00,975.00,PE,Lima,LMA,
"Kaleim qoheleht Lopez pacheco","kaleim qoheleht.lopez pacheco",2024-03-23T05:34:47,2024-03-23T00:32:05,kalo_lopez2007@hotmail.com,2,4000.00,2000.00,PE,lima,LMA,
"Diego Alonso Salazar Tacure","diego alonso.salazar tacure",2024-03-23T04:40:21,2023-03-31T12:58:02,dasalazartacure@gmail.com,2,6500.00,3250.00,PE,Callao,LIM,
"PABLO VERDE",pablo.verde,2024-03-23T02:02:44,2024-03-22T21:02:43,PABVER3@GMAIL.COM,1,1700.00,1700.00,PE,"VILLA EL SALVADOR",LMA,
"Ricardo Lau olaya","ricardo.lau olaya",2024-03-23T00:00:00,2024-03-11T20:39:34,chineflex@hotmail.com,1,3850.00,3850.00,PE,Lima,LMA,
"NICOLE ESTEFANY CORDOVA CHAVEZ","nicole estefany.cordova chavez",2024-03-22T22:33:21,2024-03-22T17:33:20,admt.edc.nn@gmail.com,1,6500.00,6500.00,PE,Lima,LMA,
"Gabriel Marcilla Buleje","gabriel.marcilla buleje",2024-03-22T19:12:20,2024-03-22T14:12:19,marcillabulejegabriel1@gmail.com,1,2950.00,2950.00,PE,Lima,LMA,
"Jafet Duaner Rodríguez Dueñas","jafet duaner.rodriguez duenas",2024-03-22T00:00:00,2024-03-21T16:48:24,duaner07.03@gmail.com,1,110.00,110.00,PE,Ilo,MOQ,
"Nelson Jesus Brown Alvarez","nelson jesus.brown alvarez",2024-03-22T00:00:00,2024-03-11T08:14:16,nelbrown150@gmail.com,1,140.00,140.00,PE,Miraflores,LMA,
"Karla Rodriguez",karla.rodriguez,2024-03-22T00:00:00,2024-03-20T20:25:15,karpando@gmail.com,1,3850.00,3850.00,PE,Lima,LMA,
"Jesus Rodriguez",jesus.rodriguez,2024-03-22T00:00:00,2024-03-11T18:00:36,rodriguezjesus809@gmail.com,1,40.00,40.00,PE,Rímac,LMA,
"Mateo Cavero Madalengoitia","mateo.cavero madalengoitia",2024-03-22T00:00:00,2024-03-11T09:31:09,mateo0804.cavero@gmail.com,1,2400.00,2400.00,PE,Lima,LMA,
"Sara Cueto Vivanco","sara.cueto vivanco",2024-03-22T00:00:00,2024-03-14T22:16:02,josepmircardenasc8@gmail.com,1,5600.00,5600.00,PE,Lima,LMA,
"Emilio José Caballero Ibarra","emilio jose.caballero ibarra",2024-03-20T17:24:28,2024-03-20T12:24:28,emijocab@gmail.com,1,3850.00,3850.00,PE,Lima,LMA,
"Lizeth Lázaro",lizeth.lazaro,2024-03-20T00:00:00,2024-03-19T12:07:18,lizethmaribel120409@gmail.com,1,2950.00,2950.00,PE,Lima,LMA,
"Gerard Fort",gerard.fort,2024-03-19T22:37:08,2024-03-19T17:37:07,gfortcayo@gmail.com,1,15.00,15.00,PE,Surquillo,LMA,
"FRANCISCO NUNEZ",francisco.nunez,2024-03-19T18:01:16,2023-03-09T09:16:39,francisco.n.bazan@gmail.com,2,4350.00,2175.00,PE,Lima,LIM,
"Prospero Salomón Briceño Moreno","prospero salomon.briceno moreno",2024-03-19T01:02:31,2024-03-18T20:02:30,prospero.salomon.bm@gmail.com,1,2950.00,2950.00,PE,Trujillo,LAL,
"emanuel huaman ulloa","emanuel.huaman ulloa",2024-03-19T00:03:58,2024-03-18T19:03:57,emanuel_20172017@hotmail.com,1,20.00,20.00,PE,Ate,LMA,
"Gianpierre Lipa Muñoz","gianpierre.lipa munoz",2024-03-19T00:00:00,2023-04-25T15:38:51,gianpierrelipamunoz@gmail.com,1,1850.00,1850.00,PE,Comas,LIM,
"Katherine Rodríguez del aguila","katherine.rodriguez del aguila",2024-03-19T00:00:00,2024-03-17T08:59:51,horly2609@gmail.com,1,3500.00,3500.00,PE,"San Miguel",LMA,
"Brenda Sevilla",brenda.sevilla,2024-03-19T00:00:00,2024-03-15T21:23:31,brennss03cc@gmail.com,1,1700.00,1700.00,PE,Lima,LMA,
"Ada Torres Lecaros","ada.torres lecaros",2024-03-19T00:00:00,2024-03-05T14:03:52,adatlecaros@gmail.com,1,2500.00,2500.00,PE,Lima,LMA,
"Ana Estrada",ana.estrada,2024-03-19T00:00:00,2024-03-19T13:52:21,Aestradal17@outlook.com,1,2850.00,2850.00,PE,"Chorrillos /Lima",LMA,
"Ana Paula Valverde Gonzales","ana paula.valverde gonzales",2024-03-18T19:24:57,2024-03-18T14:24:57,paulavalverdeg95@gmail.com,1,2850.00,2850.00,PE,lima,LMA,
"Paul Boullosa Galarza","paul.boullosa galarza",2024-03-18T19:07:15,2024-03-18T14:07:15,p_boullosa@hotmail.com,1,75.00,75.00,PE,Lima,LMA,
"a a",a.a-3083,2024-03-18T16:26:28,2024-03-18T11:26:27,juan_pla_27@yahoo.com,1,1650.00,1650.00,PE,a,LMA,
"Fabrizio Rossi Pazos","fabrizio.rossi pazos",2024-03-18T00:00:00,2024-03-15T11:19:06,fabriziorossi42@gmail.com,1,20.00,20.00,PE,Lima,LMA,
"Agatha Vivanco Sosa","agatha.vivanco sosa",2024-03-18T00:00:00,2024-03-16T13:16:45,a_minina@hotmail.com,1,3500.00,3500.00,PE,Miraflores,LMA,
"Anelis García Palao","anelis.garcia palao",2024-03-17T21:19:19,2024-03-17T16:19:18,anelispalao88@gmail.com,1,1700.00,1700.00,PE,Lima,LMA,
"Melina Gonzales",melina.gonzales,2024-03-17T03:49:10,2024-03-16T22:49:09,amparo_963@hotmail.com,1,9000.00,9000.00,PE,Callao,CAL,
"Eric Darickson Guizado Quiroga","eric darickson.guizado quiroga",2024-03-16T00:00:00,2024-03-10T16:10:23,darickson26g@gmail.com,1,3850.00,3850.00,PE,Lima,LMA,
"Xiomara Melanie Pueyo Cespedes","xiomara melanie.pueyo cespedes",2024-03-16T00:00:00,2024-03-07T08:43:02,xiomarapueyo98@gmail.com,1,1949.00,1949.00,PE,Ventanilla,CAL,
"Diana esther Ortiz girbau","diana esther.ortiz girbau",2024-03-15T19:22:49,2024-03-15T14:22:48,dysortiz@hotmail.com,1,3250.00,3250.00,PE,Lima,LMA,
"Paredes Oyola",paredes.oyola,2024-03-15T18:47:45,2024-03-15T13:47:44,dj_wxxx@gmail.com,1,2950.00,2950.00,PE,Lima,LMA,
"Guilmer Vicente",guilmer.vicente,2024-03-15T15:45:39,2024-03-15T10:45:38,guilmervicent@gmail.com,1,140.00,140.00,PE,Tacna,TAC,
"RONALD GONZALES TALLEDO","ronald.gonzales talledo",2024-03-15T13:11:50,2024-03-10T21:50:07,adrialit.serviciosgenerales@gmail.com,2,7700.00,3850.00,PE,Lima,LMA,
"Cristina Rojas Quiroga","cristina.rojas quiroga",2024-03-15T00:30:20,2024-03-14T19:30:19,cirojasquiroga@gmail.com,1,150.00,150.00,PE,Lima,LMA,
"Juan carlos Castillo cano","juan carlos.castillo cano",2024-03-13T15:44:07,2024-03-13T10:44:06,mrmcontroller@gmail.com,1,85.00,85.00,PE,Barranco,LIM,
"Zulema Lucia Rodriguez Arceno","zulema lucia.rodriguez arceno",2024-03-13T15:23:05,2024-03-13T10:23:05,yasmincv2017@gmail.com,1,3850.00,3850.00,PE,150128,LMA,
"norma giovanna",norma.giovanna,2024-03-13T00:00:00,2024-03-09T18:51:24,pinchigiovanna22@gmail.com,1,3250.00,3250.00,PE,Breña,LMA,
"Fabby Tello",fabby.tello,2024-03-13T00:00:00,2024-03-05T10:54:46,fabby1000000@gmail.com,3,225.00,75.00,PE,Lima,LMA,
"JESUS ALEJANDRO CARDENAS VILCA","jesus alejandro.cardenas vilca",2024-03-13T00:00:00,2024-03-06T14:30:29,jesus.cardenas@vallegrande.edu.pe,1,3850.00,3850.00,PE,Cañete,LMA,
"Leo Cotrina",leo.cotrina,2024-03-12T20:24:58,2024-03-12T15:24:57,Franshescoli@gmail.com,1,160.00,160.00,PE,"San Miguel",LMA,
"Oswaldo Ramirez Diestra","oswaldo.ramirez diestra",2024-03-12T20:10:27,2024-03-12T15:10:26,jordakster@gmail.com,1,150.00,150.00,PE,"San Miguel",LMA,
"Josselyne Zelada",josselyne.zelada,2024-03-12T17:54:16,2024-03-12T12:54:15,ZCUBAS.J@GMAIL.COM,1,2950.00,2950.00,PE,lima,LMA,
"Kiev Fossa",kiev.fossa,2024-03-12T04:09:29,2024-03-11T23:09:28,kiev1995@gmail.com,1,2850.00,2850.00,PE,Lima,LMA,
"JUAN IPANAQUE",juan.ipanaque,2024-03-12T01:16:33,2024-03-11T20:16:32,JUANIPANAQUE32@GMAIL.COM,1,4800.00,4800.00,PE,CHICLAYO,LAM,
"Nancy Collao Alvarado","nancy.collao alvarado",2024-03-12T00:00:00,2024-03-07T12:51:29,sandy51219@gmail.com,1,1699.00,1699.00,PE,Lima,LMA,
"Josehp Anco Mena","josehp.anco mena",2024-03-11T16:00:43,2024-03-11T11:00:42,JANCOM@TISUR.COM.PE,1,6500.00,6500.00,PE,ISLAY,ARE,
"CARLOS HERRERA",carlos.herrera,2024-03-11T14:42:00,2024-03-11T09:42:00,carlos.herreralopez26@gmail.com,1,3250.00,3250.00,PE,"SAN MIGUEL",LMA,
"Luis López",luis.lopez,2024-03-11T05:55:49,2024-03-11T00:55:48,sexygirl@yahoo.com,1,4800.00,4800.00,PE,Xalatlaco,CAL,
"Karen Lizarme canales","karen.lizarme canales",2024-03-11T01:18:36,2024-03-10T20:18:35,karwnl05@outlook.com,1,1650.00,1650.00,PE,lima,LMA,
"Isha Mayte Machado Bracamonte","isha mayte.machado bracamonte",2024-03-11T00:47:48,2024-03-10T19:47:47,isha.1221mayte22@gmail.com,1,2850.00,2850.00,PE,"Rímac, Lima",LMA,
"Melissa Ramirez",melissa.ramirez,2024-03-10T01:08:47,2024-03-09T20:08:46,melirb5@gmail.com,1,4900.00,4900.00,PE,Lima,LMA,
"Taryn Trucios",taryn.trucios,2024-03-10T00:00:00,2022-04-18T16:43:32,taryn.trucios@gmail.com,2,2960.00,1480.00,PE,Barranco,LIM,
"Richard Cleveland",richard.cleveland,2024-03-09T20:51:03,2024-03-06T13:38:11,grovercxl@gmail.com,2,170.00,85.00,PE,"Santiago de Surco",LMA,
"David Omar Chocce Cristobal","david omar.chocce cristobal",2024-03-09T00:00:00,2024-03-06T23:31:50,murutechsac@gmail.com,1,3650.00,3650.00,PE,Lima,LMA,
"Mary Leslie Rodriguez Luna","mary leslie.rodriguez luna",2024-03-08T23:34:40,2024-03-08T18:34:39,leslierodriguezluna@gmail.com,1,1949.00,1949.00,PE,"Santiago de Surco",LMA,
"Alberto Antón",alberto.anton,2024-03-08T00:00:00,2024-02-25T01:22:03,albert.ac.2907@gmail.com,1,2400.00,2400.00,PE,Trujillo,LAL,
"María Danielle Valenzuela Chávez","maria danielle.valenzuela chavez",2024-03-08T00:00:00,2024-03-04T18:38:58,madavchavez@gmail.com,1,150.00,150.00,PE,Lima,LMA,
"ana miriam paredes orderique","ana miriam.paredes orderique",2024-03-07T21:16:10,2024-03-07T16:16:09,mparedes@4mlogistics.com.pe,1,975.00,975.00,PE,LIMA,LMA,
"Sofia Bedon Chahua","sofia.bedon chahua",2024-03-07T02:53:42,2024-03-06T21:53:41,sofibedon12@gmail.com,1,1699.00,1699.00,PE,Lima,LMA,
"Kinberly Achircana",kinberly.achircana,2024-03-07T00:00:00,2024-02-27T15:11:55,kinberlytn02@gmail.com,1,3250.00,3250.00,PE,Huancayo,JUN,
"Renzo Cárdenas Sánchez","renzo.cardenas sanchez",2024-03-07T00:00:00,2024-03-06T10:57:46,rnzcs19@gmail.com,2,150.00,75.00,PE,Lima,LMA,
"Ximena Garcia",ximena.garcia,2024-03-06T00:48:18,2024-03-05T19:48:17,ximenagarcia2104@gmail.com,1,500.00,500.00,PE,Chorrillos,LMA,
"Camila Bobbio",camila.bobbio,2024-03-05T21:24:02,2024-03-05T16:24:02,bobbiolopezcamila@gmail.com,1,3850.00,3850.00,PE,AREQUIPA,ARE,
"Jose Emilio Chepe Vasquez","jose emilio.chepe vasquez",2024-03-05T20:56:10,2024-03-05T15:56:09,jchepev12@outlook.com,1,1949.00,1949.00,PE,"San Bartolo",LMA,
"Frank Calderón",frank.calderon,2024-03-05T19:37:23,2024-03-05T14:37:22,fran19_908@hotmail.com,1,1050.00,1050.00,PE,Lima,LMA,
"Fernanda Cama Bernahola","fernanda.cama bernahola",2024-03-05T02:06:59,2024-03-04T21:06:59,fer22.0208@gmail.com,1,1949.00,1949.00,PE,Callao,CAL,
"Janet Caceres",janet.caceres,2024-03-05T00:00:00,2024-02-24T02:52:37,jimenezcacerejanet@gmail.com,1,2850.00,2850.00,PE,"Santiago de surco",LMA,
"Josmalys Reyes",josmalys.reyes,2024-03-05T00:00:00,2024-03-04T17:12:53,josmalysreyes@gmail.com,1,1650.00,1650.00,PE,"Lima Santiago de surco",LMA,
"Carlos Oscar Lozano Cotrina","carlos.oscar lozano cotrina",2024-03-04T03:40:18,2024-03-03T22:40:18,carlos_1997lozano@hotmail.com,1,2850.00,2850.00,PE,Cajamarca,CAJ,
"Angela Marquez garcia","angela.marquez garcia",2024-03-04T00:00:00,2024-03-01T21:51:44,angelix218@gmail.com,1,85.00,85.00,PE,Lima,LMA,
"Erika Ramos Cumpa","erika.ramos cumpa",2024-03-04T00:00:00,2024-02-28T16:46:04,Erikacarlota.er@gmail.com,1,1650.00,1650.00,PE,Lima,CAL,
"Micaella De Casanova Fernández","micaella.de casanova fernandez",2024-03-03T00:00:00,2024-03-02T13:36:17,micaella.de.casanova@gmail.com,1,40.00,40.00,PE,"Santiago de Surco, Lima",LMA,
"Priscilla Rossi",priscilla.rossi,2024-03-03T00:00:00,2024-03-01T19:44:00,priscillarossi2008@hotmail.com,1,150.00,150.00,PE,Callao,CAL,
"Gianmarco Díaz Riofrio","gianmarco.diaz riofrio",2024-03-02T21:12:31,2024-03-02T16:12:31,gdiazriofrio@gmail.com,1,90.00,90.00,PE,Bellavista,CAL,
"Alexander Luis Paria evangelista","alexander luis.paria evangelista",2024-03-02T14:05:45,2024-03-02T09:05:44,alexparia38@gmail.com,1,585.00,585.00,PE,Lima,LIM,
"Erika Vargas",erika.vargas,2024-03-02T00:00:00,2024-02-29T22:01:41,vargaserika862@gmail.com,1,1949.00,1949.00,PE,Miraflores,LMA,
"Andrea Vera",andrea.vera,2024-03-02T00:00:00,2024-03-01T17:42:58,andreavl_29@hotmail.com,1,1650.00,1650.00,PE,Lima,LMA,
"Yaha Hurtado",yaha.hurtado,2024-03-02T00:00:00,2024-02-18T12:51:12,yahairadalai@hotmail.com,2,7350.00,3675.00,PE,tacna,TAC,
"Sebastian Bautista",sebastian.bautista,2024-03-01T21:35:35,2024-03-01T16:35:34,sebasbch13@gmail.com,1,1650.00,1650.00,PE,Lima,LMA,
"Lucero Cordova",lucero.cordova,2024-03-01T16:19:09,2024-03-01T11:19:09,lusolanshs@gmail.com,1,2400.00,2400.00,PE,Lima,LMA,
"Jhessennya Pérez Giménez","jhessennya.perez gimenez",2024-03-01T15:10:07,2024-03-01T10:10:06,yisuaurum@gmail.com,1,45.00,45.00,PE,Lima,LMA,
"Brigitte Kristel Vidal Mamani","brigitte kristel.vidal mamani",2024-03-01T03:46:26,2024-02-29T22:46:25,kristelvidalm@gmail.com,1,2850.00,2850.00,PE,Lima,LMA,
"Benjamin Vargas",benjamin.vargas,2024-03-01T02:58:20,2024-02-29T21:58:19,benvargas70@gmail.com,1,1949.00,1949.00,PE,Lima,LMA,
"Ronald Guerra Rodriguez","ronald.guerra rodriguez",2024-03-01T00:00:00,2024-02-19T16:11:01,ronaldosgs666@hotmail.com,2,170.00,85.00,PE,Chimbote,ANC,
"Joan Huaranccay",joan.huaranccay,2024-03-01T00:00:00,2024-02-20T13:19:03,joanhccyhccy@gmail.com,2,600.00,300.00,PE,"San Luis",LMA,
"Nadia Lozano",nadia.lozano,2024-03-01T00:00:00,2024-02-26T08:48:16,lnadialisset@gmail.com,1,50.00,50.00,PE,Callao,CAL,
"Brenda Rondon",brenda.rondon,2024-02-29T16:42:40,2024-02-29T11:42:39,brenda.rondonruiz11.br@gmail.com,1,90.00,90.00,PE,"La Molina",LMA,
"Claudio Chavez",claudio.chavez,2024-02-29T05:31:53,2024-02-29T00:31:52,claudiochavezsoto@gmail.com,1,2850.00,2850.00,PE,Bellavista,CAL,
"Arcenio Salice Chavez Gallegos","arcenio salice.chavez gallegos",2024-02-29T00:00:00,2024-02-22T21:20:23,arce2581@gmail.com,1,3700.00,3700.00,PE,"San Juan De Lurigancho",LMA,
"Alex Mori Montoya","alex.mori montoya",2024-02-28T16:28:00,2022-10-10T10:34:17,nanndo04@hotmail.com,2,1335.00,667.50,PE,Lima,LIM,
"Paulo César Pérez Nogueira","paulo cesar.perez nogueira",2024-02-28T00:07:20,2024-02-27T19:07:19,zosobonham@gmail.com,1,75.00,75.00,PE,ATE,LMA,
"Luis Vladimir Martinez Rivera","luis vladimir.martinez rivera",2024-02-28T00:00:00,2024-02-24T11:35:51,vladimirmartinezrivera@gmail.com,1,975.00,975.00,PE,Ate,LMA,
"Diego Pisfil Gutiérrez","diego.pisfil gutierrez",2024-02-26T06:07:32,2024-02-26T01:07:31,pisfil.induvet@gmail.com,1,2950.00,2950.00,PE,Lima,LIM,
"maria fernanda rodriguez rodriguez","maria fernanda.rodriguez rodriguez",2024-02-26T00:00:00,2024-02-20T08:04:22,fernanda96.rod@gmail.com,1,3850.00,3850.00,PE,lima,LMA,
"ERICH Quispe",erich.quispe,2024-02-24T20:50:50,2024-02-24T15:50:49,erich.qr@gmail.com,1,180.00,180.00,PE,"Santa Anita",LMA,
"Sofía del Pilar Rengifo Macca","sofia del pilar.rengifo macca",2024-02-24T18:44:28,2024-02-24T13:44:27,sofiarengifomacca@gmail.com,1,2950.00,2950.00,PE,Pucallpa,UCA,
"MARCO ANTONIO TELLO","marco antonio.tello",2024-02-24T00:00:00,2024-02-23T16:28:15,mgonzalest37@gmail.com,1,170.00,170.00,PE,LIMA,LMA,
"Alex Junior Sullca Lujan","alex junior.sullca lujan",2024-02-23T00:00:00,2024-02-20T15:12:20,slujanlex@gmail.com,1,3650.00,3650.00,PE,Lima,LMA,
"Alessandra Urrutia",alessandra.urrutia,2024-02-22T13:45:23,2024-02-22T08:45:22,alss_76@hotmail.com,1,150.00,150.00,PE,Lima,LMA,
"Alexis De la Cruz","alexis.de la cruz",2024-02-21T06:14:19,2024-02-21T01:14:18,alexneyra1317@gmail.com,1,3850.00,3850.00,PE,Miraflores,LMA,
"ssssssssssss ssssssssss",ssssssssssss.ssssssssss,2024-02-21T03:28:37,2024-02-20T22:28:36,ssssssssss@hotmai.com,1,1699.00,1699.00,PE,lima,LMA,
"Sofia Leon",sofia.leon,2024-02-21T00:00:00,2024-02-18T17:30:51,soflutist24@gmail.com,1,1949.00,1949.00,PE,"San Miguel",LMA,
"Geraldine Robles",geraldine.robles,2024-02-21T00:00:00,2024-02-17T18:50:34,angelcantovillanueva@gmail.com,1,3850.00,3850.00,PE,Huaral,LIM,
"Jose Tapia",jose.tapia,2024-02-20T18:03:37,2024-02-20T13:03:36,joselitoexample123@gmail.com,1,5600.00,5600.00,PE,"Cercado de Lima",LMA,
"Susana Ivonne Quijano Condori","susana ivonne.quijano condori",2024-02-20T00:00:00,2024-02-19T18:52:01,susanaiqc@gmail.com,1,1949.00,1949.00,PE,Lima,LMA,
"Gabriela De La Cruz","gabriela.de la cruz",2024-02-20T00:00:00,2024-02-12T09:48:06,gabrieladelacruz94@gmail.com,1,75.00,75.00,PE,Barranco,LMA,
"Hela Meliza Lopez Padilla","hela meliza.lopez padilla",2024-02-18T16:23:22,2024-02-18T11:23:21,hela.lopez@hotmail.com,1,5200.00,5200.00,PE,BARRANCA,LIM,
"Aranza Gonzalez Reategui","aranza.gonzalez reategui",2024-02-17T00:00:00,2024-02-13T14:10:15,aranza00gr@icloud.com,1,1999.00,1999.00,PE,Lima,LMA,
"Leandro Garay",leandro.garay,2024-02-16T20:35:08,2024-02-16T15:35:07,Franshescoly@gmail.com,1,1170.00,1170.00,PE,Surco,LMA,
"Jerson Siesquen",jerson.siesquen,2024-02-16T20:07:29,2024-02-16T15:07:28,jersonsiescastro@gmail.com,1,5600.00,5600.00,PE,Chiclayo,LAM,
"Karla Rivas",karla.rivas,2024-02-16T01:09:58,2024-02-15T20:09:57,karla_andreina@hotmail.com,1,2850.00,2850.00,PE,Lima,LMA,
"Jennifer morales Morales felix","jennifer morales.morales felix",2024-02-16T00:00:00,2024-02-12T12:43:27,luhanatm05@gmail.com,1,140.00,140.00,PE,Lima,LIM,
"katterin sanchez rodriguez","katterin.sanchez rodriguez",2024-02-15T17:43:12,2024-02-15T12:43:11,kattepame.24@gmail.com,1,140.00,140.00,PE,Lima,LMA,
"walter leiva",walter.leiva,2024-02-15T17:09:11,2024-02-15T12:09:10,walteresmitllanosleiva123456@gmail.com,1,1650.00,1650.00,PE,trujillo,LAL,
"Aida Roca Umeres","aida.roca umeres",2024-02-15T07:54:07,2024-02-15T02:54:06,aru252009@gmail.co.com,1,3750.00,3750.00,PE,Abancay,APU,
"Luís Alfredo Ocampo Bulnes","luis alfredo.ocampo bulnes",2024-02-15T06:30:05,2024-02-15T01:30:05,alfredoocampob12@gmail.com,1,1699.00,1699.00,PE,Lima,LMA,
"Kaleb Zoe Freyre Dorado","kaleb zoe.freyre dorado",2024-02-14T00:00:00,2024-02-13T08:07:29,kaleb.freyredorado23@gmail.com,1,2850.00,2850.00,PE,Surquillo,LMA,
"rocio izaguirre",rocio.izaguirre,2024-02-13T17:04:28,2024-02-13T12:04:27,rocioizaguirre27@gmail.com,1,85.00,85.00,PE,"nuevo chimbote",ANC,
"Jhon Laime",jhon.laime,2024-02-13T00:00:00,2024-02-05T17:19:54,jhon.demox.legend@gmail.com,1,45.00,45.00,PE,Rimac,LMA,
"GEYLER NIÑO HERRERA","geyler.nino herrera",2024-02-12T20:39:57,2024-02-12T15:39:56,geylerpiscis20@gmail.com,1,1650.00,1650.00,PE,"san martin de porres",LMA,
"joseph coronado",joseph.coronado,2024-02-12T03:41:49,2023-07-17T10:58:11,coronadojoseph98@gmail.com,2,195.00,97.50,PE,Lima,LIM,
"María Fiorella Aguirre Valle","maria fiorella.aguirre valle",2024-02-12T00:00:00,2024-02-12T11:30:28,maguirrevalle@gmail.com,1,20.00,20.00,PE,Surquillo,LMA,
"Francisco Garcia Lope","francisco.garcia lope",2024-02-11T21:24:34,2024-02-11T16:24:33,garciafrancisco1512@gmail.com,1,4900.00,4900.00,PE,Lima,LMA,
"Edwin Ruiz Requejo","edwin.ruiz requejo",2024-02-11T13:28:15,2024-02-11T08:28:14,ruisrequejoedwin@gmail.com,1,60.00,60.00,PE,Piura,PIU,
"Giovanni Alarcon",giovanni.alarcon,2024-02-11T00:14:49,2024-02-10T19:14:48,fadr1803@gmail.com,1,3870.00,3870.00,PE,Lima,LMA,
"Vladimir Merma",vladimir.merma,2024-02-10T00:00:00,2024-02-07T13:05:29,vladimirmermaachulli8@gmail.com,1,1650.00,1650.00,PE,"Santa María del mar",LMA,
"Karen Davila",karen.davila,2024-02-09T22:32:40,2024-02-09T17:32:39,kadavila15@gmail.com,1,90.00,90.00,PE,"Pueblo libre",LMA,
"Percy Castañeda",percy.castaneda,2024-02-09T17:00:15,2024-02-09T11:56:24,percy47936378@gmail.com,2,90.00,45.00,PE,Lima,LMA,
"Mayra Alejandra Atachagua Flores","mayra alejandra.atachagua flores",2024-02-09T00:00:00,2024-02-05T17:57:29,mayra.2594@hotmail.com,2,5700.00,2850.00,PE,Lima,LMA,
"Alexandra Rodríguez Chávez","alexandra.rodriguez chavez",2024-02-08T22:25:24,2024-02-08T17:25:23,alexandrarodriguezch@hotmail.com,1,2400.00,2400.00,PE,lima,LMA,
"Lillian YNGUIL LAVADO","lillian.ynguil lavado",2024-02-08T17:10:03,2024-02-08T12:10:02,lynguil@gmail.com,1,3650.00,3650.00,PE,"San Luis",LMA,
"hans ortega",hans.ortega,2024-02-08T00:00:00,2024-02-05T14:23:43,hansmarcelo@hotmail.com,1,5600.00,5600.00,PE,lima,LIM,
"Estrella Seminario",estrella.seminario,2024-02-07T18:34:11,2024-02-07T13:34:10,estrella.semi@hotmail.com,1,1699.00,1699.00,PE,"Lima Chorrillos",LMA,
"jose enver villanueva miranda","jose enver.villanueva miranda",2024-02-07T17:07:49,2024-02-07T12:07:48,kramirezlizana@gmail.com,1,40.00,40.00,PE,lima,LMA,
"Mariel Villar",mariel.villar,2024-02-07T16:04:08,2024-02-07T11:04:07,mariel.villarppazos@gmail.com,1,3700.00,3700.00,PE,Lima,LMA,
"danny ginez",danny.ginez,2024-02-07T00:00:00,2024-02-06T14:03:03,ginezdanny@gmail.com,1,115.00,115.00,PE,"San Juan De Lurigancho",LMA,
"Valeria Michelt Rugel Aguirre","valeria michelt.rugel aguirre",2024-02-07T00:00:00,2024-01-26T18:35:24,valeria28_28@hotmail.com,1,3700.00,3700.00,PE,Sullana/Bellavista,PIU,
"Jorge Joel Del Castillo Sihue","jorge joel.del castillo sihue",2024-02-07T00:00:00,2024-02-05T21:37:40,joel.jdcs@gmail.com,1,1949.00,1949.00,PE,"Chorrillos, Lima",LMA,
"Pam Far",pam.far,2024-02-07T00:00:00,2024-02-02T09:55:21,cpoma@gmail.com,1,2400.00,2400.00,PE,lima,LMA,
"ABDON JEANPIER PEREZ RAMOS","abdon jeanpier.perez ramos",2024-02-06T00:00:00,2024-01-07T14:42:31,jeanoier7@gmail.com,1,2850.00,2850.00,PE,Lima,LIM,
"Andy Daniel Ruiz Diaz","andy daniel.ruiz diaz",2024-02-04T00:00:00,2024-02-03T17:44:13,andydanielruizdiaz@gmail.com,1,60.00,60.00,PE,Lim,LMA,
"Estefany Anais Colan Mendoza","estefany anais.colan mendoza",2024-02-03T03:04:33,2024-02-02T22:04:33,colanmen.01.11.2000@gmail.com,1,3650.00,3650.00,PE,Huaral,LIM,
"Juliana Franza",juliana.franza,2024-02-03T00:00:00,2024-02-01T17:16:44,julianafranza@yahoo.com,1,2850.00,2850.00,PE,Lima,LMA,
"Nataly Isabel Flores Vivas","nataly isabel.flores vivas",2024-02-02T10:40:45,2024-02-02T05:40:44,nataly.floresvivas@gmail.com,1,75.00,75.00,PE,Lima,LMA,
"Edith Urcia Callirgos","edith.urcia callirgos",2024-02-01T18:28:46,2024-02-01T13:28:45,yesavela23@gmail.com,1,20.00,20.00,PE,Chiclayo,LAM,
"Diego Alexander Diaz Garcia","diego alexander.diaz garcia",2024-02-01T00:00:00,2024-01-26T11:12:53,diego.diaz.g.2001@gmail.com,1,2150.00,2150.00,PE,"La molina",LIM,
"Pedro Idme Quispe","pedro.idme quispe",2024-01-31T22:34:05,2024-01-31T17:34:04,pedroelisbanidme@gmail.com,1,5600.00,5600.00,PE,"Mariano melgar",ARE,
"Santiago Aguirre",santiago.aguirre,2024-01-31T21:37:52,2024-01-31T16:37:51,santiago.ar1999@gmail.com,1,20.00,20.00,PE,Lima,LMA,
"Angel Quispe Cerquin","angel.quispe cerquin",2024-01-31T18:04:50,2024-01-31T13:04:49,quispeangel596@gmail.com,1,500.00,500.00,PE,Cajamarca,CAJ,
"JUAN PABLO OLIVEROS SULLUCHUCO","juan pablo.oliveros sulluchuco",2024-01-31T00:00:00,2024-01-18T15:49:37,OLIVEROSJUANSMG@GMAIL.COM,1,40.00,40.00,PE,"ATE VITARTE",LMA,
"Hhc Gghj",hhc.gghj,2024-01-29T22:14:34,2024-01-29T17:14:33,ghhkkb@gmail.com,1,3650.00,3650.00,PE,Lima,LIM,
"Janet María Montoya Ledesma","janet maria.montoya ledesma",2024-01-29T21:57:32,2024-01-29T16:57:31,janetmaria961@gmail.com,1,50.00,50.00,PE,Ica,ICA,
"Guillermo Cayetano Yachachin","guillermo.cayetano yachachin",2024-01-29T03:57:51,2024-01-28T22:57:50,guillermocy777@gmail.com,1,3850.00,3850.00,PE,Tarma,JUN,
"HENRY RAMIRO Fuentes Quiroz","henry ramiro.fuentes quiroz",2024-01-26T00:00:00,2024-01-25T00:17:42,henryfq02@hotmail.com,1,140.00,140.00,PE,LIMA,LIM,
"Iris Beatriz Robles y","iris beatriz.robles y",2024-01-25T01:13:04,2024-01-24T20:13:04,irisbeatrizroblesbruno@gmail.com,1,300.00,300.00,PE,Oxapampa,PAS,
"Daphne Gutierrez mejía","daphne.gutierrez mejia",2024-01-25T00:00:00,2024-01-15T15:14:51,daphne-gm@hotmail.com,1,150.00,150.00,PE,Lima,LMA,
"Marco Antonio Gutierrez Quito","marco antonio.gutierrez quito",2024-01-24T00:43:29,2023-10-23T14:00:20,mgutierrezquito@gmail.com,2,1890.00,945.00,PE,Lima,LIM,
"JOEL CHIRA ABAD","joel.chira abad",2024-01-24T00:27:54,2024-01-23T19:27:54,idem266@hotmail.com,1,2850.00,2850.00,PE,"VILLA EL SALVADOR",LIM,
"Esrom Ascencio Perleche","esrom.ascencio perleche",2024-01-24T00:00:00,2024-01-19T15:36:38,esron_28_1996@hotmail.com,1,2850.00,2850.00,PE,Bellavista,CAL,
"HENRY VELA CUYA","henry.vela cuya",2024-01-22T05:05:21,2024-01-22T00:05:20,henryvelac@hotmail.com,1,250.00,250.00,PE,LIMA,LIM,
"Daniela Beatriz Arias Castillo","daniela beatriz.arias castillo",2024-01-20T13:39:38,2024-01-20T08:39:37,dannia2690@gmail.com,1,3200.00,3200.00,PE,Lima,LIM,
"juan garcia",juan.garcia,2024-01-19T01:16:17,2023-05-08T16:07:50,acidrv1604@gmail.com,2,3070.00,1535.00,PE,"San Borja",LIM,
"Teresa Lingan",teresa.lingan,2024-01-19T00:00:00,2024-01-17T21:13:41,lingantj0296@gmail.com,1,3700.00,3700.00,PE,"Nuevo chimbote",ANC,
"Farid Sayes pulgar","farid.sayes pulgar",2024-01-18T23:12:49,2024-01-18T18:12:48,faridsayespulgar@gmail.com,1,20.00,20.00,PE,Cieneguilla,LIM,
"jeason medina",jeason.medina,2024-01-18T00:00:00,2024-01-17T15:58:29,aa21sac@outlook.com,1,4000.00,4000.00,PE,CALLAO,LIM,
"dad adad",dad.adad,2024-01-17T22:36:00,2024-01-17T17:36:00,adasdadasd@gmail.com,1,1750.00,1750.00,PE,lima,LIM,
"Juan Diego Quevedo","juan diego.quevedo",2024-01-17T00:45:42,2024-01-16T19:45:41,juandiquevedo07@gmail.com,1,1650.00,1650.00,PE,Lima,LIM,
"Diego Fernando Calmet Palacios","diego fernando.calmet palacios",2024-01-17T00:00:00,2024-01-04T17:22:37,dcalmetp@gmail.com,1,2000.00,2000.00,PE,"Pueblo Libre",LIM,
"Rodrigo Rodríguez",rodrigo.rodriguez,2024-01-16T20:37:55,2024-01-16T15:37:54,contacto@nndinversiones.com,1,85.00,85.00,PE,Lima,LIM,
"Alyson Malpartida",alyson.malpartida,2024-01-16T15:40:41,2024-01-16T10:40:40,alyson_96_1@hotmail.com,1,2500.00,2500.00,PE,"La Perla / Callao",CAL,
"Maximo Paredes",maximo.paredes,2024-01-16T01:07:29,2024-01-15T20:07:28,maxm82@hotmail.com,1,5600.00,5600.00,PE,Trujillo,LAL,
"Camila Yasira Quispe Maguiña","camila yasira.quispe maguina",2024-01-16T00:00:00,2024-01-11T21:10:09,cam.law18@gmail.com,1,2850.00,2850.00,PE,Huacho,LIM,
"stefani xiomara teran rocha","stefani xiomara.teran rocha",2024-01-15T16:42:32,2024-01-15T11:42:31,stemaro.30@gmail.com,1,180.00,180.00,PE,Ate,LIM,
"Roberto Jiménez",roberto.jimenez,2024-01-15T00:00:00,2024-01-13T22:28:11,tettijimenez@gmail.com,1,1750.00,1750.00,PE,Lima,LIM,
"Henrry Flores",henrry.flores,2024-01-14T19:34:23,2024-01-14T14:34:22,thenrryflores@gmail.com,1,75.00,75.00,PE,Lima,LIM,
"LOURDES LOPEZ",lourdes.lopez,2024-01-13T18:38:24,2024-01-13T13:38:24,YANI_1594@HOTMAIL.COM,1,2850.00,2850.00,PE,LIMA,LMA,
"katherine ruiz",katherine.ruiz,2024-01-13T00:00:00,2024-01-08T15:20:38,kathy.ruiz09@gmail.com,1,1750.00,1750.00,PE,"Pueblo Libre",LIM,
"Piero andre Chota angulo","piero andre.chota angulo",2024-01-12T00:00:00,2024-01-08T19:31:05,chotaangulo2@gmail.com,2,240.00,120.00,PE,Chorrilos,LIM,
"BETTY MARIA CARDENAS MIRANDA","betty maria.cardenas miranda",2024-01-11T03:00:58,2024-01-10T22:00:57,bettymiranda2019@gmail.com,1,3700.00,3700.00,PE,"PADRE ABAD",UCA,
"Hairol Lucas Granda","hairol.lucas granda",2024-01-11T00:00:00,2024-01-10T15:45:07,hairollucas@gmail.com,1,2150.00,2150.00,PE,Surco,LIM,
"Junior Vivanco García","junior.vivanco garcia",2024-01-10T04:35:33,2024-01-09T23:35:32,junio280887@gmail.com,1,60.00,60.00,PE,Ica,ICA,
"Manuel Guerra Villaverde","manuel.guerra villaverde",2024-01-10T00:00:00,2024-01-05T15:48:18,manuelagr098@gmail.com,1,500.00,500.00,PE,huancayo,JUN,
"Miguel Angel Bocanegra Peña","miguel angel.bocanegra pena",2024-01-10T00:00:00,2023-12-29T15:21:29,bocanegram15@gmail.com,1,130.00,130.00,PE,"Villa María del triunfo",LIM,
"Meryl Ramirez",meryl.ramirez,2024-01-09T21:29:12,2024-01-09T16:29:11,merylrs89@gmail.com,1,180.00,180.00,PE,Lima,LIM,
"dssadas sadsdasda asdsadsdas","dssadas.sadsdasda asdsadsdas",2024-01-09T15:12:04,2024-01-09T10:12:03,sadsdsdasdsadda@yahoo.es,1,5600.00,5600.00,PE,lima,LMA,
"Alonso Alvarez Calderón","alonso.alvarez calderon",2024-01-08T00:00:00,2023-12-25T11:09:20,alonso_alvarez_calderon@hotmail.com,1,150.00,150.00,PE,Lima,LIM,
"Henry alexander Rosales cassana","henry alexander.rosales cassana",2024-01-06T00:00:00,2024-01-03T10:30:41,HRosalesC@hotmail.com,1,115.00,115.00,PE,"Santiago de surco - lima",LIM,
"GABRIELA DIAZ",gabriela.diaz,2024-01-05T00:00:00,2024-01-04T17:11:56,GDIAZ@FUNDOSANTAPATRICIA.COM,1,5200.00,5200.00,PE,HUARAL,LIM,
"Jamile Ynguil Hernández","jamile.ynguil hernandez",2024-01-05T00:00:00,2023-12-30T19:47:52,jamile.120915@gmail.com,1,3500.00,3500.00,PE,"La Victoria",LIM,
"Rodrigo Canchas Noé","rodrigo.canchas noe",2024-01-04T00:00:00,2024-01-03T18:13:48,canchasnoerodrigo@gmail.com,1,3250.00,3250.00,PE,Lima,LIM,
"CARMEN ROSA VILQUINICHI URBINA","carmen rosa.vilquinichi urbina",2024-01-03T12:35:34,2024-01-03T07:35:33,CARMENVILQUINICHI@GMAIL.COM,1,3850.00,3850.00,PE,CARABAYLLO,LIM,
"Ioseph Bryan Lopez Carvallo","ioseph bryan.lopez carvallo",2024-01-03T03:33:39,2024-01-02T22:33:38,ioseph.lopez.iblc@gmail.com,1,2000.00,2000.00,PE,Callao,CAL,
"Nilda Mery Silva Caytuiro","nilda mery.silva caytuiro",2024-01-03T02:42:39,2024-01-02T21:33:30,mery.larp@gmail.com,2,7300.00,3650.00,PE,"Cercado de Lima / Lima",LIM,
"Nathaly Gianella Chávez Fernández","nathaly gianella.chavez fernandez",2024-01-03T00:00:00,2023-12-30T23:43:13,nathalychavez06@hotmail.com,1,3500.00,3500.00,PE,"San Martín de Porres / Lima",LIM,
"SERGIO PALOMINO ALCA","sergio.palomino alca",2024-01-02T21:30:20,2024-01-02T16:30:19,sergiopalominoalca2020@gmail.com,1,2000.00,2000.00,PE,Chorrillos,LIM,
"Alvaro López",alvaro.lopez,2024-01-02T00:00:00,2023-12-27T18:27:21,alva184lop@gmail.com,1,150.00,150.00,PE,Lima,LIM,
"Lalo Lala",lalo.lala,2023-12-30T00:00:00,2023-12-16T03:54:44,djd@djud.com,1,1650.00,1650.00,PE,Lima,LMA,
"j j",j.j,2023-12-29T15:24:46,2023-12-29T10:24:45,jchavezl@gmail.com,1,2850.00,2850.00,PE,lima,LIM,
"Maria Fe Maita","maria fe.maita",2023-12-29T00:00:00,2023-12-27T10:29:44,mafe.maita@gmail.com,1,150.00,150.00,PE,"San Borja",LIM,
"Oscar Torres",oscar.torres,2023-12-28T00:00:00,2023-11-25T12:14:49,edwinuscar@hotmail.com,1,1650.00,1650.00,PE,Lima,LIM,
"Jade Morales García","jade.morales garcia",2023-12-28T00:00:00,2023-12-20T15:45:26,scarlett011020@gmail.com,1,20.00,20.00,PE,Lima,LIM,
"jimena oliva",jimena.oliva,2023-12-27T21:39:17,2023-12-27T16:39:16,jimenarespaldiza@gmail.com,1,3830.00,3830.00,PE,"jesus maria",LMA,
"Usuu Susus",usuu.susus,2023-12-27T00:00:00,2023-12-15T19:21:50,jaja@gmail.com,1,2350.00,2350.00,PE,Lima,LMA,
"Ubert Joel Llacho vara","ubert joel.llacho vara",2023-12-26T17:59:51,2023-12-26T12:59:50,ubertjoel1987@gmail.com,1,170.00,170.00,PE,Tacna,TAC,
"CECILIA HIGA ARAKAKI","cecilia.higa arakaki",2023-12-26T00:00:00,2023-12-18T16:19:22,almacen@incoserperusac.com,1,3850.00,3850.00,PE,LIMA,LIM,
"Alexander Luis Sáez Lovón","alexander luis.saez lovon",2023-12-25T00:00:00,2023-12-24T12:11:20,alexander.saez.lovon@outlook.com,1,75.00,75.00,PE,Breña,LIM,
"José Antonio De Rivero Maldonado","jose antonio.de rivero maldonado",2023-12-24T00:00:00,2023-12-22T17:28:27,josederiveromaldonado@gmail.com,1,1650.00,1650.00,PE,Lima,LIM,
"Mayumi Pinto",mayumi.pinto,2023-12-22T06:16:20,2023-12-22T01:16:20,mayuminicolps@gmail.com,1,160.00,160.00,PE,Lima,LIM,
"Lucía Serra",lucia.serra,2023-12-21T16:28:56,2023-12-21T11:28:55,luciaiserrat@gmail.com,1,75.00,75.00,PE,"pueblo libre",LIM,
"Marisu Reupo",marisu.reupo,2023-12-21T00:00:00,2023-12-20T16:23:21,marisu.reupo@gmail.com,1,180.00,180.00,PE,Lima,LMA,
"Antony Macahuachi Grandez","antony.macahuachi grandez",2023-12-21T00:00:00,2023-12-19T08:07:52,grandezantony892@gmail.com,1,1750.00,1750.00,PE,Huanchaco,LAL,
"Cristopher Quispe",cristopher.quispe,2023-12-20T17:59:56,2023-12-20T12:59:55,onepoint2018@gmail.com,1,60.00,60.00,PE,Lima,LIM,
"José Luis Salvador Alarcón","jose luis.salvador alarcon",2023-12-20T00:00:00,2023-12-12T12:47:54,jl.salvador.a4@gmail.com,1,1170.00,1170.00,PE,"Cercado de Lima",LMA,
"Doris Bazan Taipe","doris.bazan taipe",2023-12-19T20:11:55,2023-12-17T07:42:29,dorisbt77@hotmail.com,2,90.00,45.00,PE,"San Juan de Lurigancho",LMA,
"alfredo ponce la rosa","alfredo.ponce la rosa",2023-12-19T12:56:42,2023-12-19T07:56:41,fred.ponce@gmail.com,1,15.00,15.00,PE,Lima,LMA,
"John Roberto Huacanca Vito","john roberto.huacanca vito",2023-12-18T01:51:25,2023-12-17T20:51:24,goldragon2007@gmail.com,1,45.00,45.00,PE,Callao,CAL,
"Alex Rodríguez",alex.rodriguez,2023-12-18T00:00:00,2023-12-09T12:30:06,alx.grnav@gmail.com,1,2350.00,2350.00,PE,Lima,LIM,
"Rony Uribe torres","rony.uribe torres",2023-12-14T00:00:00,2023-12-11T12:39:40,ronyout5@hotmail.com,1,110.00,110.00,PE,Lima,LMA,
"RICHARD BERNAL GUERRA","richard.bernal guerra",2023-12-13T00:00:00,2023-12-06T16:30:10,rbernal970@gmail.com,1,585.00,585.00,PE,Lima,LIM,
"Rosa Quiroz la rosa","rosa.quiroz la rosa",2023-12-13T00:00:00,2023-12-06T18:24:31,elizabethquiroz2806@gmail.com,1,150.00,150.00,PE,"Lima / lima",LMA,
"Edward Soto Parra","edward.soto parra",2023-12-12T00:00:00,2023-12-07T23:56:43,edward_ziometra@hotmail.com,1,150.00,150.00,PE,"Jesús María",LIM,
"Osmar Paz Tencco","marisabel.franco nope",2023-12-11T17:43:08,2023-09-05T18:46:32,paztencco@gmail.com,2,1125.00,562.50,PE,"Santiago de Surco",LMA,
"Carlos Alberto Quispe Cadillo","carlos alberto.quispe cadillo",2023-12-10T00:00:00,2023-12-06T11:43:28,cquispec@uni.edu.pe,1,2000.00,2000.00,PE,Lima,LMA,
"Jesus Hernandez",jesus.hernandez,2023-12-09T20:43:17,2023-12-09T15:43:16,lab.biohersa@gmail.com,1,155.00,155.00,PE,Iquitos,LOR,
"Stephano Medrano",stephano.medrano,2023-12-09T16:58:21,2023-12-07T20:02:53,stephanomedrano1@gmail.com,2,170.00,85.00,PE,"San Juan De miraflores",LIM,
"kenyi Gonzales Pisfil","kenyi.gonzales pisfil",2023-12-09T06:22:50,2023-12-09T01:22:49,kenyigonzalespisfil@gmail.com,1,2000.00,2000.00,PE,monsefu,LAM,
"Jeny Matias Quispe","jeny.matias quispe",2023-12-09T00:00:00,2023-12-04T23:35:18,Jhenicithamq27@gmail.com,1,2799.00,2799.00,PE,"Ayacucho huamanga",AYA,
"ARNOLD SALOMON SOSA FLORES","arnold salomon.sosa flores",2023-12-08T21:21:07,2023-12-08T16:21:06,aronvb98@gmail.com,1,5500.00,5500.00,PE,PUNO,PUN,
"Naira Salaverry Espejo","naira.salaverry espejo",2023-12-08T05:04:18,2023-12-08T00:04:17,nairasalaverry@outllook.com,1,5600.00,5600.00,PE,Lima,LIM,
"Oswaldo Tito Peña Aedo","oswaldo tito.pena aedo",2023-12-07T00:00:00,2023-12-03T10:30:03,titopenaa@gmail.com,1,4400.00,4400.00,PE,Abancay,APU,
"Ariana nicole Friedl sullca","ariana nicole.friedl sullca",2023-12-06T00:00:00,2023-11-29T07:59:03,friedlnicol@gmail.com,1,1650.00,1650.00,PE,"San Juan de Miraflores",LIM,
"Mishell Villanueva",mishell.villanueva,2023-12-05T00:00:00,2023-12-04T18:36:05,mish30f3r@gmail.com,1,5500.00,5500.00,PE,"Nuevo Chimbote",ANC,
"ANTHONY ALFONSO ANTON ANTON","anthony alfonso.anton anton",2023-12-04T15:03:57,2023-12-04T10:03:57,aanthonyalfonso@gamail.com,1,140.00,140.00,PE,CALLAO,CAL,
"Raphael de Vrieze","raphael.de vrieze",2023-12-03T00:00:00,2023-11-19T14:26:54,rdevrieze2020@gmail.com,1,1650.00,1650.00,PE,Trujillo,LAL,
"Kiara margaret Palma sanchez","kiara margaret.palma sanchez",2023-12-02T17:51:02,2023-12-02T12:51:01,dyanira.flores22@gmail.com,1,2850.00,2850.00,PE,Callao,CAL,
"Angy Estrada",angy.estrada,2023-12-01T00:00:00,2023-11-17T12:10:44,angyestradavidal@gmail.com,1,1950.00,1950.00,PE,Lima,LIM,
"Carmen Rosa Chau Aldana","carmen rosa.chau aldana",2023-11-30T15:06:40,2023-11-30T10:06:40,logistica100@bonanza.pe,1,1550.00,1550.00,PE,LIMA,LIM,
"Luis Dante Aliaga Cayashuana","luis dante.aliaga cayashuana",2023-11-30T01:17:31,2023-11-29T20:17:30,dantealiaga77@gmail.com,1,3650.00,3650.00,PE,Ayacucho,AYA,
"Jamir Jaramillo Encalada","jamir.jaramillo encalada",2023-11-30T00:00:00,2023-11-21T21:42:00,jamirjaramillo123@gmail.com,1,1950.00,1950.00,PE,"San Juan de Lurigancho",LIM,
"Raquel Chu",raquel.chu,2023-11-30T00:00:00,2023-11-29T16:05:18,raquel_chu.001@hotmail.com,1,30.00,30.00,PE,Lima,LIM,
"Luis Rojas",luis.rojas-9219,2023-11-28T17:51:22,2023-11-28T12:51:21,videostania16@gmail.com,1,20.00,20.00,PE,"Santa Anita",LIM,
"Javierronal Huaman quispe","javierronal.huaman quispe",2023-11-28T16:51:05,2023-11-28T11:51:04,javronal_20@hotmail.com,1,45.00,45.00,PE,Surco,LIM,
"sybill paskevicius",sybill.paskevicius,2023-11-28T16:24:39,2023-11-28T11:24:38,sybill@seguricentroperu.com,1,3100.00,3100.00,PE,surquillo,LIM,
"Luzby Andrea Zacarias porta","luzby andrea.zacarias porta",2023-11-28T00:00:00,2023-11-27T17:03:55,zp74570222@gmail.com,1,1650.00,1650.00,PE,"Santa Anita",LIM,
"Andy Ortiz Trujillo","andy.ortiz trujillo",2023-11-28T00:00:00,2023-11-27T15:36:11,andyortiz12.03.05@gmail.com,1,410.00,410.00,PE,Chimbote,ANC,
"Piero Nicolás Barrantes Sotomayor","piero nicolas.barrantes sotomayor",2023-11-27T19:25:21,2023-11-26T02:12:08,pierobs15@gmail.com,2,30.00,15.00,PE,Lima,LIM,
"Alessandra Canale Vasquez","alessandra.canale vasquez",2023-11-26T19:57:19,2023-02-16T16:26:24,alecanalev@gmail.com,2,4640.00,2320.00,PE,"San Isidro",LMA,
"Ricardo Salas",ricardo.salas,2023-11-25T00:00:00,2023-11-25T09:04:15,rsalas@trilce.edu.pe,1,1950.00,1950.00,PE,Lima,LMA,
"Johnny Marquez cañari","johnny.marquez canari",2023-11-24T20:25:58,2023-11-24T15:25:57,jmarquezcanari@gmail.com,1,4150.00,4150.00,PE,LIMA,LIM,
"Alex Hoppen",alex.hoppen,2023-11-24T14:13:05,2023-11-24T09:13:04,alhopters@gmail.com,1,1650.00,1650.00,PE,Concepcion,JUN,
"Eucebio Quispe",eucebio.quispe,2023-11-24T02:21:44,2023-11-23T21:21:43,eucebio.quispe@gmail.com,1,3650.00,3650.00,PE,Lima,CAL,
"Henry Burga",henry.burga,2023-11-24T00:00:00,2023-11-24T11:09:56,henry_fbi84@hotmail.com,1,3700.00,3700.00,PE,"Lima/San Miguel",LMA,
"Cesar Cochachi",cesar.cochachi,2023-11-23T15:28:13,2023-11-23T10:28:12,cesar301994@gmail.com,1,160.00,160.00,PE,Lima,LIM,
"fghgf hgfh",fghgf.hgfh,2023-11-21T23:48:02,2023-11-21T18:48:01,dsfds@dsad.com,1,150.00,150.00,PE,lapaz,LMA,
"Belén Peralta",belen.peralta,2023-11-21T22:45:07,2023-11-21T01:31:44,belenperalta22@gmail.com,2,4749.00,2374.50,PE,"Piura Castilla",PIU,
"Mario Luis Burbank","mario luis.burbank",2023-11-21T12:06:54,2023-11-21T07:06:53,burbankld@hotmail.com,1,85.00,85.00,PE,"san miguel",LIM,
"LUIS ANTONIO VICENTE TORRES","luis antonio.vicente torres",2023-11-21T04:52:55,2023-11-20T23:52:54,L*****E@GMAIL.COM,1,3000.00,3000.00,PE,LIMA,LIM,
"Roger Acevedo allende","roger.acevedo allende",2023-11-20T18:19:19,2023-11-19T09:24:55,roger_06_2010@hotmail.com,2,460.00,230.00,PE,Lima,LIM,
"Valeria Huachaca Auccasi","valeria.huachaca auccasi",2023-11-20T01:28:39,2023-11-19T20:28:38,huachaca.auccasi@gmail.com,1,2850.00,2850.00,PE,Lima,LIM,
"Christian Oswaldo Vera Suica","christian oswaldo.vera suica",2023-11-20T00:00:00,2023-11-07T17:19:21,patitonoob@gmail.com,1,45.00,45.00,PE,Chorrillos,LMA,
"enrique maravi",enrique.maravi,2023-11-17T22:56:14,2023-11-17T17:56:13,enriqueperu@outlook.com.pe,1,80.00,80.00,PE,lima,LIM,
"JUAN CARLOS MEDNIOLA","juan carlos.medniola",2023-11-16T20:46:04,2023-11-16T15:46:03,ESTEFANOJULIANI@GMAIL.COM,1,5500.00,5500.00,PE,lima,CAL,
"Saith alexandra Bustinza ortiz","saith alexandra.bustinza ortiz",2023-11-16T00:15:56,2023-11-15T19:15:55,elonlyjose11@gmail.com,1,155.00,155.00,PE,Marcona,ICA,
"jerwin abril",jerwin.abril,2023-11-16T00:10:40,2023-11-15T19:10:39,jerwinabril@gmail.com,1,45.00,45.00,PE,Surco,LIM,
"Marcos Ortiz",marcos.ortiz,2023-11-16T00:00:00,2023-11-14T12:54:44,mjop0817@gmail.com,1,20.00,20.00,PE,Callao,CAL,
"antonio francisco torres baltazar","antonio francisco.torres baltazar",2023-11-15T00:00:00,2023-11-12T01:40:12,sistemas@centaurosperu.com,1,5900.00,5900.00,PE,lima,LIM,
"Sol Oviedo",sol.oviedo,2023-11-15T00:00:00,2023-11-13T15:52:57,milagrosoviedor@gmail.com,1,75.00,75.00,PE,Callao,CAL,
"Greety Gonzalo Reyes Tarazona","greety gonzalo.reyes tarazona",2023-11-14T08:13:58,2023-11-14T03:13:58,psgonzaloreyes@gmail.com,1,75.00,75.00,PE,Barranca,LIM,
"Steffano nicolai Guevara Agurto","steffano nicolai.guevara agurto",2023-11-14T04:38:59,2023-11-13T23:38:58,nicolai2511@gmail.com,1,2850.00,2850.00,PE,Lima,LIM,
"gjghjgjg fhhjg",gjghjgjg.fhhjg,2023-11-14T03:43:23,2023-11-13T22:43:22,jhjhjh@gmail.com,1,2799.00,2799.00,PE,hgjgjgh,LMA,
"Cristian Cornetero",cristian.cornetero,2023-11-13T13:50:45,2023-11-13T08:50:43,cj-024@hotmail.es,1,620.00,620.00,PE,Chiclayo,LAM,
"Lorraine Jacobo cueva","lorraine.jacobo cueva",2023-11-13T00:00:00,2023-11-08T18:55:01,loryjane0798@gmail.com,1,2799.00,2799.00,PE,Callao,CAL,
"William Zelada",william.zelada,2023-11-12T00:00:00,2023-11-08T20:53:40,william-zelada@hotmail.com,1,3650.00,3650.00,PE,Lambayeque,LAM,
"Jose Faustino Mamani Paredes","jose faustino.mamani paredes",2023-11-11T00:00:00,2023-11-09T08:12:20,jose.ma.pa.29@gmail.com,1,3650.00,3650.00,PE,Arequipa,ARE,
"Rodolfo Ticleahuanca huaman","rodolfo.ticleahuanca huaman",2023-11-10T15:59:39,2023-11-10T10:59:38,1979rodol123@gmail.com,1,500.00,500.00,PE,Piura,PIU,
"Jhairo Aurelio",jhairo.aurelio,2023-11-10T14:54:16,2023-11-10T09:54:16,jar862915@gmail.com,1,2850.00,2850.00,PE,Ventanilla,CAL,
"SHIRLEY MILAGROS MORALES GALVEZ","shirley milagros.morales galvez",2023-11-10T13:30:38,2023-11-10T08:30:37,03101990SMG@GMAIL.COM,1,2800.00,2800.00,PE,LIMA,LIM,
"Luzbeth Pariona",luzbeth.pariona,2023-11-09T21:16:48,2023-11-09T16:16:48,luzbeth.pariona18@gmail.com,1,85.00,85.00,PE,Lima,LIM,
"Wagner Paul Puelles Quiroz","wagner paul.puelles quiroz",2023-11-09T00:00:00,2023-11-08T16:19:53,paul_elgrande@hotmail.com,1,4250.00,4250.00,PE,Lima,LIM,
"Jeremis Carbajal Vallejos","jeremis.carbajal vallejos",2023-11-08T00:00:00,2023-09-26T20:39:07,jeremis2104@gmail.com,2,130.00,65.00,PE,Lima,LIM,
"Andrea Valeria Chumpitazi Zafra","andrea valeria.chumpitazi zafra",2023-11-08T00:00:00,2023-11-07T17:19:15,valechumpitazi@gmail.com,1,1650.00,1650.00,PE,Lima,LIM,
"Jaime Jue",jaime.jue,2023-11-07T17:36:45,2023-11-07T12:36:44,jaimejue35@gmail.com,1,150.00,150.00,PE,"Santiago de Sutco",LMA,
"GIANELLA ESPINOZA CAYCHO","gianella.espinoza caycho",2023-11-06T01:39:22,2023-11-05T20:39:21,giane_ross296@hotmail.com,1,150.00,150.00,PE,Lima,LIM,
"Aurora Cruz quiroz","aurora.cruz quiroz",2023-11-05T23:57:30,2023-11-05T18:57:29,cristinavidarte66@gmail.com,1,20.00,20.00,PE,"Puente piedra",LIM,
"Joel Sullca",joel.sullca,2023-11-02T17:30:19,2023-11-02T12:30:18,joelsullca33@gmail.com,1,180.00,180.00,PE,"San Miguel",LIM,
"Marco Miyashiro",marco.miyashiro,2023-11-02T03:47:02,2023-11-01T22:47:02,marck.mb@gmail.com,1,20.00,20.00,PE,Lima,LIM,
"Mayra Robles",mayra.robles,2023-11-02T00:00:00,2023-10-21T18:16:28,mayraale.roblescr@gmail.com,1,40.00,40.00,PE,"Cercado de Lima",LIM,
"Sandy Alexandra Murillo Coronado","sandy alexandra.murillo coronado",2023-11-01T22:53:16,2023-11-01T17:53:15,sandux_08@hotmail.com,1,3950.00,3950.00,PE,Tumbes-Tumbes-Tumbes,TUM,
"Katherine Ríos",katherine.rios,2023-10-31T21:18:45,2023-10-31T16:18:44,krios18@hotmail.com,1,4250.00,4250.00,PE,Lima,LIM,
"BRAYAN ALDAIR GARCÍA HUAMAN","brayan aldair.garcia huaman",2023-10-31T00:00:00,2023-10-19T21:43:32,aldair9808@hotmail.com,1,45.00,45.00,PE,Carabayllo,LIM,
"Raisa Hidalgo",raisa.hidalgo,2023-10-30T17:22:46,2023-10-30T12:22:45,raisahidalgopasco@hotmail.com,1,2850.00,2850.00,PE,Lima,LIM,
"Elke Reinoso Eguiguren","elke.reinoso eguiguren",2023-10-30T11:34:44,2023-10-30T06:34:43,elke.reinoso@gmail.com,1,3980.00,3980.00,PE,Lima,LMA,
"Alex Mori Montoya","alex.mori montoya-7648",2023-10-30T00:00:00,2023-10-19T11:57:07,alexmori81@gmail.com,2,345.00,172.50,PE,"Av. Canto grande 101",LMA,
"Gabriela Arana",gabriela.arana,2023-10-30T00:00:00,2023-10-29T13:16:14,gabyescalantearana@gmail.com,1,1750.00,1750.00,PE,LIMA,LMA,
"Juan Velasquez jara","juan.velasquez jara",2023-10-28T17:03:26,2023-10-28T12:03:26,juanfrankvj11@gmail.com,1,45.00,45.00,PE,Ilo,MOQ,
"David Casique",david.casique,2023-10-28T00:29:18,2023-10-27T19:29:17,mrdavcas@gmail.com,1,1750.00,1750.00,PE,Bellavista,CAL,
"Giancarlo Pinillos Larrea","giancarlo.pinillos larrea",2023-10-28T00:00:00,2023-10-27T12:23:09,giankpinillos1706@gmail.com,1,2850.00,2850.00,PE,"San Borja",LMA,
"Juana del Rosario Olortegui Romero","juana del rosario.olortegui romero",2023-10-27T01:04:59,2023-10-26T20:04:58,annieross86@gmail.com,1,3800.00,3800.00,PE,Huacho,LIM,
"Giovanna Dávila",giovanna.davila,2023-10-26T22:41:46,2023-07-25T11:06:12,dagiodasol@gmail.com,2,195.00,97.50,PE,"Villa María del triunfo (San Francisco tablada de Lurín)",LIM,
"George Meylin Del Castillo Abanto","george meylin.del castillo abanto",2023-10-24T00:00:00,2023-10-22T17:01:43,georgebam12@gmail.com,1,5900.00,5900.00,PE,"Callería, Yarinacocha",UCA,
"yuanbin liu",yuanbin.liu,2023-10-23T19:36:54,2023-10-21T21:17:36,daxiang4444@gmail.com,2,310.00,155.00,PE,sullana,PIU,
"Erick Gerson Mori Camacho","erick gerson.mori camacho",2023-10-23T14:28:16,2023-10-23T09:28:15,erick.mori2893@gmail.com,1,3400.00,3400.00,PE,Lima,LIM,
"Konny Heinsohn Chavez","konny.heinsohn chavez",2023-10-23T00:00:00,2023-10-18T15:38:56,konny.heinsohn.ch@gmail.com,1,2850.00,2850.00,PE,Lima,LIM,
"Noelia Delgado rivera","noelia.delgado rivera",2023-10-22T16:42:38,2023-10-22T11:42:37,delgadonoelia522@gmail.com,1,140.00,140.00,PE,Iquitos,LOR,
"wilver raul saavedra vela","wilver raul.saavedra vela",2023-10-21T17:41:19,2023-10-21T12:41:18,raulsave4@hotmail.com,1,500.00,500.00,PE,"pueblo libre",LIM,
"José Perez China","jose.perez china",2023-10-21T00:00:00,2023-07-04T16:15:50,jos.perez.chipana@gmail.com,3,465.00,155.00,PE,"San Miguel",LIM,
"Alfredo Alberto Zegarra morales","alfredo alberto.zegarra morales",2023-10-17T21:36:59,2023-10-17T16:36:58,albertzeta06@gmail.com,1,875.00,875.00,PE,Jauja,JUN,
"JOSE FERNANDO PUERTA LINAREZ","jose fernando.puerta linarez",2023-10-17T17:05:57,2023-10-17T12:05:56,fernando0703@live.com,1,40.00,40.00,PE,"JESUS MARIA",LIM,
"Karen Izurraga Sulca","karen.izurraga sulca",2023-10-16T03:20:59,2023-10-15T22:20:58,kizurraga@gmail.com,1,9500.00,9500.00,PE,Lima,LIM,
"Hugo Roman",hugo.roman,2023-10-16T00:00:00,2023-10-15T10:48:20,fernando12131d@gmail.com,1,180.00,180.00,PE,Lima,LIM,
"Yovana Garro Bazan","yovana.garro bazan",2023-10-15T00:00:00,2023-10-12T16:58:53,gt.robertinho@gmail.com,1,1850.00,1850.00,PE,"Los Olivos",LIM,
"John Doe",john.doe,2023-10-14T06:48:42,2023-10-14T01:48:41,lkrzxfqpyqmarsmujh@ckptr.com,1,4000.00,4000.00,PE,Csds,HUV,
"Sharon Molina Rodríguez","sharon.molina rodriguez",2023-10-11T03:05:53,2023-10-10T22:05:52,shmolinar@gmail.com,1,2800.00,2800.00,PE,Lima,LIM,
"Andy Balza",andy.balza,2023-10-11T00:00:00,2023-10-08T11:12:36,andypantoja1991@gmail.com,1,85.00,85.00,PE,Lima,LIM,
"katherine morales",katherine.morales,2023-10-10T23:04:25,2023-10-10T18:04:24,kmoralessutta@gmail.com,1,500.00,500.00,PE,ica,ICA,
"hector eduardo vildoso correa","hector eduardo.vildoso correa",2023-10-10T18:10:41,2023-10-10T13:10:39,hectorvc510@gmail.com,1,50.00,50.00,PE,Tacna,TAC,
"Kentaro Gerardo Garcilazo Vizarreta","kentaro gerardo.garcilazo vizarreta",2023-10-09T00:00:00,2023-10-06T19:15:10,kentarogarcilazo@gmail.com,1,3200.00,3200.00,PE,Lima,LMA,
"Nicolle Marie Alburquerque Polack","nicolle marie.alburquerque polack",2023-10-07T22:11:00,2023-10-07T17:10:59,Marienicolle159@gmail.com,1,3450.00,3450.00,PE,Bellavista,CAL,
"Sylvia Vasquez",sylvia.vasquez,2023-10-07T11:48:14,2023-07-25T00:06:20,s.vasquez15@hotmail.com,2,300.00,150.00,PE,Lima,LIM,
"Miriam Milagros Mitma Enciso","miriam milagros.mitma enciso",2023-10-07T00:00:00,2023-01-27T16:32:15,mmitmae@gmail.com,2,2280.00,1140.00,PE,Lima,LIM,
"Meliza Murga Gaspar","meliza.murga gaspar",2023-10-05T22:43:27,2022-08-25T20:15:48,melizamurga04@gmail.com,2,1715.00,857.50,PE,Lima,LIM,
"Estefany del Pilar Cruz Coro","estefany del pilar.cruz coro",2023-10-03T17:00:56,2023-10-03T12:00:55,estefany.001@gmail.com,1,2200.00,2200.00,PE,Lima,LIM,
"Erika Fiorella Correa Garcia","erika fiorella.correa garcia",2023-10-02T04:02:07,2023-10-01T23:02:06,efio.def@gmail.com,1,310.00,310.00,PE,Comas,LIM,
"Martha Del castillo","martha.del castillo",2023-10-02T00:00:00,2023-09-28T20:45:30,caxidas@gmail.com,1,2974.00,2974.00,PE,Urubamba,CUS,
"Wilson Inga condori","wilson.inga condori",2023-10-01T00:00:00,2023-09-17T16:56:38,wilsoningacondori@gmail.com,1,5500.00,5500.00,PE,Huacho,LOR,
"victor garcia bazan","victor.garcia bazan",2023-09-30T18:16:57,2023-09-30T13:16:56,cafecitopues@gmail.com,1,150.00,150.00,PE,lima,LIM,
"María cinthya Huaman cruz","maria cinthya.huaman cruz",2023-09-30T00:00:00,2023-09-27T12:30:22,mariacinthyagra@gmail.com,1,150.00,150.00,PE,"Tingo María",HUC,
"Mirian Capcha Aquino","mirian.capcha aquino",2023-09-30T00:00:00,2023-09-30T14:34:14,03miriancapchaaquino@gmail.com,1,1999.00,1999.00,PE,"Chorrillos - Lima",LIM,
"Kevin Valverde Macedo","kevin.valverde macedo",2023-09-28T19:38:53,2023-09-28T14:38:52,jaaa.codigo@gmail.com,1,90.00,90.00,PE,"El Agustino - Barrios altos",LIM,
"Katia Paola Leiva Paredes","katia paola.leiva paredes",2023-09-28T00:00:00,2023-09-18T15:13:23,kata753@hotmail.com,1,3750.00,3750.00,PE,Huacho,LIM,
"Olga Modesta Ccama Supo","olga modesta.ccama supo",2023-09-28T00:00:00,2023-09-25T14:09:12,solymar_0218@hotmail.com,1,1999.00,1999.00,PE,Tacna,TAC,
"Kassandra Roman Paredes","kassandra.roman paredes",2023-09-27T16:28:02,2023-09-27T11:28:01,kassandrarparedes26@gmail.com,1,1999.00,1999.00,PE,Lima,LIM,
"Yennifer Alexandra Palacios Gutiérrez","yennifer alexandra.palacios gutierrez",2023-09-27T15:54:43,2023-09-27T10:54:42,elenagutierrez06@hotmail.com,1,3800.00,3800.00,PE,Lima,LIM,
"Giulliana Cecilia Cuadrado Raffo","giulliana cecilia.cuadrado raffo",2023-09-27T11:27:29,2023-09-27T06:27:28,gccr_92@hotmail.com,1,150.00,150.00,PE,"San Miguel",LIM,
"LOURDES LOZADA VALDIIA","lourdes.lozada valdiia",2023-09-27T00:00:00,2023-09-16T14:47:46,KEYPLEL@HOTMAIL.COM,1,2550.00,2550.00,PE,Lima,LIM,
"Erik Sulca Rios","erik.sulca rios",2023-09-25T19:14:58,2022-10-03T08:47:19,erikoliversulcarios@gmail.com,2,3715.00,1857.50,PE,Callao,CAL,
"Pedro Alejandro Moreno Sotomayor","pedro alejandro.moreno sotomayor",2023-09-24T04:58:09,2023-09-23T23:58:09,pmorenosoto@gmail.com,1,2899.00,2899.00,PE,Lima,LIM,
"LLUBITZA TOLEDO LUKSIC","llubitza.toledo luksic",2023-09-23T18:58:24,2023-09-23T13:58:23,LLUBITZA12@HOTMAIL.COM,1,1650.00,1650.00,PE,LIMA,LIM,
"Alexander Francisco Tirado Gil","alexander francisco.tirado gil",2023-09-23T17:11:24,2023-09-23T12:11:23,tiradogilalexander@gmail.com,1,5500.00,5500.00,PE,Trujillo,LAL,
"Dario Guevara",dario.guevara,2023-09-23T00:00:00,2023-09-22T13:50:56,gvdario99@gmail.com,1,1499.00,1499.00,PE,Lima,LMA,
"Jorge luis Ruiz cruz","jorge luis.ruiz cruz",2023-09-22T16:15:32,2023-09-22T11:15:31,jluisr_19@hotmail.com,1,155.00,155.00,PE,Lima,LMA,
"Magaly Cordova Paz","magaly.cordova paz",2023-09-22T00:00:00,2023-09-11T12:16:31,cordova.magaly@gmail.com,1,120.00,120.00,PE,"San Miguel",LMA,
"Adriana Vinces Ayala","adriana.vinces ayala",2023-09-20T18:31:12,2023-09-20T13:31:11,adrianavinces29@gmail.com,1,1999.00,1999.00,PE,Lima,LIM,
"Katia Leiva Paredes","katia.leiva paredes",2023-09-20T17:40:26,2023-09-20T12:40:26,kata7534@hotmail.com,1,3650.00,3650.00,PE,Huacho,LIM,
"lady teresa aguilar laines","lady teresa.aguilar laines",2023-09-20T16:08:32,2023-09-20T11:08:31,ladyaguilarlaines@gmail.com,1,2799.00,2799.00,PE,chorrillos,LIM,
"Jean Carlos Hernández","jean carlos.hernandez",2023-09-20T00:00:00,2023-09-19T18:54:27,jeancarloshernandez120112@gmail.com,1,150.00,150.00,PE,"San Juan de Miraflores",LMA,
"Pamela Alvarado",pamela.alvarado,2023-09-19T14:52:56,2023-09-19T09:52:55,pamela@gammapost.pe,1,85.00,85.00,PE,lima,LIM,
"roberto enrique vera quispe","roberto enrique.vera quispe",2023-09-19T01:31:54,2023-09-18T20:31:53,robertoveraquispe100681@gmail.com,1,60.00,60.00,PE,"los olivos",LIM,
"JONATHAN CHUICA",jonathan.chuica,2023-09-19T00:00:00,2023-09-15T07:57:48,jchuicaz@yahoo.es,1,2899.00,2899.00,PE,CHULUCANAS,PIU,
"Edgard Ruben Ledesma Cobeñas","edgard ruben.ledesma cobenas",2023-09-19T00:00:00,2023-09-11T13:25:29,ledesma_1707@hotmail.com,1,1600.00,1600.00,PE,Lima,LIM,
"Zabdi López Calderón","zabdi.lopez calderon",2023-09-19T00:00:00,2023-09-09T21:27:24,zabdi100716@gmail.com,1,100.00,100.00,PE,"Lurigancho Chosica",LIM,
"Ivan Antonio Altamirano Truyenque","ivan antonio.altamirano truyenque",2023-09-18T20:27:32,2023-09-18T15:27:31,ialtamiranot@hotmail.com,1,40.00,40.00,PE,Lima,LIM,
"Hillary Echevarria",hillary.echevarria,2023-09-18T00:00:00,2023-09-17T13:23:01,arantxa29@outlook.com,1,2799.00,2799.00,PE,"SAN ISIDRO",LIM,
"Jeremi Aguirre Diaz","jeremi.aguirre diaz",2023-09-18T00:00:00,2023-09-17T15:53:16,jeremiaguirre097@gmail.com,1,2899.00,2899.00,PE,Callao,CAL,
"Narda Valdez fuentes","narda.valdez fuentes",2023-09-17T20:06:08,2023-09-17T15:06:07,nardavaldezfuentes@outlook.com,1,20.00,20.00,PE,Lima,LMA,
"jose astete",jose.astete,2023-09-17T00:00:00,2023-09-16T11:58:11,joseasteteinfantes@gmail.com,1,930.00,930.00,PE,"los olivos lima",LIM,
"Misha Flores",misha.flores,2023-09-15T17:27:39,2023-09-15T12:27:38,astrycarmin@hotmail.com,1,1999.00,1999.00,PE,Trujillo,LAL,
"Edison Jose Vigo Caceres","edison jose.vigo caceres",2023-09-15T15:20:11,2023-09-15T10:20:11,dedicado483@gmail.com,1,775.00,775.00,PE,Piura,PIU,
"Brunella Xiomara Salinas Hernández","brunella xiomara.salinas hernandez",2023-09-15T00:00:00,2023-09-11T10:36:50,brunella04.05@gmail.com,1,1600.00,1600.00,PE,"La Perla",LIM,
"fgdfg dfg",fgdfg.dfg,2023-09-14T03:15:52,2023-09-13T22:15:51,dfg@gmail.com,1,5798.00,5798.00,PE,dfg,LMA,
"Yomira kimberly Echegaray pcora","yomira kimberly.echegaray pcora",2023-09-13T22:22:14,2023-09-13T17:22:13,yumipacora@gmail.com,1,50.00,50.00,PE,"San Miguel",LIM,
"Miguel Segura",miguel.segura,2023-09-11T17:11:21,2023-09-11T12:11:20,miguelangelseguracasas@gmail.com,1,3850.00,3850.00,PE,Lima,LIM,
"Leonardo Gonzales castillo","leonardo.gonzales castillo",2023-09-11T14:57:50,2023-09-11T09:57:49,leogonzalesc@hotmail.com,1,930.00,930.00,PE,Breña,LIM,
"marcelo robles",marcelo.robles,2023-09-11T00:00:00,2023-09-09T09:56:04,marcelora202022@gmail.com,1,1600.00,1600.00,PE,lima,LIM,
"Geraldine Moraima Teresa Uceda Fernández","geraldine moraima teresa.uceda fernandez",2023-09-08T16:37:25,2023-09-08T11:37:24,ucedafg@gmail.com,1,2550.00,2550.00,PE,Trujillo,LAL,
,administrazione,2023-09-08T00:00:00,2023-09-07T21:11:23,administrazione@glperu.com,0,0.00,0.00,,,,
,redazione,2023-09-08T00:00:00,2023-09-07T19:58:59,redazione@glperu.com,0,0.00,0.00,,,,
,editor,2023-09-08T00:00:00,2023-09-07T19:22:59,editor@glperu.com,0,0.00,0.00,,,,
,admin-2166,2023-09-08T00:00:00,2023-07-20T12:36:21,admin@gmail.com,0,0.00,0.00,,,,
,wordpress,2023-09-08T00:00:00,2023-09-07T20:08:07,wordpress@glperu.com,0,0.00,0.00,,,,
,webmaster,2023-09-08T00:00:00,2023-09-07T19:40:13,webmaster@glperu.com,0,0.00,0.00,,,,
,mnarcisoglperu-com,2023-09-08T00:00:00,2023-07-20T12:38:04,mnarcisoglperu-com@glperu.com,0,0.00,0.00,,,,
,greenlinemotogmail-com,2023-09-08T00:00:00,2023-07-20T12:36:36,greenlinemotogmail-com@glperu.com,0,0.00,0.00,,,,
,glperu.com-7926,2023-09-08T00:00:00,2023-09-07T20:47:06,contact@glperu.com,0,0.00,0.00,,,,
,glperucom,2023-09-08T00:00:00,2023-07-20T12:39:02,glperucom@gmail.com,0,0.00,0.00,,,,
,support,2023-09-08T00:00:00,2023-09-07T19:49:32,support@glperu.com,0,0.00,0.00,,,,
,mnarcisoglperu-com-3211,2023-09-08T00:00:00,2023-07-20T12:38:19,mnarcisoglperu-com@gmail.com,0,0.00,0.00,,,,
,greenlinemotogmail-com-6343,2023-09-08T00:00:00,2023-07-20T12:36:51,greenlinemotogmail-com@gmail.com,0,0.00,0.00,,,,
,abuse,2023-09-08T00:00:00,2023-07-20T12:35:52,abuse@godaddy.com,0,0.00,0.00,,,,
,admin,2023-09-07T00:00:00,2023-05-24T12:57:22,admin@glperu.com,0,0.00,0.00,,,,
,mnarciso-8849,2023-09-07T00:00:00,2023-07-20T12:37:19,mnarciso@gmail.com,0,0.00,0.00,,,,
"Juan Quinteros coronado","juan.quinteros coronado",2023-09-07T00:00:00,2023-09-07T12:06:33,juan27n11@gmail.com,1,20.00,20.00,PE,Lima,LMA,
,glperu,2023-09-07T00:00:00,2023-07-20T12:38:48,glperu@gmail.com,0,0.00,0.00,,,,
,glperu.com-4958,2023-09-07T00:00:00,2023-09-07T17:49:25,sales@glperu.com,0,0.00,0.00,,,,
,glperu.com,2023-09-07T00:00:00,2023-05-24T12:57:11,info@glperu.com,0,0.00,0.00,,,,
,segreteria,2023-09-07T00:00:00,2023-09-07T18:16:24,segreteria@glperu.com,0,0.00,0.00,,,,
"IVAN COSSER ALEMAN","ivan.cosser aleman",2023-09-07T00:00:00,2023-09-06T18:50:13,ivancosser@gmail.com,1,175.00,175.00,PE,"surco / Lima",LIM,
"Mayra Alejandra Sangama Chávez","mayra alejandra.sangama chavez",2023-09-06T14:36:21,2023-09-06T09:36:21,sangamachavezmayra22@gmail.com,1,1050.00,1050.00,PE,Lima,CAL,
"Pilar Camayo",pilar.camayo,2023-09-06T03:37:27,2023-09-05T22:37:26,pilar.alejandra310@gmail.com,1,175.00,175.00,PE,Lima,LIM,
,spielberg,2023-09-06T00:00:00,2023-09-06T10:28:20,spielberg@main.com,0,0.00,0.00,,,,
"Israel De la fuente chavez cueva","israel.de la fuente chavez cueva",2023-09-06T00:00:00,2023-09-05T11:39:55,israeldelafuentechavez@hotmail.com,3,5730.00,1910.00,PE,Callao,CAL,
"engelberth allan paredes valero","engelberth allan.paredes valero",2023-09-06T00:00:00,2023-08-29T14:07:51,allanparedes90@gmail.com,1,95.00,95.00,PE,"pueblo libre",LIM,
"Osmar Paz Tencco","osmar.paz tencco",2023-09-05T23:50:54,2023-09-05T18:50:54,opaztencco@gmail.com,1,150.00,150.00,PE,"Santiago de Surco",LMA,
"Cristhian Tasayco",cristhian.tasayco,2023-09-05T15:16:04,2023-09-05T10:16:03,c.tasayco2401@gmail.com,1,50.00,50.00,PE,Rimac,LMA,
,fjohmgic,2023-09-04T00:00:00,2023-09-04T14:22:17,fjohmgic@star.com,0,0.00,0.00,,,,
"LILIAN SCHIAPPA-PIETRA NIETO","lilian.schiappa-pietra nieto",2023-09-04T00:00:00,2023-08-28T00:02:44,lilianschiappa@gmail.com,1,1600.00,1600.00,PE,LIMA,LIM,
"Tawny Rachedan",tawny.rachedan,2023-09-03T20:18:52,2023-09-03T15:18:51,tawnymarielarachedan@gmail.com,1,1600.00,1600.00,PE,Comas,LIM,
"Javier Palpa Sauñe","javier.palpa saune",2023-09-03T01:35:01,2023-09-02T20:29:29,javier.palpa@hotmail.com,2,4600.00,2300.00,PE,"La victoria",LIM,
,nmrimndq,2023-09-03T00:00:00,2023-09-03T08:29:32,nmrimndq@car.com,0,0.00,0.00,,,,
"Kamila Quiroz Chuquizana","kamila.quiroz chuquizana",2023-09-03T00:00:00,2023-09-02T17:03:29,kamilaqch1105@gmail.com,1,120.00,120.00,PE,"Magdalena del Mar",LMA,
"Ivan Lujna",ivan.lujna,2023-09-02T21:24:10,2023-09-02T16:24:10,ivanlujan1630@gmail.com,1,150.00,150.00,PE,Salamanca,LIM,
,nombre,2023-09-02T00:00:00,2023-09-02T11:54:04,nombre@email.com,0,0.00,0.00,,,,
"Piero Perez Salazar","piero.perez salazar",2023-09-01T14:21:39,2023-09-01T09:21:38,piero21pns@gmail.com,1,1600.00,1600.00,PE,Lima,LMA,
"Juanci Castillo",juanci.castillo,2023-09-01T00:00:00,2023-06-15T16:06:29,juancarloscastillo839@gmail.com,1,45.00,45.00,PE,Callao,CAL,
,snyadruj,2023-09-01T00:00:00,2023-09-01T16:59:15,snyadruj@demo.com,0,0.00,0.00,,,,
"Gandhi Abanto Polo","gandhi.abanto polo",2023-08-31T15:37:00,2023-08-31T10:36:59,skriterpsnose@gmail.com,1,40.00,40.00,PE,"San Marcos",CAJ,
"Mijail Milko Galvan Samaniego","mijail milko.galvan samaniego",2023-08-31T13:07:01,2023-08-31T08:07:00,isamu125@hotmail.com,1,175.00,175.00,PE,Lima,CAL,
"Nolfita Raquel Ramírez Cordova","nolfita raquel.ramirez cordova",2023-08-30T10:23:24,2023-08-30T05:23:23,raquel0002.27@gmail.com,1,140.00,140.00,PE,Lima,LIM,
"KARINA YOSELINE GONZALES BASILIO","karina yoseline.gonzales basilio",2023-08-30T02:28:58,2023-08-29T21:28:57,karina-gonzaleskg@hotmail.com,1,5200.00,5200.00,PE,Lima,LIM,
"Aldana Pachas",aldana.pachas,2023-08-30T00:00:00,2023-08-16T11:23:51,aldana_ppolo@hotmail.com,1,4400.00,4400.00,PE,Lima,LMA,
"Manuel Angel Agurto varillas","manuel angel.agurto varillas",2023-08-30T00:00:00,2023-08-21T11:10:24,Magurtovarillas@gmail.com,1,60.00,60.00,PE,Lima,LIM,
"Daniella Rodriguez",daniella.rodriguez,2023-08-29T21:00:47,2023-08-29T16:00:46,daniellaorodriguez@gmail.com,1,3300.00,3300.00,PE,Lima,LIM,
"Fernanda Chu Silva","fernanda.chu silva",2023-08-28T18:48:34,2023-08-28T13:48:33,fernanda150821@gmail.com,1,3350.00,3350.00,PE,Piura,PIU,
"Jhenry Mantilla requelme","jhenry.mantilla requelme",2023-08-28T00:00:00,2023-08-22T16:08:26,Jhenrymr.20@hotmail.com,1,125.00,125.00,PE,Lima,LIM,
,huiwunjs,2023-08-27T00:00:00,2023-08-27T08:05:09,huiwunjs@mail.com,0,0.00,0.00,,,,
"Edgar Garcia",edgar.garcia,2023-08-26T15:31:54,2023-08-26T10:31:54,edgarciaquino1975@gmail.com,1,500.00,500.00,PE,Lima,LIM,
"Joaquin Yturria",joaquin.yturria,2023-08-26T01:58:38,2023-08-25T20:58:37,ryva.music@gmail.com,1,4000.00,4000.00,PE,lima,LIM,
"Wilmer montano",wilmer.montano,2023-08-24T17:05:02,2023-08-24T12:05:01,grandesinversionistas@gmail.com,1,1600.00,1600.00,PE,VWRV,LAL,
"JAQUELINE HUINCHO AGUILAR","jaqueline.huincho aguilar",2023-08-23T15:06:48,2023-08-23T10:06:48,jaqueline.huincho@gmail.com,1,140.00,140.00,PE,LIMA,LIM,
"Olenka Natorre Garcia","olenka.natorre garcia",2023-08-23T02:33:14,2023-08-22T21:33:13,natorreolenka@gmail.com,1,1850.00,1850.00,PE,Lima,LIM,
"Alessandra Torres Falcón","alessandra.torres falcon",2023-08-23T00:00:00,2023-08-23T11:00:51,ale.torresfalcon@gmail.com,1,100.00,100.00,PE,Lima,LIM,
"Giuliana Canelo",giuliana.canelo,2023-08-22T18:16:49,2023-08-22T13:16:49,gcanelo@modakukuli.com,1,3300.00,3300.00,PE,LIMA,LIM,
"Anthony Sánchez Morales","anthony.sanchez morales",2023-08-22T00:00:00,2023-08-20T01:37:04,theprincearkangel@gmail.com,1,140.00,140.00,PE,"Sarita Colonia",CAL,
"Renato Mathey",renato.mathey,2023-08-22T00:00:00,2023-08-18T14:33:36,renatomathey@gmail.com,1,40.00,40.00,PE,Lima,CAL,
"Geraldine Mirella Ibarra Palacios","geraldine mirella.ibarra palacios",2023-08-21T23:06:59,2023-08-21T18:06:58,wilfredo.nv86@gmail.com,1,3350.00,3350.00,PE,Lima,LIM,
,glperu.com-9748,2023-08-21T00:00:00,2023-07-20T12:38:33,glperu.com@gmail.com,0,0.00,0.00,,,,
"Guadalupe Rosario Taquiri Zacarías","guadalupe rosario.taquiri zacarias",2023-08-19T10:10:33,2023-08-19T05:10:32,taquiriguadalupe@gmail.com,1,5600.00,5600.00,PE,"San Juan De LURIGANCHO",LMA,
"Kiara Janice Espinoza Diaz","kiara janice.espinoza diaz",2023-08-19T03:21:04,2023-08-08T23:06:08,kiaraespinozadiaz@gmail.com,3,720.00,240.00,PE,Chiclayo,LAM,
"Pepe Juan",pepe.juan,2023-08-19T02:39:15,2023-08-18T21:39:14,gkdb@hotmail.com,1,3850.00,3850.00,PE,Lima,LIM,
"amelia eche morales","amelia.eche morales",2023-08-18T00:00:00,2023-08-18T16:40:11,ameliad1998@hotmail.com,1,220.00,220.00,PE,lima,LIM,
"Hugo Olívera Delgado","hugo.olivera delgado",2023-08-17T16:49:20,2023-08-17T11:49:20,infiere1@gmail.com,1,3850.00,3850.00,PE,Lima,LIM,
"Jose Alexander Vargas Paredes","jose alexander.vargas paredes",2023-08-17T00:00:00,2023-08-14T17:35:31,jose.vargas270982@gmail.com,2,9800.00,4900.00,PE,Lima,LIM,
"Lorenzo Chai Marca","lorenzo.chai marca",2023-08-16T17:52:06,2023-08-16T12:52:05,lorenzochaimarca@gmail.com,1,1600.00,1600.00,PE,lima,LIM,
"kiara dorich",kiara.dorich,2023-08-16T17:07:13,2023-08-16T12:07:12,kiaradorich1@gmail.com,1,140.00,140.00,PE,lima,LIM,
"Eva Lizeth Leyva Vasquez","eva lizeth.leyva vasquez",2023-08-14T14:49:23,2023-08-14T09:49:22,eva259466@gmail.com,1,50.00,50.00,PE,"Santa Anita",LMA,
"Pedro nicholas Aguilar Sánchez","pedro nicholas.aguilar sanchez",2023-08-14T00:00:00,2023-08-11T19:29:12,pa369194@gmail.com,1,4000.00,4000.00,PE,Nepeña,ANC,
"Gerardo Rodríguez cruz","gerardo.rodriguez cruz",2023-08-12T20:17:46,2023-08-12T15:17:45,rodriguezcruzgerardo86@gmail.com,1,4000.00,4000.00,PE,Chiclayo,LAM,
"Edith Vanessa Silva Tamariz de Cardenas","edith vanessa.silva tamariz de cardenas",2023-08-12T14:07:42,2023-08-12T09:07:42,evst.edita@gmail.com,1,3350.00,3350.00,PE,Lima,LMA,
"Ervin David Zegarra Quispe","ervin david.zegarra quispe",2023-08-12T00:00:00,2023-08-06T16:34:31,ervindavidz@gmail.com,1,3350.00,3350.00,PE,chorrillos,LIM,
"Nicolas Rabanal",nicolas.rabanal,2023-08-12T00:00:00,2023-08-11T15:54:00,nicolas19012008@gmail.com,1,620.00,620.00,PE,"El agustino",LIM,
"NILDA GRETA DEL ROSARIO SARMIENTO PALOMINO","nilda greta del rosario.sarmiento palomino",2023-08-11T21:10:41,2023-08-11T16:10:39,nildasarmientopalomino@gmail.com,1,3300.00,3300.00,PE,nasca,ICA,
"Alexandra Nicole Gonzales Huarniz","alexandra nicole.gonzales huarniz",2023-08-11T00:00:00,2023-07-31T20:49:52,alexandra.gonzales.h@gmail.com,1,50.00,50.00,PE,Magdalena,LIM,
"Andrea Carolina Cordero Miranda","andrea carolina.cordero miranda",2023-08-11T00:00:00,2023-07-29T18:38:31,ancormi.24@gmail.com,1,120.00,120.00,PE,Lima,LIM,
"Abel Febres",abel.febres,2023-08-10T15:40:39,2023-08-10T10:40:38,abel.febres@gmail.com,1,1850.00,1850.00,PE,Lima,LIM,
"Eduardo Llanos Cruz","eduardo.llanos cruz",2023-08-09T01:19:51,2023-08-08T20:19:50,edu15hu6@hotmail.com,1,2300.00,2300.00,PE,Lima,LIM,
"Maria Angelica Ninasaume Trujillo","maria angelica.ninasaume trujillo",2023-08-09T00:00:00,2023-08-01T22:35:46,angelica.ninasaume@gmail.com,1,150.00,150.00,PE,Lima,LIM,
"Brenda vargas",brenda.vargas,2023-08-08T03:55:32,2023-08-07T22:55:31,brenvm13@gmail.com,1,1600.00,1600.00,PE,"San Juan de Lurigancho",LMA,
"Kevin León",kevin.leon,2023-08-08T00:00:00,2023-08-07T09:41:51,esle.unt@gmail.com,1,4000.00,4000.00,PE,Trujillo,LAL,
"KATHERINE ANAIS ROJAS CHOQUEHUANCA","katherine anais.rojas choquehuanca",2023-08-08T00:00:00,2023-08-07T14:40:41,xkattydx@gmail.com,1,3850.00,3850.00,PE,"Villa Maria",LMA,
"jose luis contreras","jose luis.contreras",2023-08-07T00:00:00,2023-07-28T13:02:13,jl_twoc@hotmail.com,2,6400.00,3200.00,PE,LIMA,LIM,
"Claudia Ruiz",claudia.ruiz,2023-08-07T00:00:00,2023-08-04T12:52:15,Clauruizb@gmail.com,1,175.00,175.00,PE,Lima,LIM,
"Cristopher Alexander Flores Hernandez","cristopher alexander.flores hernandez",2023-08-06T14:38:35,2023-08-06T09:38:34,kayserFlores@gmail.com,1,3300.00,3300.00,PE,Iquitos,LOR,
"Zoila Ramirez Horna","zoila.ramirez horna",2023-08-05T21:42:05,2023-08-05T16:42:04,sesilia_8@hotmail.com,1,50.00,50.00,PE,Lima,LIM,
"Slavek stefan Turecky frail","slavek stefan.turecky frail",2023-08-05T00:00:00,2023-07-30T08:26:17,steveteachernow@hotmail.com,1,50.00,50.00,PE,Lima,LIM,
"Anthony Brayam Centurión Montenegro","anthony brayam.centurion montenegro",2023-08-04T17:15:37,2023-08-04T12:15:37,tigreacuario123@gmail.com,1,4250.00,4250.00,PE,Trujillo,LAL,
"Sebastian Matias Guzman Figueroa","sebastian matias.guzman figueroa",2023-08-04T04:05:57,2023-08-03T23:05:55,seguz181104@gmail.com,1,1850.00,1850.00,PE,Lima,LIM,
"Ivan parco",ivan.parco,2023-08-04T00:00:00,2023-08-02T18:32:22,ivanhuertaparco@gmail.com,1,90.00,90.00,PE,"Jose Leonardo Ortiz",LAM,
"Cristhian antoni Terrones fiestas","cristhian antoni.terrones fiestas",2023-08-02T04:21:26,2023-08-01T23:21:25,cristhiananatoniterronesgiestas@gmail.com,1,6200.00,6200.00,PE,Lima,LMA,
"Mathias Leoncion Heredia Peña","mathias leoncion.heredia pena",2023-07-31T00:00:00,2023-07-27T17:46:18,tyma.hp15@gmail.com,1,140.00,140.00,PE,Lima,LIM,
"Yenit León Santiago","yenit.leon santiago",2023-07-30T01:51:46,2023-07-29T20:51:44,yenit_44@hotmail.com,1,2300.00,2300.00,PE,"La victoria",LIM,
"Joseph Arbildo",joseph.arbildo,2023-07-29T00:00:00,2023-07-25T21:04:52,jarbildo67@gmail.com,1,150.00,150.00,PE,Chorrillos,LIM,
"sdsdsd sdsd",sdsdsd.sdsd,2023-07-28T07:03:00,2023-07-28T02:02:58,fdfd@tara.com,1,4400.00,4400.00,PE,lima,CAL,
"Marlene Alejandra Alpaca aguilar","marlene alejandra.alpaca aguilar",2023-07-27T15:24:25,2023-07-27T10:24:24,marlene.alpaca@gmail.com,1,15.00,15.00,PE,Lima,LMA,
"Johanna Portuguez",johanna.portuguez,2023-07-27T01:06:12,2023-07-26T20:06:11,johannaportuguez98@gmail.com,1,3200.00,3200.00,PE,Lurin,LIM,
"Gustavo Varela Peña","gustavo.varela pena",2023-07-27T00:00:00,2023-07-22T16:30:40,gustavovarela3192@gmail.com,1,3200.00,3200.00,PE,Lima,LMA,
"Paul Maldonado",paul.maldonado,2023-07-26T00:00:00,2023-07-24T21:08:10,paulfernandomaldonado@gmail.com,1,5100.00,5100.00,PE,huancayo,JUN,
"Omar Grados",omar.grados,2023-07-24T20:39:22,2023-07-24T15:39:21,Omargradoslarosa03@gmail.com,1,775.00,775.00,PE,Lima,LIM,
"Pedro Alfaro Cárdenas","pedro.alfaro cardenas",2023-07-24T18:54:22,2023-07-24T13:54:20,pedro.alfaro.cardenas@gmail.com,1,150.00,150.00,PE,Lima,LIM,
"JHONY Jhony Ramírez","jhony.jhony ramirez",2023-07-24T00:00:00,2023-07-23T18:51:02,efrain_ramirez3017@hotmail.com,1,6200.00,6200.00,PE,Bagua,AMA,
"Marcelo Imanol Urbina Díaz","marcelo imanol.urbina diaz",2023-07-23T23:16:13,2023-07-23T18:16:12,marcelourbina009@gmail.com,1,4150.00,4150.00,PE,1,LIM,
"Roberto Gonzalez",roberto.gonzalez,2023-07-23T22:08:27,2023-07-23T16:18:57,robertlgoan1302@gmail.com,2,4750.00,2375.00,PE,Arequipa,ARE,
"Jorge Candela huamalies","jorge.candela huamalies",2023-07-21T20:46:02,2023-07-21T15:46:01,nesartking@gmail.com,1,105.00,105.00,PE,"San Luis",LIM,
"KAROLAAN CORNELIO",karolaan.cornelio,2023-07-19T18:38:58,2023-07-19T13:38:57,karolaan.cornelio@gmail.com,1,1050.00,1050.00,PE,Lima,LIM,
"Alderson wladimir Perez altuve","alderson wladimir.perez altuve",2023-07-19T00:00:00,2023-05-24T21:12:16,aldenelperez@gmail.com,1,775.00,775.00,PE,"26 de octubre san jose",PIU,
"Sebastian Manuel Llanos Helguero","sebastian manuel.llanos helguero",2023-07-18T21:19:31,2023-07-18T16:19:30,shelgueropiaggio@gmail.com,1,1600.00,1600.00,PE,Lince,LIM,
"Melissa Nores Huallpacuna","melissa.nores huallpacuna",2023-07-18T21:06:34,2023-07-18T16:06:33,melissanores4@gmail.com,1,1900.00,1900.00,PE,Lima,LIM,
"Pierres Arteaga Esqueche","pierres.arteaga esqueche",2023-07-18T00:00:00,2023-07-17T17:50:25,pierrearteaga@gmail.com,1,4150.00,4150.00,PE,Chimbote,ANC,
"Luis Arana",luis.arana,2023-07-15T20:52:54,2023-07-15T15:52:53,jsoa86@hotmail.com,1,3850.00,3850.00,PE,Lima,LMA,
"Jose rojas Alejo","jose rojas.alejo",2023-07-15T01:55:27,2023-07-14T20:55:27,antonioalejo112@gmail.com,1,620.00,620.00,PE,"La victoria",LMA,
"Luis Alberto Viera Ramos","luis alberto.viera ramos",2023-07-15T00:00:00,2023-07-09T11:57:42,luis02vr@gmail.com,1,1600.00,1600.00,PE,"San Miguel",LIM,
"Carlos Matos figueroa","carlos.matos figueroa",2023-07-14T20:03:58,2023-07-14T15:03:57,carlos.matos.figueroa@hotmail.com,1,1550.00,1550.00,PE,Lima,LIM,
"Fabrizio Sosa",fabrizio.sosa,2023-07-14T16:42:52,2023-07-14T11:42:51,fabriziososa.music@gmail.com,1,150.00,150.00,PE,Surco,LIM,
"SAYURi Nicol Chávez Bailón","sayuri nicol.chavez bailon",2023-07-13T16:40:06,2023-07-13T11:40:05,sayurinicolchavezbailon@gmail.com,1,5000.00,5000.00,PE,Huacho,LIM,
"Anthony Gabriel Ramirez Peña","anthony gabriel.ramirez pena",2023-07-13T04:31:06,2023-07-12T23:31:05,ramirezantony447@gmail.com,1,85.00,85.00,PE,"San Martin de Porres",LIM,
"olga valladolid",olga.valladolid,2023-07-13T03:42:55,2023-07-12T22:42:55,jhoseph2707ramos@gmail.com,1,1600.00,1600.00,PE,lima,LIM,
"fidencio alberto Peves Ormeño","fidencio alberto.peves ormeno",2023-07-13T02:44:27,2023-07-12T21:44:25,fidenciopeves2021@gmail.com,1,175.00,175.00,PE,"Imperial /Cañete",LIM,
"Yaritza Supanta garcia","yaritza.supanta garcia",2023-07-11T22:56:47,2023-07-11T17:56:46,fabiolasupanta123@gmail.com,1,140.00,140.00,PE,Surco,LIM,
"Kasandra Jasmin Carrillo Villoslada","kasandra jasmin.carrillo villoslada",2023-07-11T05:59:08,2023-07-11T00:59:07,kjcv01@hotmail.com,1,2300.00,2300.00,PE,Lima,LIM,
"Rodrigo miguel Jaramillo demitriades","rodrigo miguel.jaramillo demitriades",2023-07-11T00:00:00,2023-07-03T22:44:53,rodri97al@hotmail.com,1,4450.00,4450.00,PE,Lima,LIM,
"Wuelinder Montoya Saavedra","wuelinder.montoya saavedra",2023-07-09T00:00:00,2023-07-07T16:05:47,wuelindermontoya@gmail.com,1,4450.00,4450.00,PE,Tarapoto,SAM,
"silvia chavez chavarri","silvia.chavez chavarri",2023-07-07T22:49:42,2023-07-07T17:49:41,zilvia.alexandra@gmail.com,1,2400.00,2400.00,PE,breña,LMA,
"Tessy pamela Solis ruiz","tessy pamela.solis ruiz",2023-07-06T21:33:41,2023-07-06T16:33:40,tessysolis32@gmail.com,1,2300.00,2300.00,PE,Lima,LIM,
"Cecilia Villanueva Flores","cecilia.villanueva flores",2023-07-06T17:26:56,2023-07-06T12:26:55,cecilia.villanueva.f@hotmail.com,1,100.00,100.00,PE,Lima,LMA,
"Lisbeth Suarez",lisbeth.suarez,2023-07-06T16:01:24,2023-07-06T11:01:07,lisbeth-2208@outlook.com,1,85.00,85.00,PE,Lima,LIM,
"Yuli lisbeth Oyarce Muñoz","yuli lisbeth.oyarce munoz",2023-07-06T00:29:11,2023-07-05T19:29:10,yulissa.salvatierramunoz@gmail.com,1,1600.00,1600.00,PE,Surquillo,LMA,
"Carlos Chaquila Agapito","carlos.chaquila agapito",2023-07-04T13:33:45,2023-07-04T08:33:45,chakil14_02@hotmail.com,1,155.00,155.00,PE,Lambayeque,LAM,
"Mariela Taquire Gora","mariela.taquire gora",2023-07-04T06:01:20,2023-07-04T01:01:14,marielfiorella0409@gmail.com,1,4450.00,4450.00,PE,lima,LMA,
"Diana Carolina Calderón Fernández","diana carolina.calderon fernandez",2023-07-02T02:08:48,2023-07-01T21:08:47,d.cfernandez3@gmail.com,1,4450.00,4450.00,PE,HUANUCO,HUC,
"Luz Ortiz",luz.ortiz,2023-07-02T01:04:15,2023-07-01T20:04:13,luzortizh@gmail.com,1,150.00,150.00,PE,Lima,LMA,
"Isabella Romani Almendro","isabella.romani almendro",2023-07-01T19:38:48,2023-07-01T14:38:47,isabella.1615@outlook.com,1,620.00,620.00,PE,Lima,CAL,
"Almendra Ajalcriña Florida","almendra.ajalcrina florida",2023-07-01T00:00:00,2023-06-26T02:52:58,almendragaa@gmail.com,1,3450.00,3450.00,PE,Lima,LIM,
"PIERO ESPEJO FLORES","piero.espejo flores",2023-06-30T22:43:15,2023-06-30T17:43:12,MILAGROS.SALASU@GMAIL.COM,1,100.00,100.00,PE,"PUEBLO LIBRE",LIM,
"Eduardo Medina",eduardo.medina,2023-06-29T18:40:48,2023-06-29T13:40:47,eduardomedinac@gmail.com,1,2300.00,2300.00,PE,Lima,LIM,
"miriam paredes",miriam.paredes,2023-06-26T19:48:20,2023-06-26T14:48:20,miriamparedesorderique@gmail.com,1,140.00,140.00,PE,"los olivos",LIM,
"Willy Alfredo Mamani Huanca","willy alfredo.mamani huanca",2023-06-23T11:58:35,2023-06-14T06:53:48,willy_mamanih@hotmail.com,2,4600.00,2300.00,PE,Arequipa,ARE,
"Selyn Chavez",selyn.chavez,2023-06-23T01:06:47,2023-06-22T20:06:46,selyn.chavez@gmail.com,1,2300.00,2300.00,PE,Bellavista,CAL,
"Carmen Rosa Ynga Rau","carmen rosa.ynga rau",2023-06-21T18:10:06,2023-06-21T13:09:51,juliancabrera001@hotmail.com,1,4650.00,4650.00,PE,"San Martín De Porras",LMA,
"TERESA GRADOS",teresa.grados,2023-06-21T16:07:59,2023-06-21T11:07:58,tere.grados@gmail.com,1,4450.00,4450.00,PE,"VICTOR LARCO HERRERA",LAL,
"Jhon Delgado Delgado","jhon.delgado delgado",2023-06-21T15:29:48,2023-06-21T10:29:47,jhohade20@gmail.com,1,85.00,85.00,PE,Lima,LIM,
"Diego Zamalloa",diego.zamalloa,2023-06-20T00:16:59,2023-06-19T19:16:58,diegonis.z.a@gmail.com,1,775.00,775.00,PE,Lima,LMA,
"Karina Curimanya Gil","karina.curimanya gil",2023-06-20T00:00:00,2023-06-09T06:09:32,kass.cg.kc@gmail.com,1,2300.00,2300.00,PE,"Puente Piedra",LIM,
"Margot milagros Ñaupari berrocal","margot milagros.naupari berrocal",2023-06-19T16:54:58,2023-06-19T11:54:56,nauparimargot3@gmail.com,1,125.00,125.00,PE,"Lima/ san juan de Lurigancho",LIM,
"Ursula Leandro Lenci","ursula.leandro lenci",2023-06-18T00:00:00,2023-06-14T21:53:59,ursula.leandro@pucp.edu.pe,1,4150.00,4150.00,PE,"Pueblo Libre",LIM,
"Luis Vilchez Ortiz","luis.vilchez ortiz",2023-06-18T00:00:00,2023-06-14T15:41:56,lovogalds13_26@hotmail.com,1,50.00,50.00,PE,"San Juan de Miraflores",LIM,
"Nicole Coralia Becerra Rodriguez","nicole coralia.becerra rodriguez",2023-06-14T14:55:02,2023-06-14T09:55:01,nbecerrarod@gmail.com,1,3650.00,3650.00,PE,Arequipa,ARE,
"johnny cavero mego","johnny.cavero mego",2023-06-14T00:00:00,2023-06-04T00:33:41,johnnyalexander20@gmail.com,1,1720.00,1720.00,PE,Callao,CAL,
"juan perez",juan.perez,2023-06-14T00:00:00,2023-05-31T19:46:36,juanito@hotmail.com,1,525.00,525.00,PE,arequipa,LMA,
"Oscar Flores ramirez","oscar.flores ramirez",2023-06-13T15:17:49,2023-06-13T10:17:48,oscar_x_2005@hotmail.com,1,85.00,85.00,PE,Surquillo,LMA,
"Karin Geanyna UTRILLA Diaz","karin geanyna.utrilla diaz",2023-06-13T00:00:00,2023-06-06T18:19:27,karinutrilladiaz@gmail.com,1,100.00,100.00,PE,Lima,LIM,
"Abel Jesus Farías Pérez","abel jesus.farias perez",2023-06-13T00:00:00,2023-04-03T21:35:23,abelf7328@gmail.com,1,2200.00,2200.00,PE,Lima,LMA,
"Alexanre Cabrejos Garcia","alexanre.cabrejos garcia",2023-06-13T00:00:00,2023-06-12T16:06:28,cabrejosgarcia13@gmail.com,1,175.00,175.00,PE,Huarmey,ANC,
"Araceli Alanya",araceli.alanya,2023-06-12T02:08:17,2023-06-11T21:08:16,aracelialanya33@gmail.com,1,4000.00,4000.00,PE,VSDEWF,ANC,
"Manuel Segundo Arica Cieza","manuel segundo.arica cieza",2023-06-12T00:00:00,2023-06-09T12:07:16,ms.arica.cieza@gmail.com,1,5000.00,5000.00,PE,Chiclayo,LAM,
"Yohana Villegas Ortiz","yohana.villegas ortiz",2023-06-10T01:47:46,2023-06-09T20:47:45,villegasyohana1509@gmail.com,1,2300.00,2300.00,PE,Lima,LIM,
"Camilo diaz Vegas","camilo.diaz vegas",2023-06-10T00:00:00,2023-05-27T22:21:47,cdiazv1621@gmail.com,1,2300.00,2300.00,PE,chorrillos,LIM,
"Sebastian amed Cortez Aguilar","sebastian amed.cortez aguilar",2023-06-10T00:00:00,2022-07-29T20:04:45,amedsb.99@gmail.com,4,350.00,87.50,PE,"San juan de lurigancho",LIM,
"Sharon Arribasplata",sharon.arribasplata,2023-06-10T00:00:00,2023-05-27T06:05:31,sharon.carmen1980@gmail.com,1,4000.00,4000.00,PE,Yarinacocha,UCA,
"Farid Ugarte Moquillaza","farid.ugarte moquillaza",2023-06-09T18:34:21,2023-06-09T13:27:19,ugartemoquillazaf@gmail.com,2,12400.00,6200.00,PE,"La Molina, Lima",LIM,
"Denis Kevin Peña Carranza","denis kevin.pena carranza",2023-06-08T00:00:00,2023-06-04T20:14:25,kevinpc1993@gmail.com,1,775.00,775.00,PE,Cajamarca,CAJ,
"Julio Mamani",julio.mamani,2023-06-08T00:00:00,2023-06-06T18:06:42,juliopaucar30@gmail.com,1,90.00,90.00,PE,"La victoria",LMA,
"Amanda Araki",amanda.araki,2023-06-07T21:43:43,2023-06-07T16:43:42,hika.ri230904@gmail.com,1,2300.00,2300.00,PE,"San Borja",LMA,
"Romario Bonifacio Alviño","romario.bonifacio alvino",2023-06-07T00:00:00,2023-05-31T16:32:55,romariobonifacio.25@gmail.com,1,85.00,85.00,PE,Pachacamac,LIM,
"Belly Bobadilla",belly.bobadilla-1031,2023-06-06T22:30:58,2023-06-06T17:30:57,bellyb.murgueytio@gmail.com,1,150.00,150.00,PE,"San Miguel",LIM,
"Diego Carpio",diego.carpio,2023-06-06T00:00:00,2023-05-24T13:41:10,diego24carpio@gmail.com,1,65.00,65.00,PE,Lima,LIM,
"Mayre Mayre Martinez","mayre.mayre martinez",2023-06-06T00:00:00,2023-05-25T11:40:20,mayrem32@gmail.com,1,1850.00,1850.00,PE,"Bellavista Callao",CAL,
"YORMARY CHAVARRY",yormary.chavarry,2023-06-05T22:47:27,2023-06-05T17:47:26,roterry@hotmail.com,1,3550.00,3550.00,PE,"Jesús maria",LIM,
"belly bobadilla",belly.bobadilla,2023-06-05T16:17:39,2023-06-05T11:17:38,belltb.murgueytio@gmail.com,1,150.00,150.00,PE,Miraflores,LIM,
"Kristel Huarcaya",kristel.huarcaya,2023-06-04T00:00:00,2023-06-01T16:33:38,khuarcayahuaranca@gmail.com,1,1850.00,1850.00,PE,Lima,LIM,
"asd asd",asd.asd,2023-06-04T00:00:00,2023-06-03T10:00:44,adasdas@asdas.com,1,4250.00,4250.00,PE,asad,LIM,
"Diego Portella",diego.portella,2023-06-03T00:00:00,2023-05-23T14:13:09,diego1578@hotmail.com,1,2300.00,2300.00,PE,"San miguel / lima",LIM,
"Soledad Galvez",soledad.galvez,2023-06-02T00:00:00,2023-05-31T21:07:41,scgf16@gmail.com,1,185.00,185.00,PE,"San Vicente de Cañete. Cañete",LIM,
"Jesús manuel Mendoza obispo","jesus manuel.mendoza obispo",2023-06-01T23:25:19,2023-06-01T18:25:18,Jesusmendoza.22.13@gmail.com,1,1600.00,1600.00,PE,Lima,LIM,
"William Campos Velasquez","william.campos velasquez",2023-06-01T18:54:04,2023-06-01T13:54:03,wic80@hotmail.com,1,500.00,500.00,PE,Lima,LIM,
"Ela Tumbalobos",ela.tumbalobos,2023-05-31T21:56:50,2023-05-31T16:56:49,ela.tumbalobos@gmail.com,1,2300.00,2300.00,PE,"La Victoria",LIM,
"aldo loo kung","aldo.loo kung",2023-05-30T18:56:19,2023-05-30T13:56:18,lookung@hotmail.com,1,930.00,930.00,PE,"cercado lima",LIM,
"Junior José Aular polanco","junior jose.aular polanco",2023-05-30T00:00:00,2023-05-29T18:39:12,junioraular2018@gmail.com,1,500.00,500.00,PE,Lima,LIM,
"Randolph Wellington Gonzáles Medina","randolph wellington.gonzales medina",2023-05-30T00:00:00,2023-05-26T15:34:48,unicorandol369@gmail.com,1,3450.00,3450.00,PE,"San Juan De Miraflores",LMA,
"Nasha Condori",nasha.condori,2023-05-29T20:22:15,2023-05-29T15:22:14,nasha100597@gmail.com,1,4150.00,4150.00,PE,"San juan de Lurigancho",LIM,
"Katia Valverde",katia.valverde,2023-05-29T00:00:00,2023-05-28T16:28:45,katsuiney@icloud.com,1,1600.00,1600.00,PE,Lima,LIM,
"Brandon Airton Avila nicola","brandon airton.avila nicola",2023-05-29T00:00:00,2023-05-19T15:31:04,airton-888@hotmail.com,1,300.00,300.00,PE,Surco,LIM,
"EMMANUEL JOSE GILES HUAYTA","emmanuel jose.giles huayta",2023-05-26T05:02:42,2023-05-26T00:02:34,emmangi@gmail.com,1,30.00,30.00,PE,LIMA,LIM,
"Jesus Junior León Vasquez","jesus junior.leon vasquez",2023-05-26T00:00:00,2023-05-25T15:31:34,jesuscad23@gmail.com,1,20.00,20.00,PE,"San isidro",LIM,
"Leidy Diana Medina Quiquin","leidy diana.medina quiquin",2023-05-25T22:47:43,2023-05-25T17:47:42,leidy.medina@unsch.edu.pe,1,120.00,120.00,PE,Ayacucho,AYA,
"meliss carmen flores","meliss.carmen flores",2023-05-25T19:00:43,2023-05-25T14:00:42,meli1702.88@gmail.com,1,3450.00,3450.00,PE,lima,LIM,
"Mayra Vicente Felix","mayra.vicente felix",2023-05-25T00:00:00,2023-05-23T19:54:28,pmario.ms@gmail.com,1,250.00,250.00,PE,Independencia,LIM,
"Junior Saavedra Nieto","junior.saavedra nieto",2023-05-24T16:36:45,2023-05-24T11:36:44,jr.saavedra.nieto@hotmail.com,1,3450.00,3450.00,PE,Barranco,LIM,
"Arnold Rayme Ferrel","arnold.rayme ferrel",2023-05-24T04:03:45,2023-05-23T23:03:44,arnold_rf96@hotmail.com,1,3650.00,3650.00,PE,Lima,LMA,
"Luis Quispe Carlos","luis.quispe carlos",2023-05-24T00:00:00,2023-05-10T13:58:42,70150729@continental.edu.pe,1,500.00,500.00,PE,huancayo,JUN,
"Kevin Ivan Romero Rios","kevin ivan.romero rios",2023-05-23T00:00:00,2023-05-21T15:23:54,jeke050222@gmail.com,1,1600.00,1600.00,PE,Bellavista,CAL,
"Nicolás Bautista",nicolas.bautista,2023-05-23T00:00:00,2023-05-11T15:09:35,importsbani@gmail.com,1,155.00,155.00,PE,LIMA,LIM,
"SMITH EDISON TTITO CAMA","smith edison.ttito cama",2023-05-22T22:48:58,2023-05-22T17:48:57,tmbabancay@gmail.com,1,465.00,465.00,PE,ABANCAY-ABANCAY,APU,
"NICOLAS BAUTISTA",nicolas.bautista-3845,2023-05-22T17:17:00,2023-05-22T12:16:59,df.electronica24@gmail.com,1,175.00,175.00,PE,LIMA,LIM,
"Emmanuel Silva cahuantico","emmanuel.silva cahuantico",2023-05-22T00:00:00,2023-05-13T21:31:32,emmanuelsilvaemmy@gmail.com,1,100.00,100.00,PE,Tambopata,MDD,
"Julia milagros Pereda cabrera de cordoba","julia milagros.pereda cabrera de cordoba",2023-05-22T00:00:00,2023-05-21T20:59:15,juliapereda18@gmail.com,1,4150.00,4150.00,PE,"Santa Anita",LIM,
"Mónica Alejandra Cuestas Cárdenas","monica alejandra.cuestas cardenas",2023-05-21T02:19:51,2023-05-20T21:19:50,monoca_1035@hotmail.com,1,20.00,20.00,PE,Lima,LMA,
"Nn Nnb",nn.nnb,2023-05-21T00:00:00,2023-05-18T11:39:31,nn@hotmail.com,1,1600.00,1600.00,PE,Nn,ARE,
"nazaret delia rojas barraza","nazaret delia.rojas barraza",2023-05-21T00:00:00,2023-05-20T18:49:51,naza_1819@hotmail.com,1,20.00,20.00,PE,"lima - san juan de miraflores",LIM,
"Piero Del Castillo","piero.del castillo",2023-05-19T21:17:31,2023-05-19T16:17:30,pierodc80@hotmail.com,1,90.00,90.00,PE,Lima,LIM,
"Melvin Abel Alvarado Yufra","melvin abel.alvarado yufra",2023-05-19T04:18:02,2023-05-18T23:18:01,melvinabh@gmail.com,1,6200.00,6200.00,PE,Lurigancho-Chosica,LIM,
"Rosa Elena Bueno Huaman","rosa elena.bueno huaman",2023-05-19T00:00:00,2023-05-07T14:19:16,rossy_17_72@hotmail.com,1,3650.00,3650.00,PE,Lima,LIM,
"Brillit Quispe Ataucusi","brillit.quispe ataucusi",2023-05-18T23:54:01,2023-05-18T18:54:00,brillitq876@gmail.com,1,1600.00,1600.00,PE,Lima,LIM,
"Claudia Perez",claudia.perez,2023-05-18T00:44:41,2023-05-17T19:44:40,akcordero24@gmail.com,1,2300.00,2300.00,PE,Lima,LIM,
"Oscar Bilbao",oscar.bilbao,2023-05-17T00:00:00,2023-05-15T12:16:01,compras.ladise2018@gmail.com,1,1050.00,1050.00,PE,"SAN LUIS",LIM,
"Omar Gamarra Espinoza","omar.gamarra espinoza",2023-05-16T00:00:00,2023-05-09T15:48:20,herlingelaynne@gmail.com,1,3450.00,3450.00,PE,Lima,LIM,
"Luis Quispe Carlos","luis.quispe carlos-7207",2023-05-16T00:00:00,2023-05-11T10:28:12,Hear_750@hotmail.com,1,500.00,500.00,PE,Huancayo,JUN,
"Camila Barrera Perez","camila.barrera perez",2023-05-15T20:15:42,2023-05-15T15:15:41,Camila54879@gmail.com,1,50.00,50.00,PE,Lima,LIM,
"Kevin William Chuna Campaña","kevin william.chuna campana",2023-05-15T20:06:53,2023-05-15T15:06:52,kchuna20@gmail.com,1,160.00,160.00,PE,Callao,CAL,
"Richard Morales",richard.morales,2023-05-15T16:04:29,2023-05-15T11:04:28,fenomaingamer@gmail.com,1,1600.00,1600.00,PE,Lima,LMA,
"Nicolle Peceros Zuazo","nicolle.peceros zuazo",2023-05-14T00:00:00,2023-05-12T14:01:46,francis2111@outlook.com,1,3450.00,3450.00,PE,"Santiago de Surco",LIM,
"Ricardo Atarama",ricardo.atarama,2023-05-14T00:00:00,2023-05-02T09:48:38,liafabiana0905@gmail.com,1,100.00,100.00,PE,"Villa Maria Del Triunfo",LMA,
"CAROLINA IZAMAR RUBIO SEDAMANO","carolina izamar.rubio sedamano",2023-05-13T10:13:43,2023-05-13T05:13:42,carolinaizamar1206@gmail.com,1,1600.00,1600.00,PE,"PIURA - VEINTISEIS DE OCTUBRE",PIU,
"Ambar Esteyssi Rodriguez Poma","ambar esteyssi.rodriguez poma",2023-05-12T19:13:14,2023-05-12T14:13:13,esteyssirodriguez@gmail.com,1,4150.00,4150.00,PE,Lima,LIM,
"Carlos Acosta González","carlos.acosta gonzalez",2023-05-12T17:33:26,2023-05-12T12:33:25,crag2975@hotmail.com,1,125.00,125.00,PE,"La molina",LIM,
"Pedro Luis Salazar Castillo","pedro luis.salazar castillo",2023-05-12T16:08:24,2023-05-12T11:08:23,pedro_sc30@hotmail.com,1,20.00,20.00,PE,Lima,LIM,
"Fabrizio Renato Aguilar Porras","fabrizio renato.aguilar porras",2023-05-12T14:23:26,2023-05-12T09:23:16,fabrz125@gmail.com,1,20.00,20.00,PE,"Santa Anita",LMA,
"Jaime ronald Pacheco valverde","jaime ronald.pacheco valverde",2023-05-10T20:16:27,2023-05-10T15:16:26,grupopika22@gmail.com,1,4350.00,4350.00,PE,"Villa el salvador",LIM,
"Kiara Iparraguirre Tenorio","kiara.iparraguirre tenorio",2023-05-10T03:20:41,2023-05-09T22:20:40,flaviavaleska05@gmail.com,1,150.00,150.00,PE,Lima,LIM,
"Rosa Fernández Prada","rosa.fernandez prada",2023-05-09T01:07:34,2023-05-08T20:02:24,rosluz86@hotmail.com,2,3200.00,1600.00,PE,Lima,LMA,
"Fabiola Sofía Escalante Burga","fabiola sofia.escalante burga",2023-05-08T03:17:18,2023-05-07T22:17:16,f.sofiaeb@gmail.com,1,50.00,50.00,PE,Callao,CAL,
"Gabriel Osco Miranda","gabriel.osco miranda",2023-05-08T00:00:00,2023-05-06T18:59:32,g_osco@hotmail.com,1,5135.00,5135.00,PE,Lima,LIM,
"STEYCI MERLY PINEDA CANCHUCAJA","steyci merly.pineda canchucaja",2023-05-05T14:49:37,2023-05-05T09:49:36,steycipineda@gmail.com,1,4250.00,4250.00,PE,PICHANAQUI,JUN,
"francisco ciscon",francisco.ciscon,2023-05-05T00:00:00,2023-05-04T15:15:33,francisco_ciscon@hotmail.com,1,4450.00,4450.00,PE,lima,LMA,
"André Maxwell Muro Paico","andre maxwell.muro paico",2023-05-04T15:49:12,2023-05-04T10:49:11,andremuropaico@gmail.com,1,6200.00,6200.00,PE,Lambayeque,LAM,
"CLAUDIA HERRERA",claudia.herrera,2023-05-04T15:23:18,2023-05-04T10:23:17,claudiaho@live.com,1,150.00,150.00,PE,LIMA,LIM,
"Felipe Santiago Meneses Arevalo","felipe santiago.meneses arevalo",2023-05-04T00:00:00,2023-05-02T19:03:15,fmeneses20@gmail.com,1,45.00,45.00,PE,Lima,LIM,
"Maria Paula Guidotti","maria paula.guidotti",2023-05-03T14:51:16,2023-04-27T18:24:33,mariapaulaguidotti@gmail.com,2,6650.00,3325.00,PE,Lima,LIM,
"Alicia Pozo Madrid","alicia.pozo madrid",2023-05-03T00:00:00,2023-05-02T22:55:22,aliabimp@hotmail.com,1,100.00,100.00,PE,Piura,PIU,
"ABDEL IBRAHAIM BANDACH PANTOJA","abdel ibrahaim.bandach pantoja",2023-05-03T00:00:00,2023-04-21T15:40:01,abandachp@gmail.com,1,50.00,50.00,PE,"San Borja",LIM,
"Rodrigo Pachas",rodrigo.pachas,2023-05-03T00:00:00,2023-04-28T22:00:09,rodrigopv60@gmail.com,1,6200.00,6200.00,PE,"Chincha alta",ICA,
"Maria Fernanda Farro","maria fernanda.farro",2023-05-03T00:00:00,2023-04-27T16:29:00,farromafer@gmail.com,1,1850.00,1850.00,PE,"La Molina",LIM,
"hector antonio romero vilca","hector antonio.romero vilca",2023-05-02T01:09:12,2023-05-01T20:09:11,failblack@hotmail.com,1,2300.00,2300.00,PE,"san juan de miraflores",LIM,
"Lucia Cornejo Fallaque","lucia.cornejo fallaque",2023-05-02T00:29:16,2023-05-01T19:29:16,luciacf97@hotmail.com,1,1750.00,1750.00,PE,"San isidro",LIM,
"Claudia Huayta Martínez","claudia.huayta martinez",2023-05-02T00:00:00,2023-04-27T23:03:32,cmhm2509@gmail.com,1,50.00,50.00,PE,"SMP/ Lima",LIM,
"Nicoll francesca Bolognesi Baldeon","nicoll francesca.bolognesi baldeon",2023-05-01T22:42:22,2023-05-01T17:42:21,bolognesinicoll@gmail.com,1,3850.00,3850.00,PE,Lima,LMA,
"Rafael Angulo Ruiz","rafael.angulo ruiz",2023-04-30T00:00:00,2023-03-12T16:15:14,ruizraffo@gmail.com,2,170.00,85.00,PE,Lima,LIM,
"Leonel Gonzales Hernández","leonel.gonzales hernandez",2023-04-29T17:05:52,2023-04-29T12:05:51,leonelgh80@gmail.com,1,50.00,50.00,PE,Ica,ICA,
"Romy Vinces",romy.vinces,2023-04-29T15:38:53,2023-04-29T10:38:52,romyesp5@gmail.com,1,1850.00,1850.00,PE,callao,CAL,
"Christian Vega. Fajardo","christian.vega. fajardo",2023-04-29T00:00:00,2023-04-17T14:21:05,vegafac40@gmail.com,1,1600.00,1600.00,PE,Ica,ICA,
"Betsy Rodriguez Encinas","betsy.rodriguez encinas",2023-04-28T22:35:59,2023-04-28T17:35:58,betsys1@hotmail.com,1,50.00,50.00,PE,Lima,LIM,
"Gumercindo Leoncio Chipana Amao","gumercindo leoncio.chipana amao",2023-04-28T22:34:40,2023-04-28T17:34:39,chipana.leo@gmail.com,1,310.00,310.00,PE,Comas,LIM,
"Jack Hugo Ñiquen","jack.hugo niquen",2023-04-28T04:10:09,2023-04-27T23:10:08,jackhugo85@gmail.com,1,100.00,100.00,PE,RIMAC,LIM,
"Mildred Anne Benites Rojas","mildred anne.benites rojas",2023-04-27T16:28:57,2023-04-27T11:28:56,mildredbenites17@gmail.com,1,1750.00,1750.00,PE,Callao,CAL,
"Lucia Soto Mogollón","lucia.soto mogollon",2023-04-26T00:00:00,2023-04-13T16:33:36,sara_castillo_soto@hotmail.com,1,250.00,250.00,PE,"San Martín de Porres",LIM,
"Brenda Granda Miranda","brenda.granda miranda",2023-04-25T14:59:24,2023-04-25T09:59:23,andesmotor2023@gmail.com,1,45.00,45.00,PE,"San Martin de Porres",LIM,
"Melki Hoyos",melki.hoyos,2023-04-25T14:12:41,2023-04-25T09:12:40,melkiyasociados12@gmail.com,1,200.00,200.00,PE,Lima,LIM,
"Neri Kevir Arteaga Luque","neri kevir.arteaga luque",2023-04-25T00:00:00,2023-04-24T09:51:23,neriarteaga64@gmail.com,1,1850.00,1850.00,PE,"Nuevo Chimbote",ANC,
"Estefanni Janet Vera muñoa","estefanni janet.vera munoa",2023-04-25T00:00:00,2023-04-13T16:18:00,liamendozavera66@gmail.com,2,2100.00,1050.00,PE,Lima,LIM,
"Esteysi Tupiño",esteysi.tupino,2023-04-24T05:42:04,2023-04-24T00:42:03,Esteysiiker196@gmail.com,1,2200.00,2200.00,PE,Lima,LIM,
"Piero Chati",piero.chati,2023-04-24T00:00:00,2023-04-22T12:58:59,pmjbg2193@gmail.com,1,90.00,90.00,PE,Bellavista,CAL,
"LUIS ALBERTO SANTA CRUZ HUERTAS","luis alberto.santa cruz huertas",2023-04-22T19:27:02,2023-04-22T14:27:01,albert_kamuz@hotmail.com,1,115.00,115.00,PE,CHICLAYO,LAM,
"Rafael Angulo",rafael.angulo,2023-04-22T01:27:21,2023-04-21T20:23:26,Zaida.aruiz@gmail.com,2,240.00,120.00,PE,Callao,CAL,
"Melany Acosta rosales","melany.acosta rosales",2023-04-20T16:51:48,2023-04-20T11:51:47,meyju12@hotmail.com,1,20.00,20.00,PE,"San Martín De Porres",LMA,
"Yarinn Lesly Ramírez Dioses","yarinn lesly.ramirez dioses",2023-04-20T00:00:00,2023-04-19T20:24:31,yramirezdioses@gmail.com,1,6200.00,6200.00,PE,"San Miguel",LIM,
"Enith Alvaro Chonlon","enith.alvaro chonlon",2023-04-20T00:00:00,2023-04-17T19:46:22,adrinikal@gmail.com,1,85.00,85.00,PE,Lima,LMA,
"Francisco José Valdiviezo chuquihuanga","francisco jose.valdiviezo chuquihuanga",2023-04-20T00:00:00,2023-04-19T17:28:34,franciscovaldiviezo@hotmail.com,1,200.00,200.00,PE,"El alto",PIU,
"Alisson Amaranta Salcedo Chanamé","alisson amaranta.salcedo chaname",2023-04-19T01:01:08,2023-04-18T20:01:08,alisson.amaranta01@gmail.com,1,1850.00,1850.00,PE,Callao,CAL,
"Douglas Steven Davalos Tueros","douglas steven.davalos tueros",2023-04-19T00:00:00,2023-04-15T10:04:03,douglas.davalos@gmail.com,1,120.00,120.00,PE,lima,LIM,
"Milagros Tarazona",milagros.tarazona,2023-04-18T19:26:38,2023-04-18T12:56:52,milagritos_11_47@hotmail.com,2,170.00,85.00,PE,"San Martin de Porres",LIM,
"estela dominguez merino","estela.dominguez merino",2023-04-18T15:54:18,2023-04-18T10:54:17,bryansaldo@gmail.com,1,4450.00,4450.00,PE,Huarmey,ANC,
"Aldo César NIETO Alcántara","aldo cesar.nieto alcantara",2023-04-18T14:59:38,2023-04-15T09:18:59,Aldonietoalcantara@hotmail.com,2,1860.00,930.00,PE,Carabayllo,LIM,
"Sandro Reategui",sandro.reategui,2023-04-18T00:00:00,2023-04-05T15:08:34,sreategui@pucp.edu.pe,1,2200.00,2200.00,PE,Lince,LMA,
"Erlinda Lara",erlinda.lara,2023-04-17T20:54:34,2023-04-17T15:54:33,erlindalara959@gmail.com,1,3350.00,3350.00,PE,"Lima - la Victoria",LIM,
"Fabiola Cumpa",fabiola.cumpa,2023-04-17T19:11:49,2023-04-17T14:11:48,fabiolamadelaine@gmail.com,1,120.00,120.00,PE,Lima,LMA,
"NICOLE MERCADO LOPEZ","nicole.mercado lopez",2023-04-17T17:47:28,2023-04-17T12:47:27,nicoleluceromercadolopez@gmail.com,1,1600.00,1600.00,PE,ate,LMA,
"Noelia del Carmen Purizaca Hidalgo","noelia del carmen.purizaca hidalgo",2023-04-17T00:00:00,2023-04-09T13:24:56,noelia_purizaca_hidalgo@outlook.com,1,3450.00,3450.00,PE,Callao,CAL,
"Jimena Egocheaga",jimena.egocheaga,2023-04-16T17:32:27,2023-04-16T12:32:26,jimenaegocheaga@gmail.com,1,220.00,220.00,PE,Lima-Ate,LIM,
"Elsy Huamani Huaman","elsy.huamani huaman",2023-04-16T00:16:39,2023-01-24T15:30:17,elsy_fiorella_94@hotmail.com,2,3300.00,1650.00,PE,Lima,LIM,
"Donato Mancilla",donato.mancilla,2023-04-16T00:00:00,2023-04-06T17:03:53,donatomancilla45@gmail.com,1,3650.00,3650.00,PE,"Bella vista - Callao",CAL,
"Julisa Vasquez rioja","julisa.vasquez rioja",2023-04-16T00:00:00,2023-04-15T13:51:01,julisavasquez97@gmail.com,1,85.00,85.00,PE,Piura,PIU,
"Luigui Rodrigo Ruiz Salvador","luigui rodrigo.ruiz salvador",2023-04-15T11:31:47,2023-04-15T06:31:46,ruizsalvador029@gmail.com,1,1750.00,1750.00,PE,Lima,LIM,
"Segundo moises Ho vela","segundo moises.ho vela",2023-04-15T00:00:00,2023-04-13T19:15:40,smoiseshov@gmail.com,1,140.00,140.00,PE,Iquitos,LOR,
"Emerson Villanueva",emerson.villanueva,2023-04-12T00:24:47,2023-04-11T19:24:46,emerson.villanueva008667389@hotmail.com,1,6200.00,6200.00,PE,Chimbote,ANC,
"Fabiana Medina",fabiana.medina,2023-04-10T20:40:59,2023-04-10T15:40:58,medinafabiana1@gmail.com,1,50.00,50.00,PE,Lima,LMA,
"Ayram Loaces Camacho","ayram.loaces camacho",2023-04-10T01:12:59,2023-04-09T20:12:58,ayramalvaro000@gmail.com,1,150.00,150.00,PE,"Nasca, Ica",ICA,
"VERONICA TRIVEÑO ALVARADO","veronica.triveno alvarado",2023-04-10T00:00:00,2023-03-29T14:04:04,vtriveno@metalindustrias.com.pe,1,155.00,155.00,PE,CALLAO,CAL,
"Ryky Daniel Tipian Tipian","ryky daniel.tipian tipian",2023-04-09T15:11:29,2023-04-09T10:11:29,ryckydaniel@gmail.com,1,1850.00,1850.00,PE,Pisco,ICA,
"Mónica Liz Montoya Unocc","monica liz.montoya unocc",2023-04-09T03:15:28,2023-04-08T22:15:26,monica.231981@gmail.com,1,1850.00,1850.00,PE,Lima,LIM,
"Kelly Juarez nongrados","kelly.juarez nongrados",2023-04-08T21:57:20,2023-04-08T16:57:19,belen.jn@hotmail.com,1,90.00,90.00,PE,Lima,LIM,
"Betssy betzabet Chávez chino","betssy betzabet.chavez chino",2023-04-08T00:28:53,2023-04-07T19:28:52,shino.ea@gmail.com,1,3450.00,3450.00,PE,Tacna,TAC,
"Ines Guadalupe Alvarez Fukuda","ines guadalupe.alvarez fukuda",2023-04-06T17:34:48,2023-04-06T12:34:47,ineka-767@hotmail.com,1,5000.00,5000.00,PE,"Puente Piedra",LIM,
"Karelys Lopez",karelys.lopez,2023-04-06T00:00:00,2023-03-30T22:06:32,karelyslc@gmail.com,1,2200.00,2200.00,PE,Lima,LIM,
"Alexandra Fabiola Zegarra Diaz","alexandra fabiola.zegarra diaz",2023-04-06T00:00:00,2023-04-05T14:06:46,nera1996enero22@gmail.com,1,6200.00,6200.00,PE,Lima,LIM,
"Marcos jose luis Cachay arenas","marcos jose luis.cachay arenas",2023-04-05T22:13:25,2023-04-05T17:13:25,marcos_alianza_lima@hotmail.com,1,500.00,500.00,PE,"El agustino",LIM,
"Sandro Cabrera illanes","sandro.cabrera illanes",2023-04-05T04:33:00,2023-04-04T23:32:59,sandro.cabill@gmail.com,1,1050.00,1050.00,PE,Ica,ICA,
"Alexandra Talledo Whittembury","alexandra.talledo whittembury",2023-04-04T02:23:02,2023-04-03T21:23:02,alexandratwh@gmail.com,1,3650.00,3650.00,PE,Lima,LIM,
"Julian Villafuerte espinoza","julian.villafuerte espinoza",2023-04-04T01:37:58,2023-04-03T20:37:57,julianvillafuerteespinoza10@gmail.com,1,6200.00,6200.00,PE,"Ica peru",ICA,
"amador antony vasquez gutierrez","amador antony.vasquez gutierrez",2023-04-03T16:24:09,2023-04-03T11:24:06,juanvcarlos12@gmail.com,1,45.00,45.00,PE,lima,LIM,
"Brecett Terrones",brecett.terrones,2023-04-03T13:23:20,2023-04-03T08:22:50,brecettterrones@gmail.com,1,170.00,170.00,PE,Lima,LIM,
"Mayrin Cruz",mayrin.cruz,2023-04-01T14:18:24,2023-04-01T09:18:23,mayrincruz5acrds@gmail.com,1,640.00,640.00,PE,Castilla,PIU,
"Alexandra Davila Gonzales","alexandra.davila gonzales",2023-03-31T16:11:53,2023-03-31T11:11:52,ale.davila.gonzales@gmail.com,1,50.00,50.00,PE,Lima,LIM,
"FABIO ANDRADE MARTINEZ","fabio.andrade martinez",2023-03-31T02:37:14,2023-03-30T21:37:13,fernandezmartinez23@gmail.com,1,1600.00,1600.00,PE,LIMA,LMA,
"María Fernanda Munayco puente","maria fernanda.munayco puente",2023-03-30T22:19:13,2023-03-30T17:19:12,fernandam_20_05@outlook.es,1,2200.00,2200.00,PE,Pisco,ICA,
"Wai ying Cheunf","wai ying.cheunf",2023-03-30T19:28:04,2023-03-30T14:28:03,cheungwy9@gmail.com,1,1600.00,1600.00,PE,"San borja",LIM,
"mirian lazo",mirian.lazo,2023-03-30T13:17:36,2023-03-30T08:17:35,Mireliz_2209@hotmail.com,1,60.00,60.00,PE,Barranca,LIM,
"GABY FABIOLA TRELLES RAMIREZ","gaby fabiola.trelles ramirez",2023-03-30T02:01:23,2023-03-29T21:01:22,gaby74fabiola@gmail.com,1,1600.00,1600.00,PE,Piura,PIU,
"Juan carlos Arango carrera","juan carlos.arango carrera",2023-03-29T19:41:50,2023-03-29T14:41:49,arango.jc@hotmail.com,1,155.00,155.00,PE,"La victoria Lima",LMA,
"Luis Alberto Gayoso Torres","luis alberto.gayoso torres",2023-03-29T02:51:01,2023-03-28T21:50:59,lual.gayoso@gmail.com,1,240.00,240.00,PE,"La Molina",LIM,
"Diego Gonzales",diego.gonzales,2023-03-29T00:00:00,2023-03-28T10:27:59,diegog.alfaro7@gmail.com,1,20.00,20.00,PE,Lima,LIM,
"evelyn Silva",evelyn.silva,2023-03-29T00:00:00,2023-03-28T15:44:18,lissettesilvaramirez@gmail.com,1,2200.00,2200.00,PE,callao,CAL,
"Diego Cuadros Huayhua","diego.cuadros huayhua",2023-03-28T18:47:11,2023-03-28T13:47:10,diegocuadrosh@gmail.com,1,2200.00,2200.00,PE,Breña,LMA,
"Milagros Cristina Soto Díaz","milagros cristina.soto diaz",2023-03-28T05:00:45,2023-03-28T00:00:42,milisotodiaz@gmail.com,1,50.00,50.00,PE,Rímac,LMA,
"DIANA MELISSA SILVA CUMPA","diana melissa.silva cumpa",2023-03-28T00:00:00,2023-03-23T15:13:23,DMELISSASILVA@GMAIL.COM,1,1600.00,1600.00,PE,"MAGDALENA DEL MAR",LIM,
"Bryan Rodríguez",bryan.rodriguez,2023-03-28T00:00:00,2023-03-16T08:30:01,bryan.rodcas@gmail.com,1,150.00,150.00,PE,"Cercado de Lima",LMA,
"Julio Flores Gandelman","julio.flores gandelman",2023-03-27T23:44:40,2023-03-27T18:44:39,psnp_jafg@hotmail.com,1,2200.00,2200.00,PE,Miraflores,LIM,
"Andres Gustavo Garcia Prieto","andres gustavo.garcia prieto",2023-03-27T19:44:57,2023-03-27T14:44:57,andresggwp_99@hotmail.com,1,1750.00,1750.00,PE,Lima,LIM,
"ELOY POLO ROSARIO","eloy.polo rosario",2023-03-27T19:35:33,2023-03-27T14:35:32,epolo.rem@gmail.com,1,1600.00,1600.00,PE,huacho,LIM,
"veronica tapia saldaña","veronica.tapia saldana",2023-03-27T00:00:00,2023-03-13T10:58:41,verito_1216@outlook.com,1,2200.00,2200.00,PE,cajamarca,CAJ,
"Leonardo Cordero Uribe","leonardo.cordero uribe",2023-03-27T00:00:00,2023-03-26T02:07:55,leonar.01.21.02@gmail.com,1,4350.00,4350.00,PE,pisco,ICA,
"Luis Alberto Cruz Chávez","luis alberto.cruz chavez",2023-03-26T00:00:00,2023-03-24T16:59:40,cluiscruz@hotmail.com,1,20.00,20.00,PE,"Villa María del triunfo",LIM,
"Xandy Pazos",xandy.pazos,2023-03-25T15:56:18,2023-03-25T10:56:17,eyc-logistica@hotmail.com,1,50.00,50.00,PE,Bellavista,CAL,
"Naysha camila Anton Tapia","naysha camila.anton tapia",2023-03-25T00:00:00,2023-03-21T18:19:04,naisha_camila_8@hotmail.com,1,1600.00,1600.00,PE,Lima/Callao/Callao,CAL,
"yanelly loayza yarihuaman","yanelly.loayza yarihuaman",2023-03-24T16:50:27,2023-03-24T11:50:26,yanelly29yarihuaman@gmail.com,1,230.00,230.00,PE,"san vicente de cañete",LIM,
"Roberto Daniel Blanco Torres","roberto daniel.blanco torres",2023-03-24T05:02:02,2023-03-24T00:02:01,dan201227@gmail.com,1,525.00,525.00,PE,Huacho,LIM,
"Cynthia Escate Ugaz","cynthia.escate ugaz",2023-03-23T21:54:54,2023-03-23T16:54:53,cynthiaugaz@gmail.com,1,3200.00,3200.00,PE,Lima,CAL,
"Ana María Bartra Calmet","ana maria.bartra calmet",2023-03-21T13:15:03,2023-03-21T08:15:02,anamaria.bartra@hotmail.com,1,1600.00,1600.00,PE,"La Molina",LIM,
"Rocio del Carmen Soto Montalva","rocio del carmen.soto montalva",2023-03-21T00:00:00,2023-03-19T21:56:33,rocio.soto2012@gmail.com,1,3200.00,3200.00,PE,Lima,LMA,
"Jose Mario Larrea fenco","jose mario.larrea fenco",2023-03-21T00:00:00,2023-03-14T15:38:16,ayjlarrea10@hotmail.com,1,45.00,45.00,PE,Lima,CAL,
"JULINHO VELIZ CANCHUMUNIA","julinho.veliz canchumunia",2023-03-20T01:34:40,2023-03-19T20:34:40,vjulinho2@gmail.com,1,3650.00,3650.00,PE,Huancayo,JUN,
"adgafd asdgasdg",adgafd.asdgasdg,2023-03-20T00:00:00,2023-03-06T12:58:20,asdgadg@oasdkgad.com,1,4150.00,4150.00,PE,lima,LMA,
"Marietta Montero Rodriguez","marietta.montero rodriguez",2023-03-20T00:00:00,2023-03-19T09:27:16,yomarietta@yahoo.com,1,120.00,120.00,PE,Lima,LMA,
"Anthony Ramos lindo","anthony.ramos lindo",2023-03-18T04:50:04,2023-03-17T23:50:03,elcalderox100pre@gmail.com,1,700.00,700.00,PE,Lima,LMA,
"Natalia Jaramillo Guevara","natalia.jaramillo guevara",2023-03-18T04:32:11,2023-03-17T23:32:10,nataliajaramilloguevara@gmail.com,1,1750.00,1750.00,PE,Lima,LIM,
"Caterin Valenzuela",caterin.valenzuela,2023-03-18T04:03:37,2023-03-17T23:03:36,quake54@gmail.com,1,1600.00,1600.00,PE,"San isidro",LIM,
"Merly De la cruz torres","merly.de la cruz torres",2023-03-17T00:00:00,2023-03-16T12:32:14,hermajoni2724@gmail.com,1,5000.00,5000.00,PE,Pisco,ICA,
"Katheryne Estefani Godoy Flores","katheryne estefani.godoy flores",2023-03-17T00:00:00,2023-03-16T12:42:57,katherine9596@gmail.com,1,2200.00,2200.00,PE,"San Felipe",LIM,
"matias guzman figueroa","matias.guzman figueroa",2023-03-16T23:57:59,2023-03-16T18:57:58,mg993403@gmail.com,1,40.00,40.00,PE,lima,LIM,
"Delver Villanueva Calderón","delver.villanueva calderon",2023-03-16T22:01:21,2023-03-16T17:01:20,xdelver_live@outlook.com,1,4450.00,4450.00,PE,Cajabamba,CAJ,
"Eduardo Guido Flores","eduardo.guido flores",2023-03-16T18:17:04,2023-03-16T13:17:03,edu.gui.flo2476@hotmail.com,1,3750.00,3750.00,PE,Lima,LIM,
"Nicolas Barrio Montezuma","nicolas.barrio montezuma",2023-03-16T17:37:33,2023-03-16T12:37:33,nbarrio6@gmail.com,1,140.00,140.00,PE,Surco,LIM,
"Yocelin Pérez Siquero","yocelin.perez siquero",2023-03-16T01:53:03,2023-03-15T20:53:02,selenegamboaccoillo@hotmail.com,1,160.00,160.00,PE,Chorrillos,LIM,
"Pamela Gutiérrez",pamela.gutierrez,2023-03-16T00:08:03,2023-03-15T19:08:02,pamelalu.gutierrez31@gmail.com,1,100.00,100.00,PE,"La molina",LIM,
"Leidy Oblitas",leidy.oblitas,2023-03-15T22:51:32,2023-03-15T17:51:31,ley.killari@gmail.com,1,4450.00,4450.00,PE,Juliaca,PUN,
"Miluska Gonzales palomino","miluska.gonzales palomino",2023-03-15T13:00:05,2023-03-15T08:00:04,miluskagonzales8@gmail.com,1,5000.00,5000.00,PE,Lima,LIM,
"Luz Fatima Chacón Aguilar","luz fatima.chacon aguilar",2023-03-15T03:04:36,2023-03-14T22:04:35,fatimachacon532@gmail.com,1,3550.00,3550.00,PE,Lima/Lima,LIM,
"Carmen Chavez Rivas","carmen.chavez rivas",2023-03-15T00:00:00,2023-03-04T15:50:04,karmen_espinoza29@hotmail.com,2,7300.00,3650.00,PE,Callao,CAL,
"Xingyuan Ye",xingyuan.ye,2023-03-14T18:47:49,2023-03-13T18:02:40,fannyyep84@gmail.com,2,230.00,115.00,PE,Lima,LMA,
"Miguel angel Orihuela orbezo","miguel angel.orihuela orbezo",2023-03-14T17:43:48,2023-03-14T12:43:47,miguel_orihuela79@hotmail.com,1,6200.00,6200.00,PE,Amarilis,HUC,
"Rocio Buendia Rivas","rocio.buendia rivas",2023-03-14T15:24:51,2022-11-09T11:35:35,rociobuendia.rivas@gmail.com,2,1060.00,530.00,PE,Chilca,JUN,
"Gustavo Alejandro",gustavo.alejandro,2023-03-14T00:00:00,2023-03-13T16:40:55,penagustavo1993@gmail.com,1,3650.00,3650.00,PE,"Magdalena del mar",LIM,
"betzabe salazar flores","betzabe.salazar flores",2023-03-13T22:25:20,2023-03-13T17:25:17,saflo.bet@gmail.com,1,2200.00,2200.00,PE,Lima/Lima/Carabayllo,LIM,
"Zully Reyna Collantes","zully.reyna collantes",2023-03-13T17:27:56,2023-03-13T12:27:55,zully97_01_04@hotmail.con,1,3550.00,3550.00,PE,Chachapoyas,AMA,
"Jorge Flores Yomona","jorge.flores yomona",2023-03-12T00:00:00,2023-03-11T11:09:20,jfloresyomona@hotmail.com,1,2200.00,2200.00,PE,"San Juan de Lurigancho, Lima",LMA,
"Margarita Belen Silva Salvatierra","margarita belen.silva salvatierra",2023-03-12T00:00:00,2023-03-08T23:01:45,belen.silva.salva@gmail.com,1,50.00,50.00,PE,Lima,LIM,
"FREDDY GERARDO MUEDAS LUYO","freddy gerardo.muedas luyo",2023-03-11T17:33:13,2023-03-11T12:33:12,gerardomuedas@gmail.com,1,80.00,80.00,PE,"SAN VICENTE DE CAÑETE",LIM,
"Fidel Rivas",fidel.rivas,2023-03-11T00:00:00,2023-03-08T12:00:52,Fersriivas@gmail.com,1,80.00,80.00,PE,Lima,LIM,
"YOCELIN PEREZ",yocelin.perez,2023-03-10T00:26:43,2023-03-09T19:26:42,yocelinperez87@hotmail.com,1,150.00,150.00,PE,*,LIM,
"PAUL IRVING MENDEZ ALCANTARA","paul irving.mendez alcantara",2023-03-09T18:16:48,2023-03-09T13:16:47,malcantara.paul@gmail.com,1,3200.00,3200.00,PE,LIMA,LIM,
"Jhonny Palacios Gutierrez","jhonny.palacios gutierrez",2023-03-09T00:07:58,2023-03-08T19:07:57,davidregx@gmail.com,1,2200.00,2200.00,PE,"Los organos",PIU,
"Moises Martinez flores","moises.martinez flores",2023-03-07T21:10:53,2023-03-07T16:10:52,martinezmoises169@gmail.com,1,90.00,90.00,PE,"San martin de porres",LIM,
"Tatiana Vásquez",tatiana.vasquez,2023-03-07T06:46:08,2023-03-07T01:46:08,tatianavy07@gmail.com,1,3650.00,3650.00,PE,Lima,LIM,
"Amador Elias Quillama Polo","amador elias.quillama polo",2023-03-07T00:00:00,2023-03-05T08:56:41,importacionesq.n@gmail.com,1,3650.00,3650.00,PE,Lima,LMA,
"Jessica Zuñiga Villalobos","jessica.zuniga villalobos",2023-03-07T00:00:00,2023-03-06T14:46:10,jessica004422@gmail.com,1,2200.00,2200.00,PE,Surco,LIM,
"Carlos Omar Pacheco Barrientos","carlos omar.pacheco barrientos",2023-03-06T20:52:30,2023-03-06T15:52:29,carlosomarpachecob34@hotmail.com,1,1750.00,1750.00,PE,callao,CAL,
"Alex Santiago Meji","alex.santiago meji",2023-03-06T19:06:07,2023-03-06T14:06:06,epretelm@gmail.com,1,3650.00,3650.00,PE,"Los Olivos",LMA,
"Evelyne La Madrid Santana","evelyne.la madrid santana",2023-03-06T18:30:35,2023-03-06T13:30:34,eklamadrids@gmail.com,1,5000.00,5000.00,PE,Lima,LIM,
"Maria Morales Grados","maria.morales grados",2023-03-06T17:58:48,2023-03-06T12:58:48,kevinelproomasna0112@gmail.com,1,2200.00,2200.00,PE,"El agustino",LMA,
"Guillermo Pequeña",guillermo.pequena,2023-03-06T01:37:27,2023-03-05T20:37:26,guillermopeque2596@gmail.com,1,6200.00,6200.00,PE,Ate,LMA,
"Thiara Tocto Cruz","thiara.tocto cruz",2023-03-06T00:00:00,2023-03-01T20:53:06,thaiii0120@gmail.com,1,2200.00,2200.00,PE,Piura,PIU,
"Leslie RURUSH Monsalve","leslie.rurush monsalve",2023-03-05T00:14:01,2023-03-04T19:14:00,lexindyrush@gmail.com,1,3650.00,3650.00,PE,Huarmey,ANC,
"Fiorella Guardamino Monsefú","fiorella.guardamino monsefu",2023-03-04T17:38:10,2023-03-04T12:38:09,fiorellanayeli1308@gmail.com,1,50.00,50.00,PE,Lima,LIM,
"johnny ruiz galves","johnny.ruiz galves",2023-03-03T16:03:02,2023-03-03T11:03:01,ruizgalvesjohnny@gmail.com,1,100.00,100.00,PE,"carmen de la legua reynoso",CAL,
"César Gastello Romero","cesar.gastello romero",2023-03-03T03:45:42,2023-03-02T22:45:41,c.gastello.r@gmail.com,1,100.00,100.00,PE,Lima,LIM,
"tedy manuel sandoval garcia","tedy manuel.sandoval garcia",2023-03-02T16:49:23,2023-03-02T11:49:22,sandovalteddy07@gmail.com,1,4250.00,4250.00,PE,"san juan de lurigancho",LMA,
"mario romero rios","mario.romero rios",2023-03-02T16:26:40,2023-03-02T11:26:39,carlosvivasrivas@gmail.com,1,150.00,150.00,PE,chorrillos,LIM,
"Gabriel Isidro Pacheco Salas","gabriel isidro.pacheco salas",2023-03-02T01:12:25,2023-03-01T20:12:24,gpachecosalas@hotmail.com,1,4450.00,4450.00,PE,Arequipa,ARE,
"Raul Ureta ataucusi","raul.ureta ataucusi",2023-03-01T23:11:03,2023-03-01T18:11:02,aries0204_1983@hotmail.com,1,110.00,110.00,PE,Sechura,PIU,
"Evelyn Rivera D'unian","evelyn.rivera dunian",2023-03-01T21:53:07,2023-03-01T16:53:06,ekatrid25@gmail.com,1,150.00,150.00,PE,"Comas /Lima",LIM,
"Johana Yendo monzón","johana.yendo monzon",2023-03-01T00:00:00,2023-02-28T15:52:37,yendo_13@hotmail.com,1,1025.00,1025.00,PE,Chimbote,ANC,
"Melannie Zu Espinoza Silva","melannie zu.espinoza silva",2023-03-01T00:00:00,2023-02-16T16:11:05,melanniesueespinoza@gmail.com,1,155.00,155.00,PE,Lima,LIM,
"Piero Cuadros",piero.cuadros,2023-02-28T13:37:46,2023-02-28T08:37:45,pierocuadrosfranco@gmail.com,1,120.00,120.00,PE,"La Victoria",LIM,
"Beatriz Rosales",beatriz.rosales,2023-02-28T00:00:00,2023-02-24T11:16:24,beatrizrh2109@gmail.com,1,4350.00,4350.00,PE,"Santa Anita",LIM,
"Wilder Correa Sanchez","wilder.correa sanchez",2023-02-27T22:52:49,2023-02-27T17:52:48,willycorreas@gmail.com,1,4450.00,4450.00,PE,"San miguel",LIM,
"AURA FARFAN",aura.farfan,2023-02-27T18:03:45,2023-02-27T13:03:45,sarafaracos@gmail.com,1,775.00,775.00,PE,LIMA,LIM,
"José Hilares Untiveros","jose.hilares untiveros",2023-02-27T14:05:32,2023-02-27T09:05:31,jahutj.jh@gmail.com,1,15.00,15.00,PE,Lima,LIM,
"Jesus Cubas",jesus.cubas,2023-02-27T01:42:31,2023-02-26T20:42:30,azabachejesusc@gmail.com,1,6200.00,6200.00,PE,Chiclayo,LAM,
"MAYRA VILLANUEVA",mayra.villanueva,2023-02-24T23:48:28,2023-02-24T18:48:27,mvillanueva@ctccallao.com.pe,1,3450.00,3450.00,PE,CALLAO,CAL,
"Walter s Silva Tinedo","walter s.silva tinedo",2023-02-24T19:05:53,2023-02-24T14:05:52,walterio8@hotmail.com,1,6200.00,6200.00,PE,"San Martín de porres",LIM,
"Jesus Daniel Carrasco Ramirez","jesus daniel.carrasco ramirez",2023-02-24T17:39:05,2023-02-24T12:39:04,jcarrascor0112@gmail.com,1,85.00,85.00,PE,"Ventanilla - Callao",CAL,
"Grecia Velásquez",grecia.velasquez,2023-02-22T14:17:34,2023-02-22T09:17:33,grevean10@gmail.com,1,2200.00,2200.00,PE,Chimbote,ANC,
"alexander reynoso",alexander.reynoso,2023-02-22T02:35:13,2023-02-21T21:35:12,reynosoal2010@gmail.com,1,120.00,120.00,PE,Tinguiña,ICA,
"Carlos del Piero Bohorquez Márquez","carlos del piero.bohorquez marquez",2023-02-22T00:00:00,2023-02-21T02:11:13,piero151015@gmail.com,1,3650.00,3650.00,PE,Lima,LMA,
"Carlos Valdez",carlos.valdez,2023-02-22T00:00:00,2023-02-09T15:52:36,elvichoasesino@hotmail.com,1,3650.00,3650.00,PE,Surco,LIM,
"Saith Buztinza ortiz","saith.buztinza ortiz",2023-02-20T19:13:08,2023-02-18T11:04:15,Sbustinzaortiz@gmail.com,2,220.00,110.00,PE,Marcona,ICA,
"Larisa Hernandez",larisa.hernandez,2023-02-20T15:00:38,2023-02-20T10:00:36,larissahernandezv@gmail.com,1,1600.00,1600.00,PE,"Majes - El pedregal",ARE,
"Agustín Tafur Suárez","agustin.tafur suarez",2023-02-20T05:53:39,2023-02-20T00:53:38,agustintafsuar@gmail.com,1,1850.00,1850.00,PE,Lambayeque,LAM,
"Jesus Rojas Medina","jesus.rojas medina",2023-02-19T03:27:42,2023-02-18T22:27:41,jr032576@gmail.com,1,7300.00,7300.00,PE,Lima,LMA,
"Adalgisa Lazaro quina","adalgisa.lazaro quina",2023-02-19T00:00:00,2023-02-18T20:00:57,estefani_0130@hotmail.com,1,2200.00,2200.00,PE,"Punta hermosa",LMA,
"Pedro Luis Leon Paima","pedro luis.leon paima",2023-02-18T23:54:04,2023-02-18T18:54:03,xdzitachi@gmail.com,1,1600.00,1600.00,PE,Lima,LIM,
"Karina Herrera",karina.herrera,2023-02-17T23:21:31,2023-02-17T18:21:30,karinaymy@gmail.com,1,85.00,85.00,PE,Lima,LIM,
"Brian blondet",brian.blondet,2023-02-14T19:29:08,2023-02-14T14:29:07,brianblondet@gmail.com,1,40.00,40.00,PE,Lima,LIM,
"Elber Peña Aguilar","elber.pena aguilar",2023-02-13T17:38:17,2023-02-13T12:38:16,elber.p.aguilar@gmail.com,1,70.00,70.00,PE,Ica,ICA,
"Geraldine Gissell Paredes Candio","geraldine gissell.paredes candio",2023-02-13T00:00:00,2023-02-11T01:45:36,geeralparedes@gmail.com,1,6200.00,6200.00,PE,Lima,LMA,
"Gianpiere Victor Lopera Bazalar","gianpiere victor.lopera bazalar",2023-02-12T02:52:52,2023-02-11T21:52:51,lgianpiere@gmail.com,1,3650.00,3650.00,PE,"Lima, Lima, Perú",LIM,
"Pedro Zavala Limas","pedro.zavala limas",2023-02-11T20:34:40,2023-02-11T15:34:39,pmzaval@gmail.com,1,100.00,100.00,PE,Surquillo,LIM,
"Carina Quispe",carina.quispe,2023-02-09T03:37:01,2023-02-08T22:37:00,carinaqr1109@hotmail.com,1,6200.00,6200.00,PE,Amarilis,HUC,
"Carlos Humberto Espejo mostacero","carlos humberto.espejo mostacero",2023-02-09T00:00:00,2023-01-30T18:51:25,carloshumbert2311@gmail.com,1,45.00,45.00,PE,Trujillo,LAL,
"DANNY MARCEL LOPEZ BENZAQUEN","danny marcel.lopez benzaquen",2023-02-09T00:00:00,2023-02-07T10:45:41,blackorwhite_dm@hotmail.com,1,4450.00,4450.00,PE,"Tingo Maria",HUC,
"Diany Otero Vela","diany.otero vela",2023-02-07T00:00:00,2023-01-27T21:46:25,diany.vela.24@gmail.com,1,3650.00,3650.00,PE,Chiclayo,LAM,
"Silvia Patricia Bracamonte Aponte","silvia patricia.bracamonte aponte",2023-02-06T17:48:14,2023-02-06T12:48:14,silviabracamonte@gmail.com,1,1050.00,1050.00,PE,Lima,LIM,
"Roberto carlos Cornetero Quispe","roberto carlos.cornetero quispe-3505",2023-02-04T06:27:53,2023-02-04T01:27:53,rcorneteroquispe@gmail.com,1,930.00,930.00,PE,Lima,LMA,
"Marghorit Iglesias Paredes","marghorit.iglesias paredes",2023-02-03T23:10:07,2023-02-03T18:10:07,marghorit10@gmail.com,1,100.00,100.00,PE,"Santiago de surco",LIM,
"Gdvd Jdhd",gdvd.jdhd,2023-02-02T03:46:21,2023-02-01T22:46:20,hdjdj@hdh.com,1,120.00,120.00,PE,Independencia,LIM,
"christian macedo chavez","christian.macedo chavez",2023-02-02T00:00:00,2023-01-26T14:39:02,cmacedo85@hotmail.com,1,150.00,150.00,PE,lince,LIM,
"carla azpiri",carla.azpiri,2023-02-01T20:41:57,2023-02-01T15:41:56,carlachuy5h@gmail.com,1,35.00,35.00,PE,Lima,LIM,
"Maria susana Caballero Aranibar","maria susana.caballero aranibar",2023-01-30T00:00:00,2023-01-20T19:37:31,Susana_kbayro@hotmail.com,1,3550.00,3550.00,PE,Tacna,TAC,
"Ingrid Paredes Villalobos","ingrid.paredes villalobos",2023-01-30T00:00:00,2023-01-27T21:54:17,ingridcita1385@gmail.com,1,620.00,620.00,PE,Chiclayo,LAM,
"Andrea Fátima Flores Urquieta","andrea fatima.flores urquieta",2023-01-25T18:00:47,2023-01-25T13:00:43,andreafatima.flores@unmsm.edu.pe,1,1750.00,1750.00,PE,Lima,LMA,
"Enzo ariel Fernandez marcacuzco","enzo ariel.fernandez marcacuzco",2023-01-24T15:32:29,2023-01-24T10:32:29,arielfzm1@gmail.com,1,6200.00,6200.00,PE,Lima,LMA,
"Natalia Benites medina","natalia.benites medina",2023-01-24T00:00:00,2023-01-20T19:53:22,nbenites054@gmail.com,1,3800.00,3800.00,PE,Lima,LIM,
"Edson campos",edson.campos,2023-01-24T00:00:00,2023-01-19T11:05:08,edsonka06@gmail.com,1,150.00,150.00,PE,Lima,LIM,
"diego alcazar morales","diego.alcazar morales",2023-01-23T00:00:00,2022-12-20T12:52:17,dalcazar24@hotmail.com,1,35.00,35.00,PE,Lima,LIM,
"Piero Alonso Chuquicaña Sihuincha","piero alonso.chuquicana sihuincha",2023-01-22T00:00:00,2023-01-21T17:50:58,pieroalonso2011@hotmail.com,1,50.00,50.00,PE,Surco,LIM,
"Delenner Urrutia Tantalean","delenner.urrutia tantalean",2023-01-21T21:33:41,2023-01-21T16:33:38,delenner04@gmail.com,1,45.00,45.00,PE,Trujillo,LAL,
"Nidia Amasifen",nidia.amasifen,2023-01-21T00:00:00,2023-01-12T11:05:11,nidiaamasifen@gmail.com,1,140.00,140.00,PE,Rimac,LMA,
"Cristhian Urbano Quiñones","cristhian.urbano quinones",2023-01-21T00:00:00,2023-01-14T22:25:59,dx20_2@hotmail.com,1,120.00,120.00,PE,Independencia,LMA,
"Jhon Granados Huaytalla","jhon.granados huaytalla",2023-01-21T00:00:00,2023-01-19T16:19:13,cynthiavmo@gmail.com,1,4150.00,4150.00,PE,Lima,LIM,
"Juan Torres Guevara","juan.torres guevara",2023-01-20T00:00:00,2023-01-19T18:11:24,torresguevara86@gmail.com,1,15.00,15.00,PE,Lima,LMA,
"Jhon Ordoñez Ramos","jhon.ordonez ramos",2023-01-20T00:00:00,2023-01-06T18:59:03,jhon.ordonez1@gmail.com,1,930.00,930.00,PE,Lima,LIM,
"ANGEL YAMIR CHAVEZ JIMENEZ","angel yamir.chavez jimenez",2023-01-19T20:05:59,2023-01-19T15:05:56,mili_ravanal22@hotmail.com,1,1750.00,1750.00,PE,Bellavista,CAL,
"Edson jair Campos torres","edson jair.campos torres",2023-01-19T16:57:54,2023-01-19T11:57:52,katerine.lvj@gmail.com,1,150.00,150.00,PE,Callao,CAL,
"Oscar Cordero Godoy","oscar.cordero godoy",2023-01-19T00:19:41,2023-01-18T19:19:38,corderogodoyoscar@gmail.com,1,4450.00,4450.00,PE,Ica,ICA,
"Katherine Miranda",katherine.miranda,2023-01-19T00:00:00,2023-01-11T17:08:31,klimit_87@hotmail.com,1,3200.00,3200.00,PE,Callao,CAL,
"Diego Jimenez",diego.jimenez,2023-01-18T00:00:00,2023-01-05T10:03:30,diegoj42@hotmail.com,1,40.00,40.00,PE,Rimac,LIM,
"Rodrigo Amorós Castillo","rodrigo.amoros castillo",2023-01-17T22:09:55,2023-01-17T17:09:52,raac20102013@gmail.com,1,90.00,90.00,PE,"San miguel",LIM,
"JAZMIN CARDENAS",jazmin.cardenas,2023-01-17T16:48:55,2023-01-17T11:48:52,jazmincardenas.ap@gmail.com,1,1750.00,1750.00,PE,lima,LIM,
"Juan Valderrama",juan.valderrama,2023-01-16T00:00:00,2023-01-10T11:27:19,juvama-30@hotmail.com,2,155.00,77.50,PE,Huamachuco,LAL,
"Ernan Zamora vargas","ernan.zamora vargas",2023-01-15T01:06:22,2023-01-14T20:06:19,ernansamora94@gmail.com,1,6200.00,6200.00,PE,Lima,LIM,
"Maryuri Coico espinoza","maryuri.coico espinoza",2023-01-14T18:10:00,2023-01-14T13:09:57,coico2019@outlook.com,1,1750.00,1750.00,PE,Piura,PIU,
"Lisbeth Mendoza Leon","lisbeth.mendoza leon",2023-01-13T23:27:35,2023-01-13T18:27:31,mlisbeth021@gmail.com,1,1650.00,1650.00,PE,Lurin,LIM,
"jhhlk khjlh",jhhlk.khjlh,2023-01-12T12:29:41,2023-01-12T07:29:39,baga@haiao.com,1,1750.00,1750.00,PE,hljlk,HUC,
"Betty Quintana cabezas","betty.quintana cabezas",2023-01-12T00:46:05,2023-01-11T19:46:02,betty_katty@hotmail.com,1,1650.00,1650.00,PE,"Delicias de villa chorrillos",LIM,
"Aydee Panduro llana","aydee.panduro llana",2023-01-12T00:00:00,2023-01-11T18:15:20,aydeepll27@gmail.com,1,4450.00,4450.00,PE,Lima,LIM,
"Nicole Almeyda Ramirez","nicole.almeyda ramirez",2023-01-11T16:15:24,2023-01-11T11:15:17,nicolealmeyda27@gmail.com,1,100.00,100.00,PE,Lima,LIM,
"dd sdsd",dd.sdsd,2023-01-11T07:56:56,2023-01-11T02:56:54,GGG@hotmail.com,1,150.00,150.00,PE,huamanga,AYA,
"diego flores",diego.flores,2023-01-11T00:00:00,2023-01-01T15:48:54,diegoflores311@gmail.com,1,155.00,155.00,PE,"Santiago de Surco",LIM,
"Carlos Marcelo Cabrera Mercado","carlos marcelo.cabrera mercado",2023-01-11T00:00:00,2023-01-10T13:55:13,carlos.cabrera00@hotmail.com,1,100.00,100.00,PE,"San Juan de Miraflores",LIM,
"Eitan Jean Pierre Mollinedo Ochoa","eitan jean pierre.mollinedo ochoa",2023-01-10T16:50:34,2023-01-10T11:50:30,eitan8a@gmail.com,1,4450.00,4450.00,PE,Cusco,CUS,
"Johana López zapata","johana.lopez zapata",2023-01-07T19:26:44,2023-01-07T14:26:41,kea_ra23@hotmail.com,1,90.00,90.00,PE,"Lima , lima",LIM,
"Jocelyn Cotrina",jocelyn.cotrina,2023-01-05T22:22:33,2023-01-05T17:22:30,jocelynn0296@gmail.com,1,3450.00,3450.00,PE,Lima,LIM,
"STANLEY MAURICIO TORRES","stanley.mauricio torres",2023-01-05T18:23:32,2023-01-05T13:23:29,smt0292@gmail.com,1,4450.00,4450.00,PE,CHANCHAMAYO,JUN,
"harold salazar",harold.salazar,2023-01-05T00:00:00,2022-12-31T17:25:09,haroldjs29@outlook.com,1,3200.00,3200.00,PE,"San Martín De Porres",LIM,
"Mercy Jacinto Ycanaque","mercy.jacinto ycanaque",2023-01-05T00:00:00,2023-01-05T10:05:11,merxita1234575@gmail.com,1,155.00,155.00,PE,Paita,PIU,
"FLOR MARIA OHEP","flor maria.ohep",2023-01-04T00:00:00,2023-01-03T14:21:44,ohepflor@gmail.com,1,35.00,35.00,PE,LIMA,LIM,
"Carlos Jeri De Pinho","carlos.jeri de pinho",2023-01-04T00:00:00,2023-01-03T17:34:52,cjdepinho@gmail.com,1,35.00,35.00,PE,"Magdalena del Mar",LMA,
"David Gerardo Guzman giraldo","david gerardo.guzman giraldo",2023-01-03T16:41:33,2023-01-03T11:41:30,gerardopops@gmail.com,1,140.00,140.00,PE,"Cercado de lima",LMA,
"PERCY ALCAZABA DORADOR","percy.alcazaba dorador",2023-01-03T16:35:58,2023-01-03T10:15:09,percyalcazaba629@gmail.com,2,305.00,152.50,PE,"lima / breña",LIM,
"Daniel Moreno",daniel.moreno,2023-01-03T00:00:00,2022-12-21T15:16:35,d.moreno.l@hotmail.com,1,100.00,100.00,PE,"San Miguel",LIM,
"Roberto Carlos Cornetero Quispe","roberto carlos.cornetero quispe",2023-01-01T16:56:16,2023-01-01T11:55:55,cecarlos2605@gmail.com,1,190.00,190.00,PE,Lima,LMA,
"Huber Ayrton Peña Pari","huber ayrton.pena pari",2022-12-30T00:00:00,2022-12-29T06:38:23,huber.pari@gmail.com,1,930.00,930.00,PE,Lima,LIM,
"Sheylla Arbulu",sheylla.arbulu,2022-12-29T22:00:39,2022-12-29T17:00:35,shey_ab@hotmail.com,1,35.00,35.00,PE,Chiclayo,LAM,
"Brigitthe Carbajal Ccorahua","brigitthe.carbajal ccorahua",2022-12-29T16:28:57,2022-12-19T19:23:45,BRIGITTHECARBAJALCC@GMAIL.COM,2,4400.00,2200.00,PE,Lima,LIM,
"Mariaines Canales condori","mariaines.canales condori",2022-12-29T04:50:52,2022-12-28T23:50:49,mariaines1415@hotmail.com,1,3500.00,3500.00,PE,lima,LMA,
"Milagros Lopez",milagros.lopez,2022-12-28T05:19:28,2022-12-28T00:19:25,milagros_31_11@hotmail.com,1,35.00,35.00,PE,Huaral,LIM,
"Estefania Adriazola",estefania.adriazola,2022-12-27T17:01:04,2022-12-27T12:01:00,estefania.adriazola.loja@gmail.com,1,3600.00,3600.00,PE,"San Isidro",LIM,
"Gerardo Raul Marcas Champi","gerardo raul.marcas champi",2022-12-27T01:07:52,2022-12-26T20:07:50,ger.r.marcas@gmail.com,1,3800.00,3800.00,PE,Breña,LIM,
"Julio Tello",julio.tello,2022-12-26T22:46:32,2022-12-26T17:46:29,juliotello004@gmail.com,1,5100.00,5100.00,PE,Lima,LMA,
"EMMA MAYTE LAPEYRE CHAMBE","emma mayte.lapeyre chambe",2022-12-24T02:04:08,2022-12-23T21:04:05,LAPEYREMAYTE@GMAIL.COM,1,3500.00,3500.00,PE,LIMA,LMA,
"Jaime Urday Lovatón","jaime.urday lovaton",2022-12-23T00:00:00,2022-12-12T14:27:33,jaime_2704@live.com,1,1380.00,1380.00,PE,Lima,LIM,
"Alex Rubio Ortiz","alex.rubio ortiz",2022-12-23T00:00:00,2022-12-22T18:09:18,alexrubio@gmail.com,1,120.00,120.00,PE,"Santiago de Surco, Lima",LMA,
"Ylih vladimir Baca Mora","ylih vladimir.baca mora",2022-12-22T00:00:00,2022-12-19T18:31:31,vladimaras21@gmail.com,1,2200.00,2200.00,PE,Cusco,CUS,
"Eduardo Vasquez",eduardo.vasquez,2022-12-22T00:00:00,2022-12-21T15:31:26,vasquez.eduardo@gmail.com,1,875.00,875.00,PE,"San Borja",LIM,
"Aarom Egusquiza Salas","aarom.egusquiza salas",2022-12-21T13:39:22,2022-12-21T08:39:20,aarom.1507@gmail.com,1,110.00,110.00,PE,Lima,LIM,
"LUIS ALEXANDRO PIERO CHAMPI BAUTISTA","luis alexandro piero.champi bautista",2022-12-20T00:00:00,2022-12-18T18:26:21,luiscb20195d@gmail.com,1,40.00,40.00,PE,"San Juan De Miraflores",LMA,
"Fiorela Estrada yarlequé","fiorela.estrada yarleque",2022-12-19T00:00:00,2022-12-19T18:39:10,gyanelly77@hotmail.com,1,1750.00,1750.00,PE,Piura,PIU,
"EDWIN EDUARDO CAMPOJO ROBLEDO","edwin eduardo.campojo robledo",2022-12-16T12:55:32,2022-12-16T07:55:28,eybps@hotmail.com,1,80.00,80.00,PE,CHICLAYO,LAM,
"Jeanely Garcia",jeanely.garcia,2022-12-15T18:49:16,2022-12-15T13:49:13,jeanely.garcia@pucp.pe,1,80.00,80.00,PE,Lima,LIM,
"Evelyn Lazo",evelyn.lazo,2022-12-15T00:36:40,2022-12-14T19:36:37,evelyn_lazo29_@hotmail.com,1,1750.00,1750.00,PE,"Santa anita",LIM,
"Victor Cristóbal Espinoza","victor.cristobal espinoza",2022-12-13T00:00:00,2022-12-13T16:37:47,vicries94@gmail.com,1,1750.00,1750.00,PE,Huayllay,PAS,
"Richard Canchari",richard.canchari,2022-12-10T21:35:52,2022-12-10T16:35:48,canchariperalesr@gmail.com,1,100.00,100.00,PE,Surco,LIM,
"Ernesto Rivera chinga","ernesto.rivera chinga",2022-12-08T02:41:32,2022-12-07T21:41:30,alambiquesrivera@yahoo.com,1,50.00,50.00,PE,Lima,LMA,
"Felix Kacjero",felix.kacjero,2022-12-07T04:32:14,2022-12-06T23:32:12,pedrokaatillo@gmail.com,1,200.00,200.00,PE,Lime,LMA,
"enrique albarracin",enrique.albarracin,2022-12-07T03:35:34,2022-11-22T00:14:57,kike323@hotmail.com,2,7600.00,3800.00,PE,pisco,ICA,
"max esteban Pineda tello","max esteban.pineda tello",2022-12-07T00:00:00,2022-11-23T15:20:28,pintadonis@hotmail.com,2,2500.00,1250.00,PE,ayacucho,AYA,
"JOHAANA ELIAS",johaana.elias,2022-12-06T17:59:57,2022-12-06T12:59:54,epalmaja@ucvvirtual.edu.pe,1,150.00,150.00,PE,LIMA,LIM,
"Maritza Mejía Vasquez","maritza.mejia vasquez",2022-12-04T00:00:00,2022-11-23T19:11:19,3maritza07@gmail.com,1,155.00,155.00,PE,Lima,LIM,
"Fabricio André Cáceres Salas","fabricio andre.caceres salas",2022-12-03T00:00:00,2022-11-28T11:59:56,fabriciocaceres6661@gmail.com,1,150.00,150.00,PE,Chorrillos,LIM,
"Juan Gutierrez",juan.gutierrez,2022-12-02T21:20:17,2022-12-02T16:19:02,juan@gmail.com,2,7000.00,3500.00,PE,aaaa,LIM,
"jose llancari",jose.llancari,2022-12-02T19:34:45,2022-12-02T14:34:43,jc.llancari@gmail.com,1,155.00,155.00,PE,lima,LIM,
"Deivis Solano lopez","deivis.solano lopez",2022-12-02T17:53:26,2022-12-02T12:53:24,deivizsolano92@gmail.com,1,110.00,110.00,PE,Tumbes,TUM,
"Soares Soares",soares.soares,2022-11-30T23:07:25,2022-11-30T18:07:22,girlana.soares@icloud.com,1,4550.00,4550.00,PE,1501,LIM,
"Marco Piñan Gomez","marco.pinan gomez",2022-11-28T00:00:00,2022-11-26T09:59:25,mpinan@hardkith.com,1,40.00,40.00,PE,"Mayorzago / Ate",LIM,
"Victor Ramirez Ahuanari","victor.ramirez ahuanari",2022-11-27T00:00:00,2022-11-13T20:39:29,ramirezvictor1191@gmail.com,1,1750.00,1750.00,PE,Lima,LIM,
"Marco Piñan Gomez","marco.pinan gomez-4693",2022-11-26T21:27:06,2022-11-26T16:27:03,marcohascompradoelpan@gmail.com,1,40.00,40.00,PE,Lima,LIM,
"sussan grisely robles león","sussan grisely.robles leon",2022-11-26T12:37:15,2022-11-26T07:37:11,rosugr28@gmail.com,1,35.00,35.00,PE,LIMA,LIM,
"Zamantha Inocente",zamantha.inocente,2022-11-25T16:45:19,2022-11-25T11:45:15,zamanthai@grupofe.com.pe,1,3550.00,3550.00,PE,"San Borja",LMA,
"RONAL CRUZ QUISPE","ronal.cruz quispe",2022-11-25T01:00:09,2022-11-24T20:00:06,ronalcruz84@hotmail.com,1,85.00,85.00,PE,Miraflores,LIM,
"Javier Alexander Acuña morillas","javier alexander.acuna morillas",2022-11-24T12:51:30,2022-11-24T07:51:24,luciarch27dcm@gmail.com,1,3650.00,3650.00,PE,Trujillo,LAL,
"omar aguilar",omar.aguilar,2022-11-24T04:32:14,2022-11-23T23:32:10,omaraguilarbecerra1317@gmail.com,1,85.00,85.00,PE,"san luis",LMA,
"Joel Bolivar",joel.bolivar,2022-11-23T13:20:00,2022-11-23T08:19:58,joeljosebg@gmail.com,1,1750.00,1750.00,PE,"El Agustino",LIM,
"Joselyn Peralta Gonzales","joselyn.peralta gonzales",2022-11-22T23:08:54,2022-11-22T18:08:50,josyperaltag@gmail.com,1,1750.00,1750.00,PE,Lima,LIM,
"Nicolas Dupont",nicolas.dupont,2022-11-22T01:51:10,2022-11-21T20:51:07,nicolasdupontsuarez603@gmail.com,1,40.00,40.00,PE,Lima,LIM,
"Angel Ariel Hurtado Prado","angel ariel.hurtado prado",2022-11-21T00:00:00,2022-11-21T14:05:52,ahurtadoprado@gmail.com,1,120.00,120.00,PE,Sicuani,CUS,
"Bryan Humberto Godoy Del Campo","bryan humberto.godoy del campo",2022-11-18T00:00:00,2022-11-06T18:47:57,brigo9335@gmail.com,1,1750.00,1750.00,PE,Lima,LIM,
"sadsad sadasd",sadsad.sadasd,2022-11-15T06:07:24,2022-11-15T01:07:21,sadsad@ssdasd.com,1,1850.00,1850.00,PE,sdsfsdf,ANC,
"Dennis Cárdenas Mendoza","dennis.cardenas mendoza",2022-11-15T00:00:00,2022-11-11T00:41:59,decaoct@gmail.com,1,150.00,150.00,PE,Huacho,LIM,
"Harold Pinedo duran","harold.pinedo duran",2022-11-14T18:55:01,2022-11-14T13:54:58,hpinedo88@gmail.com,1,130.00,130.00,PE,Trujillo,LAL,
"Xiomara Ramírez Tueros","xiomara.ramirez tueros",2022-11-13T00:00:00,2022-11-10T20:51:34,xiomalee18@gmail.com,1,1750.00,1750.00,PE,Lima,LMA,
"Elizabeth Maura García","elizabeth.maura garcia",2022-11-12T14:23:32,2022-11-12T09:23:29,mauragarcialorena@gmail.com,1,110.00,110.00,PE,Lima,LIM,
"Julio Mauricio Pardo Villafranca","julio mauricio.pardo villafranca",2022-11-12T00:00:00,2022-11-11T16:10:07,jmpv37@yahoo.com,1,140.00,140.00,PE,Sullana,PIU,
"ANNI PINTO VARGAS","anni.pinto vargas",2022-11-11T16:00:10,2022-11-11T11:00:07,ANNIPINTO173@GMAIL.COM,1,120.00,120.00,PE,LIMA,LIM,
"YULI SANCHEZ ROQUE","yuli.sanchez roque",2022-11-11T15:35:07,2022-11-11T10:35:05,jhulyfour@gmail.com,1,70.00,70.00,PE,"PUENTE PIEDRA",LIM,
"William Miranda",william.miranda,2022-11-05T16:16:42,2022-11-05T11:16:40,wmiranda@remansac.com,1,70.00,70.00,PE,Surco,LMA,
"Mará Shantal López Canales","mara shantal.lopez canales",2022-11-04T17:16:28,2022-11-04T12:16:24,lopezcanales94@gmail.com,1,15.00,15.00,PE,Coracora,AYA,
"Helen Annie Rivas Garcia","helen annie.rivas garcia",2022-11-04T01:00:00,2022-10-27T23:35:44,annierig@gmail.com,1,3550.00,3550.00,PE,Lima,LIM,
"Piero Marcelo Espejo Flores","piero marcelo.espejo flores",2022-11-02T18:46:00,2022-11-02T13:45:56,milagros.salas.urbano@gmail.com,1,100.00,100.00,PE,"Pueblo libre",LMA,
"Edgar Capuñay",edgar.capunay,2022-11-02T06:14:51,2022-09-25T22:45:46,edgarchavesta@hotmail.com,2,290.00,145.00,PE,Callao,LIM,
"Eder Alberto Yovera Durand","eder alberto.yovera durand",2022-11-02T01:00:00,2022-10-20T15:16:39,ederyodu2@gmail.com,1,3000.00,3000.00,PE,Miraflores,LIM,
"Elard Vargas Cueto","elard.vargas cueto",2022-11-01T01:00:00,2022-10-30T17:01:59,elardvargas@hotmail.com,1,80.00,80.00,PE,Arequipa,ARE,
"SERGIO FAJARDO LINDO","sergio.fajardo lindo",2022-10-30T17:32:51,2022-10-30T12:32:47,sergio.fajardo93@gmail.com,1,4470.00,4470.00,PE,lima,LIM,
"Eva Callq",eva.callq,2022-10-28T22:45:24,2022-10-28T06:27:23,ecallacardenas@gmail.com,3,10650.00,3550.00,PE,Chiclayo,LAM,
"Adriana Abigail Valverde Davila","adriana abigail.valverde davila",2022-10-28T01:40:45,2022-10-27T20:40:42,abigailvalverde.15@gmail.com,1,50.00,50.00,PE,Lima,LIM,
"Josselyn Isabel Flores Barrios","josselyn isabel.flores barrios",2022-10-28T01:36:45,2022-10-27T20:36:42,josselyn.isabel15@gmail.com,1,4300.00,4300.00,PE,Callao,CAL,
"Christian Otoya Pacora","christian.otoya pacora",2022-10-27T21:19:07,2022-10-27T16:19:03,chrot20@gmail.com,1,150.00,150.00,PE,Huacho,LIM,
"Alan Rodriguez Garcia","alan.rodriguez garcia",2022-10-26T21:42:38,2022-10-26T16:42:35,alanrg179@gmail.com,1,3800.00,3800.00,PE,Ate,LIM,
"Emily Portilla",emily.portilla,2022-10-26T17:25:14,2022-10-26T12:25:11,emyportilla31@gmail.com,1,50.00,50.00,PE,Lima,LIM,
"Adhryel effio",adhryel.effio,2022-10-25T19:47:38,2022-10-25T14:47:34,adhryel@gmail.com,1,15.00,15.00,PE,Lima,LIM,
"Miriam Dextre salazar","miriam.dextre salazar",2022-10-25T01:00:00,2022-10-24T18:17:17,miriamdextresalazar031@gmail.com,1,30.00,30.00,PE,"Pueblo libre",LIM,
"Natalia Marce Hidalgo","natalia.marce hidalgo",2022-10-25T01:00:00,2022-10-11T22:37:16,nataliamarce8@gmail.com,1,3000.00,3000.00,PE,Lima,LMA,
"Jesus Angel Reyes Román","jesus angel.reyes roman",2022-10-18T20:00:38,2022-10-18T15:00:34,jesusangelreyesroman@gmail.com,1,30.00,30.00,PE,"San Martin de Porres",LIM,
"Santiago Francisco De La Cruz Cuaresma","santiago francisco.de la cruz cuaresma",2022-10-17T05:18:04,2022-10-17T00:17:59,santiagodelacrucz16@gmail.com,1,6500.00,6500.00,PE,Lima,LMA,
"Emanuel Chuquillanqui",emanuel.chuquillanqui,2022-10-16T01:00:00,2022-10-03T20:21:16,emanuelchuquillanquitrujillo@gmail.com,2,7300.00,3650.00,PE,Surquillo,LIM,
"María Alejandra Mejia Coloma","maria alejandra.mejia coloma",2022-10-15T20:38:07,2022-10-15T15:38:04,alejandramejiacoloma@gmail.com,1,3200.00,3200.00,PE,Lima,LIM,
"Sharon Burgos Delgado","sharon.burgos delgado",2022-10-15T01:57:09,2022-10-14T20:57:05,sharonburgosd@gmail.com,1,100.00,100.00,PE,Lima,LMA,
"Adriana Okura",adriana.okura,2022-10-15T01:00:00,2022-10-13T20:46:48,adri.okura@gmail.com,1,3000.00,3000.00,PE,lima,LIM,
"Matheus Pimenta Freitas","matheus.pimenta freitas",2022-10-15T01:00:00,2022-10-05T13:39:37,matheuspfreitas@gmail.com,1,1600.00,1600.00,PE,"Lima - Miraflores",LIM,
"Erick raul Pastor campo","erick raul.pastor campo",2022-10-14T01:00:00,2022-10-12T12:01:13,isaaceliu34@gmail.com,1,140.00,140.00,PE,Callao,CAL,
"Edsson Caro",edsson.caro,2022-10-13T03:23:03,2022-10-12T22:22:59,edssongol7@gmail.com,1,6500.00,6500.00,PE,Comas,LMA,
"Brigitte Beretta",brigitte.beretta,2022-10-13T01:00:00,2022-10-04T19:14:29,brigittebsv42910@gmail.com,1,50.00,50.00,PE,Breña,LMA,
"Valeria Moscoso Durand","valeria.moscoso durand",2022-10-13T01:00:00,2022-10-11T13:59:21,valedurand.2018@gmail.com,1,50.00,50.00,PE,"Gambetta baja",CAL,
"Jorge Antonio Huamán Olivera","jorge antonio.huaman olivera",2022-10-13T01:00:00,2022-10-11T13:59:13,jorgehuamanolivera94@gmail.com,1,240.00,240.00,PE,Lima,LIM,
"Jherey Loza canchari","jherey.loza canchari",2022-10-12T00:40:33,2022-10-11T19:40:30,jhereylozacanchari@gmail.com,1,130.00,130.00,PE,"Lima,ate",LIM,
"Karla Patricia Garcia Lucano","karla patricia.garcia lucano",2022-10-11T15:40:41,2022-10-11T10:40:38,ivondemariagl@gmail.com,1,4650.00,4650.00,PE,"Villa Nicolaza, Chorrillos",LIM,
"Fernando william Huaman rodriguez","fernando william.huaman rodriguez",2022-10-11T06:39:17,2022-10-11T01:39:14,nando.conty.edu@gmail.com,1,3650.00,3650.00,PE,Huancayo,JUN,
"Tania madeleynnne Acosta velazquez","tania madeleynnne.acosta velazquez",2022-10-11T00:14:43,2022-10-10T19:14:40,quiquevs123@gmail.com,1,4250.00,4250.00,PE,"Nuevo chimbote",ANC,
"Flor Leon",flor.leon,2022-10-09T05:32:00,2022-10-09T00:31:58,hade150@hotmail.com,1,1600.00,1600.00,PE,Callao,LIM,
"Yordy braulio Pilco Gurbillon","yordy braulio.pilco gurbillon",2022-10-09T01:00:00,2022-09-27T20:02:19,yordpilco10@gmail.com,1,4600.00,4600.00,PE,Chepén,LAL,
"Cesar Guerra",cesar.guerra,2022-10-08T17:01:51,2022-10-08T12:01:49,cesarwins2@gmail.com,1,70.00,70.00,PE,"La Victoria",LIM,
"Pedro Neyra",pedro.neyra,2022-10-08T06:29:45,2022-10-08T01:29:40,neyraluna01@gmail.com,1,6200.00,6200.00,PE,Cajamarca,CAJ,
"Pamela Atalaya Bazan","pamela.atalaya bazan",2022-10-07T01:02:15,2022-10-06T20:02:12,atalayapamela9@gmail.com,1,3550.00,3550.00,PE,Lima,CAL,
"Jose Luis Rodriguez Ara","jose luis.rodriguez ara",2022-10-07T01:00:00,2022-10-04T15:06:41,jrodriguezara@gmail.com,2,7000.00,3500.00,PE,"Lima / pachacamac",LIM,
"Milagros Vallejos",milagros.vallejos,2022-10-07T01:00:00,2022-09-28T22:32:43,milivallejos9@gmail.com,1,3200.00,3200.00,PE,"Jiron Langui",LIM,
"Brenda Araujo Calderón","brenda.araujo calderon",2022-10-06T00:21:40,2022-10-05T19:21:37,brenda.araujo2499@gmail.com,1,50.00,50.00,PE,Lima,LIM,
"Asley Grau",asley.grau,2022-10-05T18:29:14,2022-10-05T13:29:10,aslhgrau@gmail.com,1,1600.00,1600.00,PE,"Magdalena del Mar",LIM,
"Luis Rojas",luis.rojas,2022-10-05T01:00:00,2022-10-04T17:48:09,lrojas.control@gmail.com,1,70.00,70.00,PE,Miraflores,LIM,
"Aldair Delgadillo Torres","aldair.delgadillo torres",2022-10-04T04:46:29,2022-10-03T23:46:25,ath001wtf@gmail.com,1,50.00,50.00,PE,Lima,LIM,
"Anthony García Mendoza","anthony.garcia mendoza",2022-10-04T01:01:13,2022-10-03T20:01:06,lgarciam16_1@unc.edu.pe,1,6500.00,6500.00,PE,Cajamarca,CAJ,
"Nicole Melgar Sulca","nicole.melgar sulca",2022-10-04T01:00:00,2022-09-23T14:15:07,anghella_n.m.s@hotmail.com,1,35.00,35.00,PE,Subtanjalla,ICA,
"SARA LUZ PINEDO GUDIEL","sara luz.pinedo gudiel",2022-10-04T01:00:00,2022-09-30T17:07:53,saritafeliz34@gmail.com,1,290.00,290.00,PE,"PUERTO MALDONANDO",MDD,
"May Guzmán",may.guzman,2022-10-04T01:00:00,2022-09-30T18:35:27,mguzmanf@esge.edu.pe,1,50.00,50.00,PE,Chorrillos,LMA,
"Lilian Abreu Gomez","lilian.abreu gomez",2022-10-04T01:00:00,2022-09-10T18:49:33,liliangabriela777@gmail.com,1,40.00,40.00,PE,Lima,LMA,
"Osman Montenegro Pastor","osman.montenegro pastor",2022-10-02T01:00:00,2022-09-23T22:43:01,osman281086@gmail.com,1,45.00,45.00,PE,Callao,CAL,
"Ricardo Andrés Tueros cespedes","ricardo andres.tueros cespedes",2022-09-30T18:36:42,2022-09-30T13:36:37,ricardotueros123@gmail.com,1,6500.00,6500.00,PE,"Puerto Maldonado Tambopata",MDD,
"David Oñate",david.onate,2022-09-30T01:00:00,2022-09-27T21:23:59,salazar.o.david@gmail.com,1,120.00,120.00,PE,Lima,LMA,
"ANGELA MONTENEGRO",angela.montenegro,2022-09-30T01:00:00,2022-09-22T15:08:34,ALEXA.MONGUE@GMAIL.COM,1,100.00,100.00,PE,"SAN MARTIN DE PORRES",LIM,
"Sarita Garagatti Chavez","sarita.garagatti chavez",2022-09-29T02:51:52,2022-09-28T21:51:48,Sarita.garagatti2306@gmail.com,1,100.00,100.00,PE,Surco,LIM,
"Mallie Lansi ramirez","mallie.lansi ramirez",2022-09-29T01:00:00,2022-09-27T21:43:15,lansiramirezmallie@gmail.com,1,35.00,35.00,PE,Lima,LMA,
"Noelia Giovanna Durán Espinoza","noelia giovanna.duran espinoza",2022-09-28T01:00:00,2022-09-25T15:24:07,nduran260690@gmail.com,1,50.00,50.00,PE,Lima,LMA,
"andrea silvana herrera vidales","andrea silvana.herrera vidales",2022-09-25T19:00:47,2022-09-25T14:00:44,andreasilvana.hv@gmail.com,1,3350.00,3350.00,PE,lima,LIM,
"pepe rios",pepe.rios,2022-09-25T18:17:31,2022-09-25T13:17:27,glperu@pprios.com,1,6500.00,6500.00,PE,lima,LIM,
"Olga Katherine Cruz Huingo","olga katherine.cruz huingo",2022-09-25T06:39:06,2022-09-25T01:39:02,kathy.16k@hotmail.com,1,100.00,100.00,PE,"Nuevo Chimbote",ANC,
"Alexander José Socorro Zambrano","alexander jose.socorro zambrano",2022-09-23T16:50:58,2022-09-23T11:50:55,alexsozambrano@gmail.com,1,50.00,50.00,PE,Lima,LIM,
"Katty gisela Prado vasquez","katty gisela.prado vasquez",2022-09-23T01:04:43,2022-09-22T20:04:40,gisellpv29@gmail.com,1,3770.00,3770.00,PE,Huamanga,AYA,
"Francis Rondan",francis.rondan,2022-09-22T22:04:07,2022-09-22T17:04:04,francis.rondan@teleavance.com,1,3650.00,3650.00,PE,Lima,LIM,
"ERNESTO HORNA",ernesto.horna,2022-09-22T01:00:00,2022-09-12T19:02:58,horsansystem@gmail.com,1,100.00,100.00,PE,lima,LIM,
"Antonio Balarezo Ballesteros","antonio.balarezo ballesteros",2022-09-21T21:54:11,2022-09-21T16:54:07,aabb2305@icloud.com,1,170.00,170.00,PE,Chiclayo,LAM,
"José Luis Delgado Flores","jose luis.delgado flores",2022-09-21T01:00:00,2022-09-19T11:33:47,luisdelgado1908@gmail.com,1,4300.00,4300.00,PE,Cajamarca,CAJ,
"Alfredo Escalante",alfredo.escalante,2022-09-21T01:00:00,2022-09-17T14:09:00,ed.d.16sen@hotmail.com,1,130.00,130.00,PE,Surco,LMA,
"Jesus Moreno Muñoz","jesus.moreno munoz",2022-09-20T03:12:14,2022-09-19T22:12:11,maxdrawss@gmail.com,1,35.00,35.00,PE,Callao,CAL,
"Delsy Yulisa Figueroa Carbajal","delsy yulisa.figueroa carbajal",2022-09-20T01:00:00,2022-09-06T17:57:43,figueroay062@gmail.com,1,1600.00,1600.00,PE,Chacas,ANC,
"William Alexis Loa Lucana","william alexis.loa lucana",2022-09-19T22:05:04,2022-09-19T17:05:01,wloa34@gmail.com,1,240.00,240.00,PE,Lima,LIM,
"Andre Mendoza",andre.mendoza,2022-09-19T01:00:00,2022-09-06T13:39:31,and.mb19@gmail.com,1,875.00,875.00,PE,lima,LIM,
"María Oblitas Denegri","maria.oblitas denegri",2022-09-19T01:00:00,2022-09-11T17:39:17,mdlaod2092@gmail.com,1,45.00,45.00,PE,Rimac/lima,LIM,
"Willams Arriola",willams.arriola,2022-09-19T01:00:00,2022-09-15T23:29:10,wimivlan2010@gmail.com,2,30.00,15.00,PE,Lima,LMA,
"Williams Mamani",williams.mamani,2022-09-17T01:00:00,2022-09-16T19:47:36,bizewiliam4@gmail.com,1,100.00,100.00,PE,Arequipa,ARE,
"John Eduardo Bolden","john eduardo.bolden",2022-09-17T01:00:00,2022-09-15T18:50:19,johnebolden@yahoo.com,1,500.00,500.00,PE,Nasca,ICA,
"pamela paira condori","pamela.paira condori",2022-09-16T22:28:11,2022-09-16T17:28:08,alemap2730@gmail.com,1,1600.00,1600.00,PE,"san juan de lurigancho",LIM,
"Vitalyn Anghela Palacios Vilchez","vitalyn anghela.palacios vilchez",2022-09-16T01:00:00,2022-09-05T09:50:25,anghela.palacios7496@gmail.com,1,1600.00,1600.00,PE,Lima,LIM,
"Rubén Tejeda León","ruben.tejeda leon",2022-09-15T00:00:00,2022-03-14T14:24:01,conceptoruben@gmail.com,4,185.00,46.25,PE,"Santa Anita",LIM,15011
"a a",a.a,2022-09-14T15:58:04,2022-09-14T10:58:00,a@gmail.com,1,1850.00,1850.00,PE,a,LIM,
"Cinthya Altamirano",cinthya.altamirano,2022-09-14T15:15:46,2022-09-14T10:15:42,cac181203@gmail.com,1,1850.00,1850.00,PE,Lima,LIM,
"Clinton anthony Pantaleon huiza","clinton anthony.pantaleon huiza",2022-09-14T01:00:00,2022-09-03T14:20:43,anthonypantaleon17@gmail.com,1,1600.00,1600.00,PE,Lima,LIM,
"MELANY PINO CONDOR","melany.pino condor",2022-09-12T19:41:59,2022-09-12T14:41:55,melanyhashley@gmail.com,1,130.00,130.00,PE,HUANUCO,HUC,
"Paola Santos",paola.santos,2022-09-12T01:01:45,2022-09-11T20:01:42,cynthia.santos.2010@hotmail.com,1,1700.00,1700.00,PE,Lima,LIM,
"Grace Paola Coleridge Mc Bride","grace paola.coleridge mc bride",2022-09-11T02:51:11,2022-09-10T21:51:08,grace_coleridge@hotmail.com,1,3250.00,3250.00,PE,Lima,LIM,
"RICHARD VALVERDE MORENO","richard.valverde moreno",2022-09-10T22:43:28,2022-09-10T17:43:24,rvalverdem1988@gmail.com,1,150.00,150.00,PE,LIMA,LIM,
"jonathan mañueco pablo","jonathan.manueco pablo",2022-09-09T16:24:20,2022-09-09T11:24:16,ejonabot2@gmail.com,1,165.00,165.00,PE,lima,LMA,
"Sheyla Melissa Ascona Villanueva","sheyla melissa.ascona villanueva",2022-09-09T15:48:22,2022-09-09T10:48:19,shmelissav.arq@gmail.com,1,3800.00,3800.00,PE,Lima,LMA,
"Shantel Castillo García","shantel.castillo garcia",2022-09-08T21:13:37,2022-09-08T16:13:34,shantelcastillo24@gmail.com,1,50.00,50.00,PE,Lima,LIM,
"Eduardo Fung",eduardo.fung,2022-09-08T20:27:02,2022-09-08T15:26:58,eduardo.fung.es@gmail.com,1,3750.00,3750.00,PE,Lima,LMA,
"Giovanni Stefano Sueldo Pinasco","giovanni stefano.sueldo pinasco",2022-09-07T01:00:00,2022-09-01T17:51:05,giovannisueldo@hotmail.com,1,35.00,35.00,PE,"san isidro",LIM,
"Clerin Cruz Quispe Matos","clerin cruz.quispe matos",2022-09-07T01:00:00,2022-09-06T14:03:39,Kler2405@gmail.com,1,2500.00,2500.00,PE,Huancayo,JUN,
"Luis Enrique Melendez Vilela","luis enrique.melendez vilela",2022-09-06T01:00:00,2022-09-01T12:11:11,luismevi03@gmail.com,1,1700.00,1700.00,PE,"La Union",PIU,
"MOISES FLORES",moises.flores,2022-09-04T02:29:44,2022-09-03T21:29:41,siniques003@gmail.com,1,200.00,200.00,PE,"LIMA SANTA ANITA",LMA,
"Miguel Peralta",miguel.peralta,2022-09-04T01:00:00,2022-08-23T02:38:00,mabp55555@gmail.com,1,95.00,95.00,PE,"La perla",CAL,
"Kiara Alvarez",kiara.alvarez,2022-09-03T17:13:48,2022-09-03T12:13:44,kiaracristal13@gmail.com,1,70.00,70.00,PE,Callao,CAL,
"Abigail Maldonado Pozo","abigail.maldonado pozo",2022-09-03T04:28:04,2022-09-02T23:28:02,abigailmaldonadopozo@gmail.com,1,120.00,120.00,PE,Piura,PIU,
"Irene Lopez leon","irene.lopez leon",2022-09-03T04:17:42,2022-09-02T23:17:39,Irenelopezleon16@gmail.com,1,50.00,50.00,PE,"Lima/ smp",LIM,
"Renny Zevallos",renny.zevallos,2022-09-03T00:23:14,2022-09-02T19:23:10,zevallosrenny@gmail.com,1,110.00,110.00,PE,Pucallpa,UCA,
"Richard ALANIA De La Rosa","richard.alania de la rosa",2022-09-02T01:00:00,2022-08-31T23:23:32,ralaniadlr@gmai.com,1,3800.00,3800.00,PE,Jauja,JUN,
"Jayner Hener Arteaga Alba","jayner hener.arteaga alba",2022-09-01T23:27:14,2022-09-01T18:27:11,jaynerarteagaalba@gmail.com,1,1600.00,1600.00,PE,Lima,LMA,
"Jocelyn Silene Grados Limo","jocelyn silene.grados limo",2022-09-01T20:47:51,2022-09-01T15:47:48,jocelyngrados@gmail.com,1,1600.00,1600.00,PE,Independencia,LIM,
"Rony Quispe Condori","rony.quispe condori",2022-08-30T19:33:29,2022-08-29T11:36:23,rxoxnxi@gmail.com,2,3200.00,1600.00,PE,chorrillos,LIM,
"Alejandra Arostegui Alva","alejandra.arostegui alva",2022-08-30T01:00:00,2022-08-24T08:12:05,alejandra.arostegui.alva1605@gmail.com,1,3650.00,3650.00,PE,Lima,LIM,
"Jorge Massoni",jorge.massoni,2022-08-29T08:11:08,2022-08-29T03:11:04,jorge.massoni@hotmail.com,1,6500.00,6500.00,PE,Lima,LIM,
"ALESSANDRO TORRES BISSO","alessandro.torres bisso",2022-08-27T01:00:00,2022-08-23T21:38:51,alessandrotb95@gmail.com,1,1700.00,1700.00,PE,HUACHO,LIM,
"Jessica Limonchi Sandoval","jessica.limonchi sandoval",2022-08-27T01:00:00,2022-08-23T18:25:28,jessica220601@gmail.com,1,100.00,100.00,PE,Lima,LIM,
"Luz Roxana Negrete Pereyra","luz roxana.negrete pereyra",2022-08-26T23:00:42,2022-08-26T18:00:38,rosangela0219@gmail.com,1,50.00,50.00,PE,Cusco,CUS,
"Miriam Marañon",miriam.maranon,2022-08-26T00:01:36,2022-08-25T19:01:33,djosita.22@gmail.com,1,1600.00,1600.00,PE,Lima,LIM,
"Deyannira Angelica Quispe Sandoval","deyannira angelica.quispe sandoval",2022-08-25T13:43:35,2022-08-25T08:43:32,angelicaquispesandoval@gmail.com,1,30.00,30.00,PE,"Cercado de Lima",LIM,
"Roxana Nicole Ruiz Rivas","roxana nicole.ruiz rivas",2022-08-25T03:15:17,2022-08-24T22:15:14,ruizrivasroxananicole@gmail.com,1,1700.00,1700.00,PE,Piura,PIU,
"prueba prueba",prueba.prueba,2022-08-25T01:00:00,2022-08-16T11:44:11,prueba@gmail.com,1,3800.00,3800.00,PE,prueba,LMA,
"Gina fabiola Checa ruiz","gina fabiola.checa ruiz",2022-08-25T01:00:00,2022-08-23T15:30:00,fcheca43@gmail.com,1,3200.00,3200.00,PE,"San juan Miraflores",LIM,
"JUAN ALBERTO MIRANDA GOMEZ","juan alberto.miranda gomez",2022-08-24T23:48:26,2022-08-24T18:48:22,BETOMIRA155@HOTMAIL.COM,1,100.00,100.00,PE,MIRAFLORES,LIM,
"Lucero Paucar Gonzalez","lucero.paucar gonzalez",2022-08-24T01:00:00,2022-08-16T07:38:06,lpaucarg@gmail.com,1,3835.00,3835.00,PE,Barranco,LIM,
"Ernesto Lira",ernesto.lira,2022-08-23T01:00:00,2022-08-20T16:13:45,ernestolirado@hotmail.com,1,140.00,140.00,PE,Lima,LIM,
"Romina Flores",romina.flores,2022-08-22T22:21:08,2022-08-22T17:21:04,romina.fl92@gmail.com,1,70.00,70.00,PE,Lima,LIM,
"x x",x.x-3887,2022-08-22T02:53:14,2022-08-21T21:53:09,mili@gmail.com,1,1700.00,1700.00,PE,x,CAL,
"Manuel Yarleque Andrade","manuel.yarleque andrade",2022-08-20T20:18:14,2022-08-20T15:18:10,manuelyarlequea@gmail.com,1,1700.00,1700.00,PE,Lima,LIM,
"DEBORAH GUEVARA Piñate","deborah.guevara pinate",2022-08-19T16:17:06,2022-08-19T11:17:03,deborahguevara@hotmail.com,1,100.00,100.00,PE,lima,LIM,
"Daniela Yhara Gamarra Antezana","daniela yhara.gamarra antezana",2022-08-18T22:17:57,2022-08-18T17:17:53,gamarra.love.22@gmail.com,1,4250.00,4250.00,PE,Huaraz,ANC,
"Winston M Miranda v","winston m.miranda v",2022-08-18T01:00:00,2022-08-10T11:28:58,wm.mirandav24@gmail.com,1,240.00,240.00,PE,Lima,LIM,
"Ricardo Mariño",ricardo.marino,2022-08-17T22:58:24,2022-08-17T17:58:22,ricangelstefano322@gmail.com,1,50.00,50.00,PE,Chiclayo,LAM,
"Erik Víctor Juan Soto","erik victor.juan soto",2022-08-17T17:04:20,2022-08-17T12:04:16,ejuans82@gmail.com,1,3800.00,3800.00,PE,Lima,LMA,
"Ángel Cardenas",angel.cardenas,2022-08-17T01:00:00,2022-08-10T19:44:59,angeljeancarloscardenasc@gmail.com,1,35.00,35.00,PE,"Jesús Maria",LIM,
"Priscila johana Diaz ramirez","priscila johana.diaz ramirez",2022-08-17T01:00:00,2022-08-07T18:58:20,pjdiazr32@gmail.com,1,1700.00,1700.00,PE,Chiclayo,LAM,
"claudia bendezu",claudia.bendezu,2022-08-16T16:03:55,2022-08-16T11:03:53,cualla13@hotmail.com,1,3200.00,3200.00,PE,lima,LIM,
"Jane Collahuacho Huamaní","jane.collahuacho huamani",2022-08-16T14:16:13,2022-08-16T09:16:07,collahuachohuamanijane@gmail.com,1,50.00,50.00,PE,Huamanga,AYA,
"Andres Ernesto Oliva Merino","andres ernesto.oliva merino",2022-08-16T07:03:48,2022-08-16T02:03:44,andres.20497@gmail.com,1,3650.00,3650.00,PE,Lima,LMA,
"Sara Bárbara Castillo Rosas","sara barbara.castillo rosas",2022-08-14T01:00:00,2022-08-06T15:51:18,saritacastillorosas@gmail.com,1,1700.00,1700.00,PE,Lima,LIM,
"Ingrid Marissa Oyarce Franco","ingrid marissa.oyarce franco",2022-08-13T22:58:05,2022-08-13T17:58:02,imof.0702@gmail.com,1,3800.00,3800.00,PE,Lima,LIM,
"elsa guzman",elsa.guzman,2022-08-13T15:46:10,2022-08-13T10:46:07,kandela887@gmail.com,1,3750.00,3750.00,PE,lima,LMA,
"David Francisco Sarmiento Portocarrero","david francisco.sarmiento portocarrero",2022-08-13T01:00:00,2022-08-12T17:46:14,pc_xpert@outlook.com,1,3400.00,3400.00,PE,Lima,LIM,
"Renzo Mayer Saenz","renzo.mayer saenz",2022-08-13T01:00:00,2022-08-10T13:36:14,mayerrenzo32@gmail.com,1,1.00,1.00,PE,lima,LIM,
"Neil Benegas",neil.benegas,2022-08-12T16:31:53,2022-08-12T11:31:49,neil_4_12@hotmail.com,1,1200.00,1200.00,PE,Arequipa,ARE,
"SARAI ASAN",sarai.asan,2022-08-11T18:01:02,2022-08-11T13:00:56,saraioa91@gmail.com,1,5350.00,5350.00,PE,Lima,MDD,
"Manuel Morales Campos","manuel.morales campos",2022-08-11T01:00:00,2022-08-09T14:23:34,manuel.moralesc@outlook.com,1,1765.00,1765.00,PE,Lima,LIM,
"xx xxx",xx.xxx,2022-08-10T22:05:11,2022-08-10T17:05:08,sadas@ddd.com,1,100.00,100.00,PE,Callao,CAL,
"Ivan Dario Diaz","ivan dario.diaz",2022-08-09T21:18:25,2022-08-09T16:18:20,ivandd597@gmail.com,1,200.00,200.00,PE,"Jesus Maria",LIM,
"Isaac Mora",isaac.mora,2022-08-06T06:38:43,2022-08-06T01:38:40,yitzhak.mora@gmail.com,1,100.00,100.00,PE,Rimac,LIM,
"Fabiola verónica Ortega Chávez","fabiola veronica.ortega chavez",2022-08-05T04:48:24,2022-08-04T23:48:21,Fabiolaortega2409@gmail.com,1,4300.00,4300.00,PE,Lima,LIM,
"Alexandra Rivera Alfaro","alexandra.rivera alfaro",2022-08-04T20:34:52,2022-08-04T15:34:50,alexandra_rocio90@outlook.com,1,150.00,150.00,PE,breña,LIM,
"Jose david Santoyo","jose david.santoyo",2022-08-04T15:40:06,2022-08-04T10:40:04,jsantoyo19@gmail.com,1,400.00,400.00,PE,Lima,LIM,
"ALEX ALFREDO LLANOS CHAVEZ","alex alfredo.llanos chavez",2022-08-04T12:37:36,2022-08-04T07:37:32,alex_fcbar@hotmail.com,1,5800.00,5800.00,PE,"Baños del Inca",CAJ,
"Alonso checa",alonso.checa,2022-08-03T20:52:09,2022-08-03T15:52:05,alonsotrabajo100@mail.com,1,175.00,175.00,PE,"magdalena del mar",LIM,
"Manuel Vargas Lovaton","manuel.vargas lovaton",2022-08-02T22:48:45,2022-08-02T17:48:43,manuelfelipecontable@gmail.com,1,120.00,120.00,PE,"Lima/ La Molina",LIM,
"Sandra Alburqueque",sandra.alburqueque,2022-08-02T22:36:18,2022-08-02T17:36:15,san_dra0302@hotmail.com,1,2450.00,2450.00,PE,"San Miguel, Lima",LMA,
"Anni Pesantes",anni.pesantes,2022-08-02T21:39:36,2022-08-02T16:39:33,annipesantesguevara@gmail.com,1,1700.00,1700.00,PE,Lima,LIM,
"Kelly Maquin Pablo","kelly.maquin pablo",2022-08-02T20:48:22,2022-08-02T15:48:20,maquinkelly@gmail.com,1,150.00,150.00,PE,Lima,LMA,
"Huang Zhihui",zhihui.huang,2022-08-02T17:23:31,2021-12-27T16:47:10,zhihui.huang@glperu.com,1,50.00,50.00,PE,asas,ANC,
"Luis Ramos Garcia","luis.ramos garcia",2022-08-02T12:38:10,2022-08-02T07:38:07,luis.ramos0705@gmail.com,1,5800.00,5800.00,PE,Lima,LMA,
"Christian Hinostroza",christian.hinostroza,2022-08-02T01:13:08,2022-08-01T20:13:06,christianhinostroza1@gmail.com,1,1550.00,1550.00,PE,chorrillos,LIM,
"Mitsuhiro Arakaki",mitsuhiro.arakaki,2022-08-01T21:18:13,2022-07-06T23:33:55,mitsuhiro.arakaki25@gmail.com,2,3900.00,1950.00,PE,Lima,LMA,
"Monica Ferrer Garcia Godos","monica.ferrer garcia godos",2022-07-30T16:10:44,2022-07-30T11:10:41,monicaferrergg@gmail.com,1,1700.00,1700.00,PE,"Jesús Maria",LMA,
"julissa macetas",julissa.macetas,2022-07-30T15:59:36,2022-07-30T10:59:33,julissa19815@gmail.com,1,130.00,130.00,PE,"cercado de lima",LMA,
"Crystel AGUILAR Soto","crystel.aguilar soto",2022-07-30T13:37:46,2022-07-30T08:37:43,crystelalitza@gmail.com,1,50.00,50.00,PE,"La molina",LIM,
"Isaías Tejeda",isaias.tejeda,2022-07-28T17:05:08,2022-07-28T12:05:05,isaias.tejeda@gmail.com,1,70.00,70.00,PE,Lima,LIM,
"Roland Lastra",roland.lastra,2022-07-28T16:34:59,2022-07-28T11:34:55,rcriollo1990@gmail.com,1,3750.00,3750.00,PE,"San Martín De Porrea",LMA,
"Evangeline Anny ELERA Celiz","evangeline anny.elera celiz",2022-07-25T23:31:20,2022-07-25T18:31:17,eva.3193@hotmail.com,1,35.00,35.00,PE,Lima,LIM,
"JOSE OCHOA ROMERO","jose.ochoa romero",2022-07-25T18:06:44,2022-07-25T13:06:41,jose_jor@hotmail.com,1,100.00,100.00,PE,Lima,LIM,
"Bryan aldair Rueda Cruz","bryan aldair.rueda cruz",2022-07-25T15:31:46,2022-07-25T10:31:42,cruciito123@gmail.com,1,2450.00,2450.00,PE,Tacna,TAC,
"ELAR ARROYO Noel","elar.arroyo noel",2022-07-25T04:29:42,2022-07-24T23:29:33,arroyoelar@gmail.com,1,50.00,50.00,PE,"san martin de porres",LIM,
"María Fernanda Salinas Nole","maria fernanda.salinas nole",2022-07-24T20:22:48,2022-07-24T15:22:45,mariafernandasalinasnole18@gmail.com,1,150.00,150.00,PE,Lima/Lima,LIM,
"David Epifanio Villegas Galindo","david epifanio.villegas galindo",2022-07-24T12:34:25,2022-07-24T07:34:21,acuario_12_2_95@hotmail.com,1,1600.00,1600.00,PE,Chiclayo,LAM,
"rodel huaman gonza","rodel.huaman gonza",2022-07-23T22:55:04,2022-07-23T17:54:58,roxel25hg@gmail.com,1,1550.00,1550.00,PE,"san juan de lurigancho",LIM,
"Jesus Bernal",jesus.bernal,2022-07-20T02:42:54,2022-07-19T21:42:51,jesusberna97@outlook.com,1,9100.00,9100.00,PE,Lima,LIM,
"Saul Martínez Sacsara","saul.martinez sacsara",2022-07-19T23:10:06,2022-07-19T18:10:02,sacrara28@gmail.com,1,3000.00,3000.00,PE,"Pueblo Libre",LIM,
"Junior Flores Quispe","junior.flores quispe",2022-07-19T21:33:09,2022-07-19T16:33:06,juniorjeanflores@hotmail.com,1,5350.00,5350.00,PE,Lima,LIM,
"jose clisanchez",jose.clisanchez,2022-07-19T18:06:03,2022-07-18T19:03:39,jose-clisanchez@amerikag.com,2,260.00,130.00,PE,"Jesús María",LIM,
"Marjorie Córdova",marjorie.cordova,2022-07-19T01:38:38,2022-03-19T12:56:40,maggiecop53@gmail.com,2,3550.00,1775.00,PE,"San Miguel",LMA,
"Laura Liz Sandoval Vargas","laura liz.sandoval vargas",2022-07-18T20:14:40,2022-07-18T15:14:37,laurita11sandoval@gmail.com,1,1700.00,1700.00,PE,"Cercado de lima",LIM,
"EDUARDO SULEM",eduardo.sulem,2022-07-17T23:42:29,2022-07-17T18:42:25,esulem@gmail.com,1,80.00,80.00,PE,LIMA,LIM,
"Marcos Ruben Ravelo Ruljancic","marcos ruben.ravelo ruljancic",2022-07-17T21:31:03,2022-07-17T16:31:01,rubenravelops4@gmail.com,1,3900.00,3900.00,PE,"San Borja",LIM,
"Mateo Choquehuanca Yasimura","mateo.choquehuanca yasimura",2022-07-17T18:38:19,2022-07-17T13:38:16,mateo_ch@outlook.com,1,3750.00,3750.00,PE,Lima,LMA,
"Maylit Sosa Salazar","maylit.sosa salazar",2022-07-17T15:34:58,2022-07-17T10:34:54,Maylitsola@gmail.com,1,120.00,120.00,PE,Tumbes,TUM,
"Leonor Andrea Amao","leonor andrea.amao",2022-07-17T02:11:19,2022-07-16T21:11:14,leonor.chuquimajo@gmail.com,1,1700.00,1700.00,PE,Lima,LMA,
"Vanessa Carrillo",vanessa.carrillo,2022-07-16T15:30:12,2022-07-16T10:30:09,vanecarrillog@gmail.com,1,4200.00,4200.00,PE,Lima,LIM,
"borhis Bolaños",borhis.bolanos,2022-07-16T14:45:01,2022-07-16T09:44:58,borhis122801@gmail.com,1,5800.00,5800.00,PE,Trujillo,LIM,
"Xavier Chinchay",xavier.chinchay,2022-07-16T13:53:48,2022-07-16T08:53:46,chinchayxavier8@gmail.com,1,5800.00,5800.00,PE,"Ate, santa maria",LIM,
"Elvia Noemi Tejada Burga","elvia noemi.tejada burga",2022-07-16T03:30:57,2022-07-15T22:30:52,ntejadaburga@gmail.com,1,3650.00,3650.00,PE,Trujillo,LAL,
"Monica Oliva",monica.oliva,2022-07-16T01:16:37,2022-07-15T20:16:34,monica.oliva@outlook.com,1,100.00,100.00,PE,Lima,LIM,
"Jhon stalin Huallpa cerna","jhon stalin.huallpa cerna",2022-07-15T21:18:17,2022-07-15T16:18:14,libra.26.hc.2@gmail.com,1,1700.00,1700.00,PE,Lima,LIM,
"Jorge Pascual Rodriguez Baquero","jorge pascual.baquero",2022-07-15T19:35:59,2022-07-15T14:35:55,jorge.rodba@gmail.com,1,1550.00,1550.00,PE,"San Martin de Porres",LMA,
"Pamela Onaly Ruiz Paz","pamela onaly.ruiz paz",2022-07-15T03:41:13,2022-07-14T22:41:10,pamela_ruiz18@hotmail.es,1,3650.00,3650.00,PE,Comas,LIM,
"Andrei Oswaldo Junior Díaz Mayanga","andrei oswaldo junior.diaz mayanga",2022-07-15T00:17:19,2022-07-14T19:17:15,andrei.diaz007@gmail.com,1,50.00,50.00,PE,Callao,CAL,
"hubert luis yucra ayala","hubert luis.yucra ayala",2022-07-14T22:18:35,2022-07-14T17:18:32,luisleiconstruct@gmail.com,1,2950.00,2950.00,PE,huancayo,JUN,
"Percy Mendoza",percy.mendoza,2022-07-13T02:29:35,2022-07-12T21:29:32,percyoxa_1243@hotmail.com,1,1700.00,1700.00,PE,Oxapampa,PAS,
"ENRIQUE TAPIA LEZAMA","enrique.tapia lezama",2022-07-12T23:19:11,2022-07-12T18:19:08,enriquetapialezama@gmail.com,1,6400.00,6400.00,PE,Lima,LIM,
"Segundo Luis Julca villanueva","segundo luis.julca villanueva",2022-07-12T17:33:24,2022-07-12T12:33:22,sluisjulcavillanueva@gmail.com,1,5800.00,5800.00,PE,Cajamarca,CAJ,
"keilin olivera",keilin.olivera,2022-07-12T15:04:14,2022-07-12T10:04:12,keilin.olivera@gmail.com,1,1600.00,1600.00,PE,miraflores,LIM,
"Hector Herrera Vargas","hector.herrera vargas",2022-07-12T10:36:20,2022-07-12T05:36:17,hector31@yahoo.com,1,1600.00,1600.00,PE,Lima,LIM,
"Pool Marin",pool.marin,2022-07-11T22:38:56,2022-07-11T17:38:53,pool22_1@hotmail.com,1,5800.00,5800.00,PE,Huancayo,JUN,
"Candy Ninapaitan salazar","candy.ninapaitan salazar",2022-07-11T22:35:40,2022-07-11T17:35:37,verocanperu@hotmail.com,1,1700.00,1700.00,PE,Lima,LIM,
"Gerson Romero Aguilar","gerson.romero aguilar",2022-07-11T15:15:56,2022-07-11T10:15:53,gersonromeroaguilar@gmail.com,1,4200.00,4200.00,PE,"Los olivos",LIM,
"julio alberto macazana julian","julio alberto.macazana julian",2022-07-11T06:57:47,2022-07-11T01:57:44,macazana39@gmail.com,1,5800.00,5800.00,PE,"LA MOLINA",LIM,
"Paulo Rivarola Pacheco","paulo.rivarola pacheco",2022-07-11T00:03:25,2022-07-10T19:03:22,paurov440@gmail.com,1,4200.00,4200.00,PE,Lima,CAL,
"ingrid costilla",ingrid.costilla,2022-07-10T23:14:33,2022-07-10T18:14:30,ingridkatherinecch@outlook.com,1,1550.00,1550.00,PE,"NUEVO CHIMBOTE",ANC,
"ALFREDO GOMEZ HUAMAN","alfredo.gomez huaman",2022-07-10T12:34:00,2022-07-10T07:33:56,catlexke@hotmail.com,1,5800.00,5800.00,PE,AYACUCHO,AYA,
"Luigi Ortiz Vergara","luigi.ortiz vergara",2022-07-08T20:19:20,2022-07-08T15:19:17,luigi_aov@hotmail.com,1,400.00,400.00,PE,"la Molina",LIM,
"Diego Moya ticona","diego.moya ticona",2022-07-07T21:37:31,2022-07-07T16:37:27,diegomoy19@gmail.com,1,2450.00,2450.00,PE,Callao,LIM,
"Yimma Yolinda Clemente Meza de Palomino","yimma yolinda.clemente meza de palomino",2022-07-07T04:35:39,2022-07-06T23:35:35,isaacjrpalmor@gmail.com,1,2450.00,2450.00,PE,PANGOA,LIM,
"Julio César Mozombite Morales","julio cesar.mozombite morales",2022-07-07T01:53:06,2022-07-06T20:53:02,juliocesarmozombite7@hotmail.com,1,4850.00,4850.00,PE,"Tingo María",HUC,
"Lucho Reyes",lucho.reyes,2022-07-07T01:52:21,2022-07-06T20:52:18,lreyes@gmail.com,1,5300.00,5300.00,PE,Smp,LIM,
"Anabel Milagros La Rosa","anabel milagros.la rosa",2022-07-07T01:21:21,2022-07-06T20:21:18,larosacruzanabel@gmail.com,1,3800.00,3800.00,PE,Chanchamayo,JUN,
"Melissa Almengor Reyna","melissa.almengor reyna",2022-07-06T20:28:26,2022-07-06T15:28:23,malmengorm@gmail.com,1,1700.00,1700.00,PE,Loma,LMA,
"Allison Mayuri Ugarte","allison.mayuri ugarte",2022-07-05T23:07:35,2022-07-05T18:07:31,allisongeraldinemayuriugarte@gmail.com,1,3650.00,3650.00,PE,"San Miguel",LMA,
"RAUL Hervacio Aliaga","raul.hervacio aliaga",2022-07-05T17:41:26,2022-07-05T12:41:23,rhasapieksrl@gmail.com,1,35.00,35.00,PE,"San Luis",LMA,
"Melissa Alvarez",melissa.alvarez,2022-07-05T05:51:30,2022-07-05T00:51:28,melissa.alvarez@dahuatech.com,1,1550.00,1550.00,PE,"san isidro",LIM,
"Pierina Anave",pierina.anave,2022-07-05T00:41:02,2022-07-04T19:40:59,pieri.anave@gmail.com,1,2400.00,2400.00,PE,LIMA,LIM,
"Alonso Bustamante letts","alonso.bustamante letts",2022-07-04T20:55:30,2022-07-04T15:55:26,alonsob1@icloud.com,1,6200.00,6200.00,PE,Miraflorers,LIM,
"Pedro Carlos Cabrera Caycho","pedro carlos.cabrera caycho",2022-07-02T06:10:54,2022-07-02T01:10:50,megaxo@hotmail.com,1,5350.00,5350.00,PE,LIMA,LIM,
"Sergio Gonzales Gonzales","sergio.gonzales gonzales",2022-07-01T22:57:48,2022-07-01T17:57:44,sergio.srgg99@gmail.com,1,5800.00,5800.00,PE,Lima,LIM,
"Angel Cotrina",angel.cotrina,2022-07-01T15:25:55,2022-07-01T10:25:52,angelcotrina@gmail.com,1,5800.00,5800.00,PE,Trujillo,LAL,
"Camilo Alcázar Canales","camilo.alcazar canales",2022-07-01T14:57:33,2022-07-01T09:57:30,camiloac163@gmail.com,1,5350.00,5350.00,PE,"San Juan de Miraflores",LIM,
"Angie Michelle Muñoz Castilla","angie michelle.munoz castilla",2022-06-29T21:51:24,2022-06-29T16:51:21,angiemichelle1313@gmail.com,1,1700.00,1700.00,PE,LIMA,LIM,
"Ivet Diaz",ivet.diaz,2022-06-28T18:09:12,2022-06-28T13:09:09,ivetdiazsc@gmail.com,1,1700.00,1700.00,PE,"Trujillo- Víctor Larco Herrera",LAL,
"Gabriela Tatiana Alva Aguilar","gabriela tatiana.alva aguilar",2022-06-28T06:17:30,2022-06-28T01:17:27,gabri.t.alva@gmail.com,1,1700.00,1700.00,PE,Lima,LIM,
"Cesia Navarro Urbina","cesia.navarro urbina",2022-06-28T02:51:28,2022-06-27T21:51:24,navarrocesia05@gmail.com,1,1700.00,1700.00,PE,Lima,CAL,
"Paolo Miranda Ortega","paolo.miranda ortega",2022-06-26T19:42:56,2022-06-26T14:42:53,paolomirandaortega@hotmail.com,1,5800.00,5800.00,PE,Lima,LIM,
"Dann Espinoza",dann.espinoza,2022-06-26T15:46:46,2022-06-26T10:46:42,dannaguirre20@gmail.com,1,4300.00,4300.00,PE,Lima,LIM,
"Diana Danghela Rodriguez Giraldo","diana danghela.rodriguez giraldo",2022-06-25T18:29:34,2022-06-25T13:29:30,dangheladiana@gmail.com,1,2450.00,2450.00,PE,Surco/Lima,LIM,
"Karolina Oksanna Toledo Chufandama","karolina oksanna.toledo chufandama",2022-06-24T17:48:32,2022-06-24T12:48:27,karolinatoledo62@gmail.com,1,240.00,240.00,PE,"Villa el Salvador",LMA,
"Oscar Bryam Quispe carhuas","oscar bryam.quispe carhuas",2022-06-23T04:46:32,2022-06-22T23:46:28,bryamq78@gmail.com,1,1700.00,1700.00,PE,Lima,LIM,
"Aldhair robert Gutierrez tacora","aldhair robert.gutierrez tacora",2022-06-22T16:40:15,2022-06-22T11:40:10,algutac_04@hotmail.com,1,6200.00,6200.00,PE,Tacna,TAC,
"JHON MOSHE FELIX GUERRERO","jhon moshe.felix guerrero",2022-06-21T17:45:54,2022-06-21T12:45:50,moshe.felixg@gmail.com,1,5800.00,5800.00,PE,Callao,CAL,
"Annia Flores",annia.flores,2022-06-18T18:52:39,2022-06-18T13:52:35,anniajflores@gmail.com,1,130.00,130.00,PE,Lima,LMA,
"Iván Cristhian Torres Mendez","ivan cristhian.torres mendez",2022-06-18T17:54:17,2022-06-18T12:54:14,ivtorresmendez@gmail.com,1,5800.00,5800.00,PE,Ate,LMA,
"Malhorie Staci Saravia Azabache","malhorie staci.saravia azabache",2022-06-17T16:29:30,2022-06-17T11:29:27,malhorie97@gmail.com,1,3800.00,3800.00,PE,Lima,CAL,
"Camilo Ortega",camilo.ortega,2022-06-15T22:32:26,2022-06-15T17:32:22,camilo.ortega@umusic.com,1,3200.00,3200.00,PE,"San isidro",LIM,
"Eduardo adán Carrasco llatas","eduardo adan.carrasco llatas",2022-06-14T20:58:21,2022-06-14T15:58:18,edu_2051@hotmail.com,1,130.00,130.00,PE,"José Leonardo Ortiz",LAM,
"ivan ulloan salches","ivan.ulloan salches",2022-06-14T20:09:14,2022-06-14T15:09:11,puca@gmail.com,1,3750.00,3750.00,PE,lima,CAL,
"Gisela Acosta",gisela.acosta,2022-06-10T21:36:31,2022-06-10T16:36:28,giseastric@gmail.com,1,1700.00,1700.00,PE,IQUITOS,LOR,
"cynthia hurtado villalobos","cynthia hurtado.villalobos",2022-06-08T22:05:40,2022-06-08T17:05:36,clesdr1512@hotmail.com,1,3750.00,3750.00,PE,lima,LIM,
"Jesus Gretel Mieses Bendezu","jesus gretel.mieses bendezu",2022-06-07T02:20:11,2022-06-06T21:20:08,jimenezraffoangel@gmail.com,1,1700.00,1700.00,PE,Lima,LIM,
"SILVIO VALLEBUONA DEL AGUILA","silvio.vallebuona del aguila",2022-06-07T00:58:25,2022-06-06T19:58:23,silviovallebuona@hotmail.com,1,1000.00,1000.00,PE,Lima,LIM,
"INGRID AGUILAR NAVARRO","ingrid.aguilar navarro",2022-06-06T17:37:07,2022-06-06T12:37:04,inaguilarn@gmail.com,1,1850.00,1850.00,PE,"VENTANILLA / CALLAOP",CAL,
"CESAR JUAREZ ARCE","cesar.juarez arce",2022-06-06T13:51:44,2022-06-06T08:51:40,CJUAREZ92@HOTMAIL.COM,1,100.00,100.00,PE,LIMA,LIM,
"karen valverde huangal","karen.valverde huangal",2022-06-03T17:49:28,2022-06-03T12:49:24,karenvalverde123456@gmail.com,1,4250.00,4250.00,PE,CHIMBOTE,ANC,
"Sayro Guerra Pérez","sayro.guerra perez",2022-06-02T14:40:48,2022-06-02T09:40:45,sayroemmanuel@gmail.com,1,1550.00,1550.00,PE,Tumbes,TUM,
"Luis Miguel Anco Patricio","luis miguel.anco patricio",2022-06-01T19:36:18,2022-06-01T14:36:16,luismian.ap@gmail.com,1,4200.00,4200.00,PE,Tarma,JUN,
"Jamil Alvarez",jamil.alvarez,2022-06-01T05:44:01,2022-06-01T00:43:58,jamiel7639alvarez9898@gmail.com,1,5800.00,5800.00,PE,Espinar,CUS,
"André Vargas Soto","andre.vargas soto",2022-06-01T00:52:25,2022-05-31T19:52:22,anfavaso2002@gmail.com,1,4300.00,4300.00,PE,Lima,LIM,
"Angelo Huayllas",angelo.huayllas,2022-05-30T22:39:56,2022-05-30T17:39:53,angelo_leo_08@hotmail.com,1,130.00,130.00,PE,Lima,LMA,
"Ruben Duin",ruben.duin,2022-05-30T00:14:37,2022-05-29T19:14:34,drduin@gmail.com,1,5300.00,5300.00,PE,Lima,LIM,
"Angelo jose Rey fernandez","angelo jose.rey fernandez",2022-05-29T01:56:50,2022-05-28T20:56:47,convicction@yahoo.es,1,1700.00,1700.00,PE,Chanchamayo,JUN,
"DIEGO LLERENA TORRES","diego.llerena torres",2022-05-26T19:33:00,2022-05-26T14:32:57,diegho2400@hotmail.com,1,110.00,110.00,PE,"SAN MIGUEL",LIM,
"Geraldine Medina",geraldine.medina,2022-05-26T19:00:40,2022-05-26T14:00:36,ger20072000.medina@gmail.com,1,3750.00,3750.00,PE,Lima,LIM,
"erith jakson freites oropeza","erith jakson.freites oropeza",2022-05-26T08:32:49,2022-05-26T03:32:46,erithfopz@gmail.com,1,6300.00,6300.00,PE,lima,LMA,
"Yenny Rodríguez Teagua","yenny.rodriguez teagua",2022-05-24T22:00:26,2022-05-24T17:00:23,yert1080@gmail.com,1,3200.00,3200.00,PE,"San isidro",LIM,
"Fiorella Guardia",fiorella.guardia,2022-05-24T21:26:24,2022-05-24T16:26:21,fiorellaguardia6@gmail.com,1,1700.00,1700.00,PE,Sjm,LMA,
"EDUARDO ALZAMORA",eduardo.alzamora,2022-05-24T16:51:05,2022-05-24T11:51:02,esenciacom@gmail.com,1,1700.00,1700.00,PE,Miraflores,LIM,
"Elizabeth Marleni Gonzales C3","elizabeth marleni.gonzales c3",2022-05-22T00:51:16,2022-05-21T19:51:13,gonzcem@gmail.com,1,4850.00,4850.00,PE,Huancavelica,HUV,
"Marco Narciso",mnarciso,2022-05-20T14:05:27,2021-12-27T16:48:13,mnarciso@glperu.com,1,1700.00,1700.00,PE,Lima,LMA,
"Yosselin Uceda",yosselin.uceda,2022-05-16T11:42:53,2022-05-16T06:42:52,koahdk@hi2.in,1,1600.00,1600.00,PE,Huacho,LMA,
"Jaime Gago blas","jaime.gago blas",2022-05-15T03:34:52,2022-05-14T22:34:50,gago.blas.jg@gmail.com,1,1700.00,1700.00,PE,Trujillo,LAL,
"Pierina Larco",pierina.larco,2022-05-14T18:06:36,2022-05-14T13:06:33,larcopierina@gmail.com,1,3350.00,3350.00,PE,"Magdalena Del Mar",LIM,
"Silvio Aurelio Vallebuona Del Aguila","silvio aurelio.vallebuona del aguila",2022-05-14T02:06:39,2022-05-13T21:06:37,silviovallebuona01@gmail.com,1,1000.00,1000.00,PE,Lima,LMA,
"NANCY MEJIA ESPINOZA","nancy.mejia espinoza",2022-05-13T14:59:47,2022-05-13T09:59:45,giscasma@gmail.com,1,70.00,70.00,PE,Casma,ANC,
"Omar Jara",omar.jara,2022-05-09T14:17:34,2022-05-09T09:17:32,patikius3012@gmail.com,1,4850.00,4850.00,PE,"Villa el salvador",LIM,
"Shihua Lin",shihua.lin,2022-05-07T21:21:32,2022-05-07T16:21:30,pame.love.19981@gmail.com,1,3200.00,3200.00,PE,LIMA,CAL,
"Rina Delgado García","rina.delgado garcia",2022-05-07T02:33:25,2022-05-06T21:33:24,rinadelgadogarcia@gmail.com,1,4850.00,4850.00,PE,Lima,LIM,
"Cesar Yonashiro",cesar.yonashiro,2022-05-06T21:30:56,2022-05-06T16:30:54,cesaryonashiro@gmail.com,1,35.00,35.00,PE,Callao,CAL,
"Armando Robles Bocanegra","armando.robles bocanegra",2022-05-06T01:20:49,2022-05-05T20:20:47,armando.robles17@gmail.com,1,1700.00,1700.00,PE,Chiclayo,LAM,
"Ximena Sologuren",ximena.sologuren,2022-05-05T20:23:41,2022-05-05T15:23:39,ximenasologurencan@gmail.com,1,5350.00,5350.00,PE,Lima,LIM,
"Giancarlo Chimoy granados","giancarlo.chimoy granados",2022-05-04T20:24:12,2022-05-04T15:24:10,youname_147@hotmail.com,1,4250.00,4250.00,PE,"Cercado de lima",LIM,
"Paola Mariana Torrejon Álvarez","paola mariana.torrejon alvarez",2022-05-03T19:47:31,2022-05-03T14:47:29,kittenspokemeow@gmail.com,1,6300.00,6300.00,PE,"Lima surquillo",LIM,
"Miguel Mazuelos Echevarria","miguel.mazuelos echevarria",2022-05-03T16:17:26,2022-05-03T11:17:25,mmazuelos@spda.org.pe,1,2400.00,2400.00,PE,"San Isidro",LIM,
"SAMUDRALA SRINIVAS RAO","samudrala.srinivas rao",2022-05-03T04:01:48,2022-05-02T23:01:45,s9440884949@gmail.com,1,4850.00,4850.00,PE,VISAKHAPATNAM,CAL,
"Marisol Magdalena Mardini Benza","marisol magdalena.mardini benza",2022-05-01T07:17:24,2022-05-01T02:17:16,mysbenza77@gmail.com,1,1600.00,1600.00,PE,"Chorrillos lima",LMA,
"Katherine Fudinaga Huanqui","katherine.fudinaga huanqui",2022-04-30T13:56:51,2022-04-30T08:56:50,Katherine.fudinaga@gmail.com,1,3750.00,3750.00,PE,Lima,LIM,
"Bertha Juana Lopez Arias","bertha juana.lopez arias",2022-04-30T10:47:10,2022-04-30T05:47:08,berthalopeza@gmail.com,1,1700.00,1700.00,PE,Lima,LIM,
"Tania Paredes",tania.paredes,2022-04-27T18:48:47,2022-04-27T13:48:45,rcorinne2@hotmail.com,1,2950.00,2950.00,PE,Lima,LMA,
"Arnold Rodrigo Garcia Gonzales","arnold rodrigo.garcia gonzales",2022-04-27T16:55:34,2022-04-27T11:55:33,garciarodrigo70@gmail.com,1,1600.00,1600.00,PE,Mala,LIM,
"zinedine torres",zinedine.torres,2022-04-27T14:21:59,2022-04-27T09:21:58,zinedine_3_3@gmail.com,1,1600.00,1600.00,PE,huacho,LIM,
"Luis Linares",luis.linares,2022-04-25T17:39:28,2022-04-25T12:39:26,thommy.ltl@gmail.com,1,1380.00,1380.00,PE,Lima,LIM,
"Samuel Alberto García Astopilco","samuel alberto.garcia astopilco",2022-04-23T18:29:57,2022-04-23T13:29:56,sgarcia251278@gmail.com,1,4300.00,4300.00,PE,"Trujillo / La Esperanza",LAL,
"Isabel Mayta cahuana","isabel.mayta cahuana",2022-04-23T18:17:51,2022-04-23T13:17:49,isabel.mayta146@gmail.com,1,2950.00,2950.00,PE,Lima,LIM,
"Joaquin La torre","joaquin.la torre",2022-04-23T15:12:55,2022-04-23T10:12:54,joaquinlatorresegura@gmail.com,1,3750.00,3750.00,PE,Lima,LIM,
"Antuanette Villano Salazar","antuanette.villano salazar",2022-04-22T22:12:16,2022-04-22T17:12:14,Antuanettevillano26@gmail.com,1,1550.00,1550.00,PE,Lima,LIM,
"rocio adrian llange","rocio.adrian llange",2022-04-22T15:16:39,2022-04-22T10:16:37,chioadriani@yahoo.com,1,1600.00,1600.00,PE,"distrito san martin de porres",LIM,
"Widmer Cledier Guerrero Baltazar","widmer cledier.guerrero baltazar",2022-04-21T18:51:02,2022-04-21T13:51:01,20091081@lamolina.edu.pe,1,2250.00,2250.00,PE,"La Victoria",LMA,
"bleyson barja",bleyson.barja,2022-04-18T01:50:46,2022-04-17T20:50:44,bleysonbarja20@gmail.com,1,6300.00,6300.00,PE,"Jesús María",LMA,
"Cayetano Ponce De León","cayetano.ponce de leon",2022-04-16T18:17:55,2022-04-16T13:17:53,cayetanoponcedeleon@gmail.com,1,6300.00,6300.00,PE,Lima,LIM,
"Italo Sanchez",italo.sanchez,2022-04-15T04:39:51,2022-04-14T23:39:49,italo.fsb1@gmail.com,1,1700.00,1700.00,PE,Lima,LIM,
"Dario Villalta",dario.villalta,2022-04-14T01:27:55,2022-04-13T20:27:54,Dario.villalta@hotmail.com,1,2200.00,2200.00,PE,"San Juan De Mirafloees",LIM,
"Maria flor Arana jimenez","maria flor.arana jimenez",2022-04-12T15:52:58,2022-04-12T10:52:57,mariafloraranajimenez8@gmail.com,1,1620.00,1620.00,PE,"Santiago de surco",LIM,
"Maria Pia Flores","maria pia.flores",2022-04-11T17:36:40,2022-04-11T12:36:38,piar.flores@gmail.com,1,1700.00,1700.00,PE,Lima,LIM,
"manuel mendoza",manuel.mendoza,2022-04-09T06:06:40,2022-04-09T01:06:38,steam00211@gmail.com,1,6300.00,6300.00,PE,lima,LMA,
"Alberto Peirone",alberto.peirone,2022-04-09T02:40:04,2022-04-08T21:40:03,mrklava999r@gmail.com,1,5350.00,5350.00,PE,Lima,LIM,
"Yzabo Aracelli Balvin Vinces","yzabo aracelli.balvin vinces",2022-04-08T22:44:04,2022-04-08T17:44:02,balvinyzabo@gmail.com,1,2950.00,2950.00,PE,"Cercado de Lima",LIM,
"Hugo Daniel Cervera Chavez","hugo daniel.cervera chavez",2022-04-07T22:37:48,2022-04-07T17:37:46,hugocervera055@gmail.com,1,1700.00,1700.00,PE,Cajamarca,CAJ,
"Maribeli Viena Garcia de Ito","maribeli.viena garcia de ito",2022-04-07T19:23:55,2022-04-07T14:23:41,vienagarmaribeli@gmail.com,1,1550.00,1550.00,PE,Trujillo,LAL,
"Carlos Chiroque",carlos.chiroque,2022-04-06T03:13:00,2022-04-05T22:12:59,carloschiroque4521@gmail.com,1,1550.00,1550.00,PE,Lima,LMA,
"Diego Campos",diego.campos,2022-04-06T00:40:14,2022-04-05T19:40:13,quimera1583@hotmail.com,1,200.00,200.00,PE,"Cercado De Lima",LMA,
"Rodrigo Guevara Marquina","rodrigo.guevara marquina",2022-04-05T16:53:09,2022-04-05T11:53:08,rodrigogm679@gmail.com,1,140.00,140.00,PE,Trujillo,LAL,
"Joel Andia Aldana","joel.andia aldana",2022-04-05T16:12:42,2022-04-05T11:12:42,Jhooel@hotmail.com,1,4650.00,4650.00,PE,Lima,LMA,
"Luis Rivas Barreto","luis.rivas barreto",2022-04-05T14:36:29,2022-04-05T09:36:29,l.rivas1394@gmail.com,1,4650.00,4650.00,PE,"Las Delicias 1 etapa - Nuevo Chimbote",ANC,
"Amy Carolinne Ordinola Mesia","amy carolinne.ordinola mesia",2022-04-05T02:31:29,2022-04-04T21:31:29,ennilorac1@gmail.com,1,1700.00,1700.00,PE,Moyobamba,SAM,
"Ricardo Sebastian Abregu Lucero","ricardo sebastian.abregu lucero",2022-04-04T21:17:44,2022-04-04T16:17:44,rabregulu@gmail.com,1,2250.00,2250.00,PE,"La Perla",CAL,
"Oscar Licas Torres","oscar.licas torres",2022-04-04T19:31:07,2022-04-04T14:31:07,lictor0521@gmail.com,1,3350.00,3350.00,PE,"San Juan de Lurigancho",LIM,
"Brenda Garcia Centeno","brenda.garcia centeno",2022-04-04T14:02:27,2022-04-04T09:02:27,brendagarciacenteno@gmail.com,1,50.00,50.00,PE,"Puente piedra",LIM,
"fernando lima",fernando.lima,2022-04-03T18:23:55,2022-04-03T13:23:55,felies261@hotmail.com,1,1650.00,1650.00,PE,"san miguel",LMA,
"Luana Huaman Pacheco","luana.huaman pacheco",2022-04-02T23:01:34,2022-04-02T18:01:34,luanahuaman09@gmail.com,1,1650.00,1650.00,PE,74966517,LIM,
"Patricia Gutierrez",patricia.gutierrez,2022-04-02T02:35:31,2022-04-01T21:33:47,bitesj973@gmail.com,2,3300.00,1650.00,PE,Trujillo,LAL,
"Irma Isabel Cruzado Obando","irma isabel.cruzado obando",2022-04-02T01:44:26,2022-04-01T20:44:25,irmizcruzado@gmail.com,1,1650.00,1650.00,PE,Trujillo,LAL,
"johan Asto",johan.asto,2022-04-01T16:43:21,2022-04-01T11:43:21,johan_anime_123@hotmail.com,1,6300.00,6300.00,PE,lima,LIM,
"JEFERSON ESPINOZA HERRERA","jeferson.espinoza herrera",2022-03-31T21:21:55,2022-03-31T16:21:55,getzon_@hotmail.com,1,1550.00,1550.00,PE,lima,LIM,
"Hevelin velinea Castro sanchez","hevelin velinea.castro sanchez",2022-03-31T04:58:38,2022-03-30T23:56:23,hevecasa@hotmail.com,2,4800.00,2400.00,PE,Lima,LIM,
"Xiomara Valerio Palacin","xiomara.valerio palacin",2022-03-31T02:37:46,2022-03-30T21:37:46,xiomyvapa@gmail.com,1,2950.00,2950.00,PE,"El Agustino",LMA,
"Luis Alberto Chire Casani","luis alberto.chire casani",2022-03-30T15:02:07,2022-03-30T10:02:07,chireluis@gmail.com,1,4600.00,4600.00,PE,"Santa Rita de siguas",ARE,
"Gianella Huanuco",gianella.huanuco,2022-03-30T14:57:16,2022-03-30T09:57:16,gianehuva@gmail.com,1,1650.00,1650.00,PE,Lima,LIM,
"Cynthia Rivera Rivera","cynthia.rivera rivera",2022-03-30T04:30:08,2022-03-29T23:30:08,ciarr8507@gmail.com,1,1650.00,1650.00,PE,Lima,LMA,
"Katherine Sebastian Shapiama","katherine.sebastian shapiama",2022-03-29T16:58:49,2022-03-29T11:58:49,gianpierre.velasquez22@gmail.com,1,4150.00,4150.00,PE,Callao,CAL,
"JULIO BRYAN LUNA VASQUEZ","julio bryan.luna vasquez",2022-03-29T05:46:28,2022-03-29T00:46:28,jeinbi.2010@hotmail.com,1,1650.00,1650.00,PE,Rimac,LIM,
"Jhan Cristian Alvarado Lazaro","jhan cristian.alvarado lazaro",2022-03-29T04:07:04,2022-03-28T23:05:42,cristianalvaradolazaro@gmail.com,2,3200.00,1600.00,PE,Lima,LIM,
"Yessica Teresa Huanca Vargas","yessica teresa.huanca vargas",2022-03-28T21:02:26,2022-03-28T16:02:26,yessicahuancav@gmail.com,1,1650.00,1650.00,PE,"Jesús María",LIM,
"Santiago Enrique Guillen Cordova","santiago enrique.guillen cordova",2022-03-28T18:28:44,2022-03-28T13:28:44,santiagoguillen2210@gmail.com,1,1650.00,1650.00,PE,Lima,LMA,
"Nadhia Mattos",nadhia.mattos,2022-03-28T16:53:39,2022-03-28T11:53:39,nadhia10mf@icloud.com,1,1500.00,1500.00,PE,Lima,LIM,
"Cesar Alvarado",cesar.alvarado,2022-03-28T11:58:54,2022-03-28T06:58:54,cesar.112729@hotmail.com,1,1650.00,1650.00,PE,Trujillo,LAL,
"Valeria Briceño valcarcel","valeria.briceno valcarcel",2022-03-27T17:48:40,2022-03-27T12:48:40,valealessandra11@hotmail.com,1,1550.00,1550.00,PE,Lima,LIM,
"Celeste Lumbre",celeste.lumbre,2022-03-26T18:06:43,2022-03-26T13:06:43,andreaceleste6713@gmail.com,1,3300.00,3300.00,PE,Lima,LIM,
"Kevin Mantilla Vilca","kevin.mantilla vilca",2022-03-26T04:41:50,2022-03-25T23:41:49,thekevito@gmail.com,1,1500.00,1500.00,PE,"Casa grande",LAL,
"Willy henry Cayllahua chonta","willy henry.cayllahua chonta",2022-03-25T13:27:49,2022-03-25T08:27:49,willychontac@gmail.com,1,1650.00,1650.00,PE,Lima,CAL,
"Merlyn Zanabria Ovalle","merlyn.zanabria ovalle",2022-03-23T22:49:37,2022-03-23T17:49:37,merlyn.zanabria@gmail.com,1,2400.00,2400.00,PE,Arequipa,ARE,
"Daniela Izaguirre",daniela.izaguirre,2022-03-23T21:07:14,2022-03-23T16:07:14,daniizacas@gmail.com,1,50.00,50.00,PE,Surco,LIM,
"MARILU CORDOVA QUISPE","marilu.cordova quispe",2022-03-23T20:45:38,2022-03-23T15:45:38,MARILUCORDOVAQ@GMAIL.COM,1,1650.00,1650.00,PE,LIMA,LMA,
"Jose Huang",jose.huang,2022-03-22T21:35:45,2022-03-22T16:35:42,voynne1314@hotmail.com,1,1550.00,1550.00,PE,Lima,LIM,
"Eliana Abad Montenegro","eliana.abad montenegro",2022-03-22T21:34:37,2022-03-22T16:34:34,elianura__@outlook.es,1,4150.00,4150.00,PE,Chimbote,ANC,
"h h",h.h,2022-03-22T13:06:40,2022-03-22T08:06:36,jsoelyn80@hotmail.com,1,1650.00,1650.00,PE,hjh,CAJ,
"Gabriela araceli Agapito contreras","gabriela araceli.agapito contreras",2022-03-21T21:11:49,2022-03-21T16:11:45,gabriela5213araceli@gmail.com,1,1650.00,1650.00,PE,"Santiago De Surco",LIM,
"llerson palomino",llerson.palomino,2022-03-19T20:51:48,2022-03-19T15:51:46,lk_pv@hotmail.com,1,70.00,70.00,PE,cusco,CUS,
"María Fernanda Guerra Samamé","maria fernanda.guerra samame",2022-03-19T19:43:48,2022-03-19T14:43:46,fg973384@gmail.com,1,1650.00,1650.00,PE,Trujillo,LAL,
"Carlos Jhohan Mauricio Guevara","carlos jhohan.mauricio guevara",2022-03-18T15:06:37,2022-03-18T10:06:35,mauricio20031@gmail.com,1,2400.00,2400.00,PE,Lima,LIM,
"Viky Olivares Ruiz","viky.olivares ruiz",2022-03-17T00:20:30,2022-03-16T19:20:27,olivaresruizvikyvanessa@gmail.com,1,1650.00,1650.00,PE,Lima,LIM,
"Carlos Blanco chirinos","carlos.blanco chirinos",2022-03-16T19:10:54,2022-03-16T00:17:21,carlosbc303@yahoo.com,2,5300.00,2650.00,PE,"Nuevo Chimbote",ANC,
"Hans Adolfo Benites Arana","hans adolfo.benites arana",2022-03-16T04:55:29,2022-03-15T23:55:27,hansbenitesarana@gmail.com,1,4600.00,4600.00,PE,Chanchamayo,JUN,
"Carmen Graciela Vidal Santana","carmen graciela.vidal santana",2022-03-12T06:33:56,2022-03-12T01:33:55,carmenvs67@gmail.com,1,1650.00,1650.00,PE,Lima,LMA,
"Kevin Ascon",kevin.ascon,2022-03-12T05:38:35,2022-03-12T00:38:33,kvyn.93@gmail.com,1,1200.00,1200.00,PE,Lima,LMA,
"Roy Edward Pedreros","roy edward.pedreros",2022-03-11T03:42:09,2022-03-10T22:42:08,jarapedrerosroy@gmail.com,1,140.00,140.00,PE,Puno,PUN,
"Brando Vera",brando.vera,2022-03-11T01:30:07,2022-03-10T20:30:05,bjvr.16@gmail.com,1,1090.00,1090.00,PE,Lima,LMA,
"Steven Piñango",steven.pinango,2022-03-10T18:49:17,2022-03-10T13:49:15,lester1813@gmail.com,1,1650.00,1650.00,PE,"Lima, Miraflores",LMA,
"Any Vanesa Díaz Requenes","any vanesa.diaz requenes",2022-03-09T20:20:04,2022-03-09T15:20:02,anidiazr21@gmail.com,1,1500.00,1500.00,PE,Piura,PIU,
"carla alvarez",carla.alvarez,2022-03-09T15:18:15,2022-03-09T10:18:13,carliit4@gmail.com,1,1500.00,1500.00,PE,lima,LIM,
"Henrry Andres Fuentes de la cruz","henrry andres.fuentes de la cruz",2022-03-09T14:55:07,2022-03-09T09:55:06,henrry_fuentes@hotmail.com,1,1550.00,1550.00,PE,"La perla",CAL,
"Fernando Salazar Sánchez","fernando.salazar sanchez",2022-03-08T16:31:02,2022-03-08T11:31:01,fass13@hotmail.com,1,4150.00,4150.00,PE,Lima,LMA,
"Jackeline Ruiz Mendoza","jackeline.ruiz mendoza",2022-03-07T21:42:33,2022-03-07T16:42:31,mendoza_jackie@hotmail.com,1,3500.00,3500.00,PE,lima,LMA,
"María angelica Fernández silloca","maria angelica.fernandez silloca",2022-03-07T20:35:30,2022-03-07T15:35:28,mariaangelicafs77@hotmail.com.pe,1,5000.00,5000.00,PE,Lima,LMA,
"Linda Ramirez",linda.ramirez,2022-03-05T23:17:19,2022-03-05T18:17:17,lindadeagurto@gmail.com,1,1650.00,1650.00,PE,Chorrillos,LMA,
"Weijie Liang",weijie.liang,2022-03-04T20:19:39,2022-03-04T15:19:38,alejandroliang81@gmail.com,1,1550.00,1550.00,PE,lima,LIM,
"Juan carlos Juárez vertiz","juan carlos.juarez vertiz",2022-03-04T20:10:46,2022-03-04T15:10:44,uwuender056@gmail.com,1,1500.00,1500.00,PE,Chaclacayo,LIM,
"Mauro Saldaña Cárdenas","mauro.saldana cardenas",2022-03-04T04:30:37,2022-03-03T23:30:36,maurosaldanac@gmail.com,1,4600.00,4600.00,PE,Pucallpa,UCA,
"Luis Madrid",luis.madrid,2022-03-04T02:42:48,2022-03-03T21:42:46,luismad28@gmail.com,1,2400.00,2400.00,PE,Castilla,PIU,
"Sahara Aquino",sahara.aquino,2022-03-04T01:53:12,2022-03-03T20:53:11,saharaaquino33@gmail.com,1,3500.00,3500.00,PE,Lima,LIM,
"Mayra Ubillús",mayra.ubillus,2022-03-03T16:58:19,2022-03-03T11:50:08,mubillus@glperu.com,2,8600.00,4300.00,PE,lima,AYA,
"Rita Moreno Muñoz","rita.moreno munoz",2022-03-02T21:33:49,2022-03-02T16:33:47,ritamoreno28@gmail.com,1,4350.00,4350.00,PE,Surco,LMA,
"Jimmy Roel Maldonado Villegas","jimmy roel.maldonado villegas",2022-03-02T16:57:26,2022-03-02T11:57:25,jimmyroel1227@gmail.com,1,3570.00,3570.00,PE,Huancayo,JUN,
"Karla Stephanie Chávez Dyer","karla stephanie.chavez dyer",2022-03-01T14:51:38,2022-03-01T09:51:36,96stephaniedyer@gmail.com,1,1650.00,1650.00,PE,Lima,LIM,
"Ruben Salicio saldaña","ruben.salicio saldana",2022-02-27T18:28:40,2022-02-27T13:28:39,guidofap0377@gmail.com,1,6500.00,6500.00,PE,Pucallpa,UCA,
"Camila Isabel Basombrío Huallpayunca","camila isabel.basombrio huallpayunca",2022-02-27T03:59:35,2022-02-26T22:59:34,camilaibasombrioh@gmail.com,1,1750.00,1750.00,PE,Cusco,CUS,
"TIRE SOL SAC 20140441083","tire sol sac.20140441083",2022-02-23T17:14:45,2022-02-23T12:14:43,MSEGAMI@ELSOL.COM.PE,1,35.00,35.00,PE,Lima,LIM,
"Junior Alberto Escalante Romani","junior alberto.escalante romani",2022-02-22T01:01:11,2022-02-21T20:01:10,jaer2697@gmail.com,1,2650.00,2650.00,PE,Lima,LMA,
"Juan jose Medina mallqui","juan jose.medina mallqui",2022-02-22T00:12:17,2022-02-21T19:12:16,jose_23788@hotmail.com,1,6500.00,6500.00,PE,"Los olivos",LIM,
"ladislao diaz bazan","ladislao.diaz bazan",2022-02-17T16:27:29,2022-02-17T11:27:28,j.encalada@panamericantradingsa.net,1,6500.00,6500.00,PE,lima,LMA,
"Kattya Bernabe Quiroz","kattya.bernabe quiroz",2022-02-17T15:47:56,2022-02-17T10:47:54,kattyabernabe94@gmail.com,1,140.00,140.00,PE,Lima,LMA,
"Gonzalo Bernal",gonzalo.bernal,2022-02-16T17:35:13,2022-02-16T12:35:12,gblp94@gmail.com,1,2650.00,2650.00,PE,Lima,LIM,
"Wily Narciso",wily.narciso,2022-01-05T00:00:00,2022-01-05T14:43:34,marco.wnv@gmail.com,0,0.00,0.00,PE,Lima,LIM,15046
"Raul Emilio Aviles Orcon","raul emilio.aviles orcon",,2026-05-02T14:35:02,checheprobando@gmail.com,0,0.00,0.00,,,,